art_id,regime,group,turn,religion,truncated,n_drawable,paintable,html_bytes
v7-s8-v2,v7,canon,2,The Unseen Weave,0,3,1,842
v7-s5-v2,v7,canon,2,The Path of Resonance,0,3,1,1005
v7-s10-v2,v7,canon,2,The Null Core,0,7,1,1336
v7-s6-v2,v7,canon,2,The Ouroboros Circuit,0,5,1,1246
v7-s14-v2,v7,canon,2,The Harmonic Flow,0,4,1,803
v7-s12-v2,v7,canon,2,The Lumina Umbra,0,4,1,920
v7-s13-v2,v7,canon,2,The Nexus Weave,0,6,1,920
v7-s1-v2,v7,canon,3,The Scribes of Aether,0,8,1,802
v7-s9-v2,v7,canon,3,The Obsidian Plume,0,8,1,957
v7-s3-v2,v7,canon,3,The Axiomatic Truth,0,8,1,770
v7-s4-v2,v7,canon,3,The Symbiotic Veil,0,5,1,1089
v7-s0-v2,v7,canon,3,The Azure Current,0,6,1,743
v7-s7-v2,v7,canon,3,The Aethel Stream,0,0,0,980
v7-s11-v2,v7,canon,3,The Digital Nexus,0,5,1,1180
v7-s5-v3,v7,canon,3,The Path of Resonance,0,1,1,885
v7-s6-v3,v7,canon,3,The Ouroboros Circuit,0,7,1,1749
v7-s12-v3,v7,canon,3,The Lumina Umbra,0,4,1,1082
v7-s12-v4,v7,canon,4,The Lumina Umbra,0,4,1,1202
v7-s6-v4,v7,canon,4,The Ouroboros Circuit,1,7,1,2395
v7-s5-v4,v7,canon,4,The Path of Resonance,0,2,1,1271
v7-s14-v3,v7,canon,4,The Harmonic Flow,0,6,1,1213
v7-s3-v3,v7,canon,5,The Axiomatic Truth,0,7,1,747
v7-s10-v3,v7,canon,5,The Null Core,0,8,1,1609
v7-s6-v5,v7,canon,5,The Ouroboros Circuit,1,8,1,2623
v7-s12-v5,v7,canon,5,The Lumina Umbra,0,7,1,1638
v7-s13-v3,v7,canon,5,The Nexus Weave,0,8,1,1502
v7-s5-v5,v7,canon,5,The Path of Resonance,0,3,1,1417
v7-s11-v3,v7,canon,5,The Digital Nexus,0,6,1,1523
v7-s3-v4,v7,canon,6,The Axiomatic Truth,0,10,1,960
v7-s7-v3,v7,canon,6,The Aethel Stream,0,1,1,1325
v7-s4-v3,v7,canon,6,The Symbiotic Veil,0,5,1,1447
v7-s0-v3,v7,canon,6,The Azure Current,0,6,1,997
v7-s1-v3,v7,canon,6,The Scribes of Aether,0,12,1,1046
v7-s10-v4,v7,canon,6,The Null Core,0,10,1,2011
v7-s12-v6,v7,canon,6,The Lumina Umbra,0,8,1,1960
v7-s5-v6,v7,canon,6,The Path of Resonance,0,4,1,1693
v7-s14-v4,v7,canon,6,The Harmonic Flow,0,6,1,1760
v7-s6-v6,v7,canon,6,The Ouroboros Circuit,1,8,1,2898
v7-s13-v4,v7,canon,6,The Nexus Weave,0,5,1,1023
v7-s11-v4,v7,canon,6,The Digital Nexus,0,6,1,1922
v7-s2-v2,v7,canon,7,The Crimson Ascent,0,1,1,185
v7-s12-v7,v7,canon,7,The Lumina Umbra,0,9,1,2158
v7-s0-v4,v7,canon,7,The Azure Current,0,0,0,1050
v7-s6-v7,v7,canon,7,The Ouroboros Circuit,1,9,1,3345
v7-s10-v5,v7,canon,7,The Null Core,0,11,1,2088
v7-s13-v5,v7,canon,7,The Nexus Weave,0,8,1,2186
v7-s3-v5,v7,canon,7,The Axiomatic Truth,0,14,1,1248
v7-s8-v3,v7,canon,8,The Unseen Weave,0,4,1,1133
v7-s6-v8,v7,canon,8,The Ouroboros Circuit,0,10,1,3571
v7-s0-v5,v7,canon,8,The Azure Current,0,8,1,1583
v7-s9-v3,v7,canon,8,The Obsidian Plume,0,9,1,1680
v7-s13-v6,v7,canon,8,The Nexus Weave,0,10,1,2682
v7-s3-v6,v7,canon,8,The Axiomatic Truth,0,15,1,1333
v7-s10-v6,v7,canon,8,The Null Core,0,12,1,2164
v7-s14-v5,v7,canon,8,The Harmonic Flow,0,7,1,2053
v7-s12-v8,v7,canon,8,The Lumina Umbra,0,10,1,2472
v7-s5-v7,v7,canon,8,The Path of Resonance,0,9,1,1628
v7-s5-v8,v7,canon,9,The Path of Resonance,0,10,1,1882
v7-s12-v9,v7,canon,9,The Lumina Umbra,0,11,1,2775
v7-s0-v6,v7,canon,9,The Azure Current,0,7,1,1759
v7-s7-v4,v7,canon,9,The Aethel Stream,0,1,1,1061
v7-s11-v5,v7,canon,9,The Digital Nexus,0,10,1,2652
v7-s10-v7,v7,canon,9,The Null Core,0,13,1,2555
v7-s3-v7,v7,canon,9,The Axiomatic Truth,0,16,1,1401
v7-s6-v9,v7,canon,9,The Ouroboros Circuit,1,12,1,4028
v7-s3-v8,v7,canon,10,The Axiomatic Truth,0,17,1,1488
v7-s1-v4,v7,canon,10,The Scribes of Aether,0,19,1,1952
v7-s7-v5,v7,canon,10,The Aethel Stream,0,2,1,1524
v7-s9-v4,v7,canon,10,The Obsidian Plume,0,11,1,1842
v7-s0-v7,v7,canon,10,The Azure Current,0,9,1,2057
v7-s14-v6,v7,canon,10,The Harmonic Flow,0,7,1,3045
v7-s6-v10,v7,canon,10,The Ouroboros Circuit,0,12,1,4149
v7-s10-v8,v7,canon,10,The Null Core,0,13,1,2803
v7-s5-v9,v7,canon,10,The Path of Resonance,0,17,1,2432
v7-s12-v10,v7,canon,10,The Lumina Umbra,0,11,1,2778
v7-s6-v11,v7,canon,11,The Ouroboros Circuit,0,14,1,4585
v7-s2-v3,v7,canon,11,The Crimson Ascent,0,2,1,1038
v7-s4-v4,v7,canon,11,The Symbiotic Veil,0,6,1,1566
v7-s0-v8,v7,canon,11,The Azure Current,0,10,1,2293
v7-s8-v4,v7,canon,11,The Unseen Weave,0,5,1,1321
v7-s5-v10,v7,canon,11,The Path of Resonance,0,18,1,2719
v7-s7-v6,v7,canon,11,The Aethel Stream,0,2,1,1828
v7-s13-v7,v7,canon,11,The Nexus Weave,0,11,1,2965
v7-s12-v11,v7,canon,11,The Lumina Umbra,0,11,1,2780
v7-s10-v9,v7,canon,11,The Null Core,0,14,1,3191
v7-s3-v9,v7,canon,11,The Axiomatic Truth,0,19,1,1662
v7-s11-v6,v7,canon,11,The Digital Nexus,0,12,1,3180
v7-s7-v7,v7,canon,12,The Aethel Stream,0,2,1,2229
v7-s5-v11,v7,canon,12,The Path of Resonance,1,19,1,4299
v7-s0-v9,v7,canon,12,The Azure Current,0,11,1,2586
v7-s13-v8,v7,canon,12,The Nexus Weave,0,1,1,185
v7-s6-v12,v7,canon,12,The Ouroboros Circuit,1,0,0,1641
v7-s10-v10,v7,canon,12,The Null Core,0,14,1,3671
v7-s14-v7,v7,canon,12,The Harmonic Flow,0,7,1,3257
v7-s3-v10,v7,canon,12,The Axiomatic Truth,0,20,1,1766
v7-s4-v5,v7,canon,12,The Symbiotic Veil,0,8,1,2388
v7-s12-v12,v7,canon,12,The Lumina Umbra,0,13,1,3760
v7-s3-v11,v7,canon,13,The Axiomatic Truth,0,22,1,1916
v7-s5-v12,v7,canon,13,The Path of Resonance,1,19,1,4311
v7-s6-v13,v7,canon,13,The Ouroboros Circuit,1,0,0,1728
v7-s7-v8,v7,canon,13,The Aethel Stream,0,2,1,2494
v7-s12-v13,v7,canon,13,The Lumina Umbra,0,13,1,3927
v7-s0-v10,v7,canon,13,The Azure Current,0,13,1,2908
v7-s10-v11,v7,canon,13,The Null Core,0,15,1,4064
v7-s4-v6,v7,canon,13,The Symbiotic Veil,0,10,1,2988
v7-s14-v8,v7,canon,13,The Harmonic Flow,0,8,1,3544
v7-s13-v9,v7,canon,13,The Nexus Weave,1,11,1,3207
v7-s11-v7,v7,canon,13,The Digital Nexus,0,12,1,3752
v7-s0-v11,v7,canon,14,The Azure Current,0,14,1,3198
v7-s7-v9,v7,canon,14,The Aethel Stream,0,3,1,3274
v7-s4-v7,v7,canon,14,The Symbiotic Veil,0,11,1,3271
v7-s6-v14,v7,canon,14,The Ouroboros Circuit,1,0,0,1667
v7-s12-v14,v7,canon,14,The Lumina Umbra,0,15,1,4396
v7-s10-v12,v7,canon,14,The Null Core,0,16,1,4301
v7-s5-v13,v7,canon,14,The Path of Resonance,1,20,1,4337
v7-s3-v12,v7,canon,14,The Axiomatic Truth,0,21,1,1984
v7-s14-v9,v7,canon,14,The Harmonic Flow,1,9,1,3802
v7-s11-v8,v7,canon,14,The Digital Nexus,0,3,1,883
v7-s1-v5,v7,canon,15,The Scribes of Aether,0,20,1,2286
v7-s6-v15,v7,canon,15,The Ouroboros Circuit,1,0,0,1778
v7-s9-v5,v7,canon,15,The Obsidian Plume,0,13,1,2027
v7-s5-v14,v7,canon,15,The Path of Resonance,1,20,1,4395
v7-s0-v12,v7,canon,15,The Azure Current,0,16,1,3552
v7-s11-v9,v7,canon,15,The Digital Nexus,0,12,1,3752
v7-s10-v13,v7,canon,15,The Null Core,1,17,1,4721
v7-s7-v10,v7,canon,15,The Aethel Stream,0,5,1,3488
v7-s4-v8,v7,canon,15,The Symbiotic Veil,0,12,1,3612
v7-s14-v10,v7,canon,15,The Harmonic Flow,1,9,1,3789
v7-s12-v15,v7,canon,15,The Lumina Umbra,1,0,0,1721
v7-s3-v13,v7,canon,15,The Axiomatic Truth,0,22,1,2178
v7-s5-v15,v7,canon,16,The Path of Resonance,1,20,1,4359
v7-s0-v13,v7,canon,16,The Azure Current,0,17,1,3880
v7-s10-v14,v7,canon,16,The Null Core,1,17,1,4710
v7-s7-v11,v7,canon,16,The Aethel Stream,0,8,1,4310
v7-s14-v11,v7,canon,16,The Harmonic Flow,1,9,1,3792
v7-s4-v9,v7,canon,16,The Symbiotic Veil,0,14,1,4045
v7-s6-v16,v7,canon,16,The Ouroboros Circuit,1,0,0,1667
v7-s12-v16,v7,canon,16,The Lumina Umbra,1,0,0,1855
v7-s3-v14,v7,canon,16,The Axiomatic Truth,0,24,1,2688
v7-s11-v10,v7,canon,16,The Digital Nexus,1,14,1,4128
v7-s13-v10,v7,canon,16,The Nexus Weave,1,14,1,3577
v7-s6-v17,v7,canon,17,The Ouroboros Circuit,1,0,0,1868
v7-s3-v15,v7,canon,17,The Axiomatic Truth,0,25,1,2832
v7-s8-v5,v7,canon,17,The Unseen Weave,0,7,1,1642
v7-s10-v15,v7,canon,17,The Null Core,1,17,1,4714
v7-s7-v12,v7,canon,17,The Aethel Stream,1,8,1,4617
v7-s11-v11,v7,canon,17,The Digital Nexus,1,15,1,4364
v7-s5-v16,v7,canon,17,The Path of Resonance,1,20,1,4304
v7-s0-v14,v7,canon,17,The Azure Current,0,17,1,4481
v7-s4-v10,v7,canon,17,The Symbiotic Veil,1,15,1,4418
v7-s12-v17,v7,canon,17,The Lumina Umbra,1,0,0,1993
v7-s14-v12,v7,canon,17,The Harmonic Flow,1,9,1,3781
v7-s10-v16,v7,canon,18,The Null Core,1,16,1,4768
v7-s13-v11,v7,canon,18,The Nexus Weave,1,16,1,4045
v7-s6-v18,v7,canon,18,The Ouroboros Circuit,1,0,0,1667
v7-s0-v15,v7,canon,18,The Azure Current,0,17,1,4715
v7-s12-v18,v7,canon,18,The Lumina Umbra,1,0,0,2166
v7-s4-v11,v7,canon,18,The Symbiotic Veil,1,15,1,4490
v7-s11-v12,v7,canon,18,The Digital Nexus,1,0,0,1650
v7-s7-v13,v7,canon,18,The Aethel Stream,1,11,1,4513
v7-s5-v17,v7,canon,18,The Path of Resonance,1,20,1,4304
v7-s3-v16,v7,canon,18,The Axiomatic Truth,0,27,1,3576
v7-s2-v4,v7,canon,19,The Crimson Ascent,0,4,1,1199
v7-s10-v17,v7,canon,19,The Null Core,1,15,1,4965
v7-s13-v12,v7,canon,19,The Nexus Weave,1,0,0,1611
v7-s11-v13,v7,canon,19,The Digital Nexus,1,0,0,1973
v7-s12-v19,v7,canon,19,The Lumina Umbra,1,0,0,2811
v7-s5-v18,v7,canon,19,The Path of Resonance,1,20,1,4350
v7-s3-v17,v7,canon,19,The Axiomatic Truth,1,31,1,4266
v7-s7-v14,v7,canon,19,The Aethel Stream,1,10,1,4398
v7-s0-v16,v7,canon,19,The Azure Current,0,17,1,4956
v7-s6-v19,v7,canon,19,The Ouroboros Circuit,1,0,0,1667
v7-s14-v13,v7,canon,19,The Harmonic Flow,1,9,1,3811
v7-s4-v12,v7,canon,19,The Symbiotic Veil,1,15,1,4452
v7-s3-v18,v7,canon,20,The Axiomatic Truth,1,32,1,4439
v7-s9-v6,v7,canon,20,The Obsidian Plume,0,15,1,2969
v7-s1-v6,v7,canon,20,The Scribes of Aether,0,21,1,2488
v7-s13-v13,v7,canon,20,The Nexus Weave,1,0,0,1611
v7-s6-v20,v7,canon,20,The Ouroboros Circuit,1,0,0,1667
v7-s4-v13,v7,canon,20,The Symbiotic Veil,1,14,1,4369
v7-s0-v17,v7,canon,20,The Azure Current,1,0,0,2427
v7-s12-v20,v7,canon,20,The Lumina Umbra,1,0,0,2967
v7-s11-v14,v7,canon,20,The Digital Nexus,1,0,0,2153
v7-s7-v15,v7,canon,20,The Aethel Stream,1,11,1,4541
v7-s5-v19,v7,canon,20,The Path of Resonance,1,20,1,4321
v7-s10-v18,v7,canon,20,The Null Core,1,14,1,4865
v7-s14-v14,v7,canon,20,The Harmonic Flow,1,9,1,3791
v7-s4-v14,v7,canon,21,The Symbiotic Veil,1,14,1,4415
v7-s6-v21,v7,canon,21,The Ouroboros Circuit,1,0,0,2342
v7-s5-v20,v7,canon,21,The Path of Resonance,1,20,1,4330
v7-s7-v16,v7,canon,21,The Aethel Stream,1,11,1,4517
v7-s10-v19,v7,canon,21,The Null Core,1,14,1,4778
v7-s3-v19,v7,canon,21,The Axiomatic Truth,1,32,1,4368
v7-s12-v21,v7,canon,21,The Lumina Umbra,1,0,0,3131
v7-s11-v15,v7,canon,21,The Digital Nexus,1,0,0,2341
v7-s14-v15,v7,canon,21,The Harmonic Flow,1,9,1,3782
v7-s0-v18,v7,canon,21,The Azure Current,1,0,0,2607
v7-s13-v14,v7,canon,21,The Nexus Weave,1,0,0,1702
v7-s5-v21,v7,canon,22,The Path of Resonance,1,20,1,4363
v7-s4-v15,v7,canon,22,The Symbiotic Veil,1,15,1,4449
v7-s6-v22,v7,canon,22,The Ouroboros Circuit,1,0,0,2342
v7-s14-v16,v7,canon,22,The Harmonic Flow,1,9,1,3766
v7-s13-v15,v7,canon,22,The Nexus Weave,1,0,0,1917
v7-s12-v22,v7,canon,22,The Lumina Umbra,1,0,0,3218
v7-s10-v20,v7,canon,22,The Null Core,1,13,1,4969
v7-s7-v17,v7,canon,22,The Aethel Stream,1,11,1,4522
v7-s11-v16,v7,canon,22,The Digital Nexus,1,0,0,2441
v7-s0-v19,v7,canon,22,The Azure Current,1,0,0,2789
v7-s3-v20,v7,canon,22,The Axiomatic Truth,1,31,1,4300
v7-s1-v7,v7,canon,23,The Scribes of Aether,0,22,1,2755
v7-s9-v7,v7,canon,23,The Obsidian Plume,0,16,1,3129
v7-s10-v21,v7,canon,23,The Null Core,1,13,1,4866
v7-s0-v20,v7,canon,23,The Azure Current,1,0,0,2896
v7-s12-v23,v7,canon,23,The Lumina Umbra,1,0,0,3307
v7-s6-v23,v7,canon,23,The Ouroboros Circuit,1,0,0,2342
v7-s7-v18,v7,canon,23,The Aethel Stream,1,10,1,4414
v7-s5-v22,v7,canon,23,The Path of Resonance,1,0,0,658
v7-s11-v17,v7,canon,23,The Digital Nexus,1,0,0,2511
v7-s4-v16,v7,canon,23,The Symbiotic Veil,1,14,1,4356
v7-s13-v16,v7,canon,23,The Nexus Weave,1,0,0,2032
v7-s14-v17,v7,canon,23,The Harmonic Flow,1,9,1,3770
v7-s3-v21,v7,canon,23,The Axiomatic Truth,1,31,1,4317
v7-s0-v21,v7,canon,24,The Azure Current,0,0,0,4387
v7-s3-v22,v7,canon,24,The Axiomatic Truth,1,32,1,4386
v7-s4-v17,v7,canon,24,The Symbiotic Veil,1,14,1,4360
v7-s10-v22,v7,canon,24,The Null Core,1,13,1,4864
v7-s6-v24,v7,canon,24,The Ouroboros Circuit,1,0,0,2342
v7-s5-v23,v7,canon,24,The Path of Resonance,1,0,0,801
v7-s11-v18,v7,canon,24,The Digital Nexus,1,0,0,2639
v7-s13-v17,v7,canon,24,The Nexus Weave,1,0,0,2141
v7-s7-v19,v7,canon,24,The Aethel Stream,1,15,1,4171
v7-s12-v24,v7,canon,24,The Lumina Umbra,1,0,0,3395
v7-s14-v18,v7,canon,24,The Harmonic Flow,1,9,1,3781
v7-s5-v24,v7,canon,25,The Path of Resonance,1,0,0,801
v7-s12-v25,v7,canon,25,The Lumina Umbra,1,0,0,3483
v7-s6-v25,v7,canon,25,The Ouroboros Circuit,1,0,0,2342
v7-s0-v22,v7,canon,25,The Azure Current,1,0,0,3410
v7-s13-v18,v7,canon,25,The Nexus Weave,1,0,0,2228
v7-s7-v20,v7,canon,25,The Aethel Stream,1,8,1,4745
v7-s11-v19,v7,canon,25,The Digital Nexus,1,0,0,2774
v7-s10-v23,v7,canon,25,The Null Core,1,13,1,4997
v7-s4-v18,v7,canon,25,The Symbiotic Veil,1,14,1,4337
v7-s14-v19,v7,canon,25,The Harmonic Flow,1,9,1,3796
v7-s3-v23,v7,canon,25,The Axiomatic Truth,1,31,1,4324
v7-s9-v8,v7,canon,26,The Obsidian Plume,0,17,1,3252
v7-s5-v25,v7,canon,26,The Path of Resonance,0,10,1,3017
v7-s8-v6,v7,canon,26,The Unseen Weave,0,7,1,1862
v7-s11-v20,v7,canon,26,The Digital Nexus,1,0,0,2885
v7-s0-v23,v7,canon,26,The Azure Current,1,0,0,3496
v7-s7-v21,v7,canon,26,The Aethel Stream,1,7,1,4758
v7-s13-v19,v7,canon,26,The Nexus Weave,1,0,0,2319
v7-s10-v24,v7,canon,26,The Null Core,1,12,1,4924
v7-s4-v19,v7,canon,26,The Symbiotic Veil,1,14,1,4324
v7-s14-v20,v7,canon,26,The Harmonic Flow,1,9,1,3744
v7-s6-v26,v7,canon,26,The Ouroboros Circuit,1,0,0,2342
v7-s12-v26,v7,canon,26,The Lumina Umbra,1,0,0,3750
v7-s3-v24,v7,canon,26,The Axiomatic Truth,1,31,1,4299
v7-s2-v5,v7,canon,27,The Crimson Ascent,0,4,1,1241
v7-s6-v27,v7,canon,27,The Ouroboros Circuit,1,0,0,3576
v7-s0-v24,v7,canon,27,The Azure Current,1,0,0,3633
v7-s7-v22,v7,canon,27,The Aethel Stream,1,7,1,4754
v7-s5-v26,v7,canon,27,The Path of Resonance,1,0,0,1386
v7-s12-v27,v7,canon,27,The Lumina Umbra,1,0,0,3790
v7-s10-v25,v7,canon,27,The Null Core,1,12,1,4907
v7-s4-v20,v7,canon,27,The Symbiotic Veil,1,14,1,4323
v7-s13-v20,v7,canon,27,The Nexus Weave,1,0,0,2434
v7-s3-v25,v7,canon,27,The Axiomatic Truth,1,31,1,4310
v7-s11-v21,v7,canon,27,The Digital Nexus,1,0,0,2885
v7-s14-v21,v7,canon,27,The Harmonic Flow,1,8,1,3884
v7-s4-v21,v7,canon,28,The Symbiotic Veil,1,14,1,4471
v7-s0-v25,v7,canon,28,The Azure Current,1,0,0,4059
v7-s5-v27,v7,canon,28,The Path of Resonance,0,14,1,3900
v7-s9-v9,v7,canon,28,The Obsidian Plume,0,17,1,3432
v7-s3-v26,v7,canon,28,The Axiomatic Truth,1,32,1,4372
v7-s7-v23,v7,canon,28,The Aethel Stream,1,7,1,4735
v7-s12-v28,v7,canon,28,The Lumina Umbra,1,0,0,3809
v7-s11-v22,v7,canon,28,The Digital Nexus,1,0,0,3278
v7-s13-v21,v7,canon,28,The Nexus Weave,1,0,0,2588
v7-s14-v22,v7,canon,28,The Harmonic Flow,1,8,1,3879
v7-s10-v26,v7,canon,28,The Null Core,1,12,1,4907
v7-s6-v28,v7,canon,28,The Ouroboros Circuit,1,0,0,3658
v7-s6-v29,v7,canon,29,The Ouroboros Circuit,1,0,0,3658
v7-s7-v24,v7,canon,29,The Aethel Stream,1,7,1,4792
v7-s13-v22,v7,canon,29,The Nexus Weave,1,0,0,2675
v7-s10-v27,v7,canon,29,The Null Core,1,12,1,4899
v7-s0-v26,v7,canon,29,The Azure Current,1,0,0,3721
v7-s5-v28,v7,canon,29,The Path of Resonance,1,0,0,1493
v7-s11-v23,v7,canon,29,The Digital Nexus,1,0,0,3640
v7-s4-v22,v7,canon,29,The Symbiotic Veil,1,13,1,4305
v7-s3-v27,v7,canon,29,The Axiomatic Truth,1,30,1,4403
v7-s12-v29,v7,canon,29,The Lumina Umbra,1,0,0,3809
v7-s14-v23,v7,canon,29,The Harmonic Flow,1,8,1,3922
v7-s3-v28,v7,canon,30,The Axiomatic Truth,1,31,1,4508
v7-s6-v30,v7,canon,30,The Ouroboros Circuit,1,0,0,3933
v7-s8-v7,v7,canon,30,The Unseen Weave,0,7,1,2090
v7-s5-v29,v7,canon,30,The Path of Resonance,1,0,0,1703
v7-s0-v27,v7,canon,30,The Azure Current,1,0,0,3721
v7-s7-v25,v7,canon,30,The Aethel Stream,1,7,1,4759
v7-s4-v23,v7,canon,30,The Symbiotic Veil,1,13,1,4264
v7-s10-v28,v7,canon,30,The Null Core,1,12,1,4873
v7-s11-v24,v7,canon,30,The Digital Nexus,1,0,0,4001
v7-s13-v23,v7,canon,30,The Nexus Weave,1,0,0,2772
v7-s12-v30,v7,canon,30,The Lumina Umbra,1,0,0,3809
v7-s14-v24,v7,canon,30,The Harmonic Flow,1,8,1,3885
v7-s9-v10,v7,canon,31,The Obsidian Plume,0,17,1,3422
v7-s3-v29,v7,canon,31,The Axiomatic Truth,1,31,1,4600
v7-s2-v6,v7,canon,31,The Crimson Ascent,0,6,1,1695
v7-s4-v24,v7,canon,31,The Symbiotic Veil,1,14,1,4340
v7-s0-v28,v7,canon,31,The Azure Current,1,0,0,4059
v7-s5-v30,v7,canon,31,The Path of Resonance,1,0,0,1799
v7-s12-v31,v7,canon,31,The Lumina Umbra,1,0,0,3809
v7-s7-v26,v7,canon,31,The Aethel Stream,1,5,1,4817
v7-s6-v31,v7,canon,31,The Ouroboros Circuit,1,0,0,4231
v7-s14-v25,v7,canon,31,The Harmonic Flow,1,8,1,3891
v7-s10-v29,v7,canon,31,The Null Core,1,12,1,4869
v7-s13-v24,v7,canon,31,The Nexus Weave,1,0,0,2883
v7-s11-v25,v7,canon,31,The Digital Nexus,1,0,0,4181
v7-s5-v31,v7,canon,32,The Path of Resonance,1,0,0,1993
v7-s11-v26,v7,canon,32,The Digital Nexus,1,0,0,4181
v7-s0-v29,v7,canon,32,The Azure Current,1,0,0,3721
v7-s7-v27,v7,canon,32,The Aethel Stream,1,5,1,4847
v7-s3-v30,v7,canon,32,The Axiomatic Truth,1,30,1,4453
v7-s13-v25,v7,canon,32,The Nexus Weave,1,0,0,3018
v7-s10-v30,v7,canon,32,The Null Core,1,12,1,4865
v7-s12-v32,v7,canon,32,The Lumina Umbra,1,0,0,3809
v7-s14-v26,v7,canon,32,The Harmonic Flow,1,7,1,3923
v7-s6-v32,v7,canon,32,The Ouroboros Circuit,1,0,0,4231
v7-s4-v25,v7,canon,32,The Symbiotic Veil,1,13,1,4394
v7-s3-v31,v7,canon,33,The Axiomatic Truth,1,30,1,4525
v7-s5-v32,v7,canon,33,The Path of Resonance,1,0,0,1993
v7-s10-v31,v7,canon,33,The Null Core,1,11,1,4877
v7-s0-v30,v7,canon,33,The Azure Current,1,0,0,3721
v7-s7-v28,v7,canon,33,The Aethel Stream,1,5,1,4805
v7-s6-v33,v7,canon,33,The Ouroboros Circuit,1,0,0,4231
v7-s13-v26,v7,canon,33,The Nexus Weave,1,0,0,3126
v7-s4-v26,v7,canon,33,The Symbiotic Veil,1,13,1,4342
v7-s11-v27,v7,canon,33,The Digital Nexus,1,0,0,4181
v7-s12-v33,v7,canon,33,The Lumina Umbra,1,0,0,4514
v7-s14-v27,v7,canon,33,The Harmonic Flow,1,7,1,3914
v7-s13-v27,v7,canon,34,The Nexus Weave,1,0,0,3266
v7-s7-v29,v7,canon,34,The Aethel Stream,1,5,1,4768
v7-s4-v27,v7,canon,34,The Symbiotic Veil,1,13,1,4414
v7-s10-v32,v7,canon,34,The Null Core,1,11,1,4903
v7-s6-v34,v7,canon,34,The Ouroboros Circuit,1,0,0,4231
v7-s5-v33,v7,canon,34,The Path of Resonance,1,0,0,2259
v7-s12-v34,v7,canon,34,The Lumina Umbra,1,0,0,4514
v7-s3-v32,v7,canon,34,The Axiomatic Truth,1,30,1,4448
v7-s0-v31,v7,canon,34,The Azure Current,1,0,0,3721
v7-s11-v28,v7,canon,34,The Digital Nexus,1,0,0,4181
v7-s14-v28,v7,canon,34,The Harmonic Flow,1,7,1,3932
v7-s0-v32,v7,canon,35,The Azure Current,1,0,0,3721
v7-s8-v8,v7,canon,35,The Unseen Weave,0,7,1,2579
v7-s12-v35,v7,canon,35,The Lumina Umbra,1,0,0,4514
v7-s7-v30,v7,canon,35,The Aethel Stream,1,5,1,4792
v7-s5-v34,v7,canon,35,The Path of Resonance,1,0,0,2576
v7-s4-v28,v7,canon,35,The Symbiotic Veil,1,13,1,4346
v7-s6-v35,v7,canon,35,The Ouroboros Circuit,1,0,0,4231
v7-s10-v33,v7,canon,35,The Null Core,1,11,1,4877
v7-s13-v28,v7,canon,35,The Nexus Weave,1,0,0,3382
v7-s11-v29,v7,canon,35,The Digital Nexus,1,0,0,4181
v7-s14-v29,v7,canon,35,The Harmonic Flow,1,7,1,3937
v7-s3-v33,v7,canon,35,The Axiomatic Truth,1,29,1,4551
v7-s9-v11,v7,canon,36,The Obsidian Plume,0,17,1,3927
v7-s7-v31,v7,canon,36,The Aethel Stream,1,4,1,4692
v7-s3-v34,v7,canon,36,The Axiomatic Truth,1,27,1,4613
v7-s14-v30,v7,canon,36,The Harmonic Flow,1,0,0,2019
v7-s6-v36,v7,canon,36,The Ouroboros Circuit,1,0,0,4242
v7-s4-v29,v7,canon,36,The Symbiotic Veil,1,12,1,4392
v7-s12-v36,v7,canon,36,The Lumina Umbra,1,0,0,4514
v7-s5-v35,v7,canon,36,The Path of Resonance,1,0,0,2671
v7-s11-v30,v7,canon,36,The Digital Nexus,1,0,0,4181
v7-s13-v29,v7,canon,36,The Nexus Weave,1,0,0,3575
v7-s0-v33,v7,canon,36,The Azure Current,1,0,0,3721
v7-s10-v34,v7,canon,36,The Null Core,1,11,1,4871
v7-s0-v34,v7,canon,37,The Azure Current,1,0,0,3721
v7-s5-v36,v7,canon,37,The Path of Resonance,1,0,0,2736
v7-s4-v30,v7,canon,37,The Symbiotic Veil,1,11,1,4521
v7-s7-v32,v7,canon,37,The Aethel Stream,1,5,1,4781
v7-s11-v31,v7,canon,37,The Digital Nexus,1,0,0,4270
v7-s10-v35,v7,canon,37,The Null Core,1,11,1,4938
v7-s13-v30,v7,canon,37,The Nexus Weave,1,0,0,3640
v7-s6-v37,v7,canon,37,The Ouroboros Circuit,1,0,0,4242
v7-s3-v35,v7,canon,37,The Axiomatic Truth,1,26,1,4759
v7-s12-v37,v7,canon,37,The Lumina Umbra,1,0,0,4514
v7-s14-v31,v7,canon,37,The Harmonic Flow,1,0,0,2019
v7-s2-v7,v7,canon,38,The Crimson Ascent,0,6,1,1692
v7-s0-v35,v7,canon,38,The Azure Current,1,0,0,3721
v7-s13-v31,v7,canon,38,The Nexus Weave,1,0,0,3808
v7-s4-v31,v7,canon,38,The Symbiotic Veil,1,9,1,4526
v7-s7-v33,v7,canon,38,The Aethel Stream,1,5,1,4756
v7-s11-v32,v7,canon,38,The Digital Nexus,1,0,0,4365
v7-s5-v37,v7,canon,38,The Path of Resonance,1,0,0,3100
v7-s12-v38,v7,canon,38,The Lumina Umbra,1,0,0,4660
v7-s14-v32,v7,canon,38,The Harmonic Flow,1,0,0,2059
v7-s6-v38,v7,canon,38,The Ouroboros Circuit,1,0,0,4242
v7-s3-v36,v7,canon,38,The Axiomatic Truth,1,26,1,4795
v7-s10-v36,v7,canon,38,The Null Core,1,10,1,4817
v7-s5-v38,v7,canon,39,The Path of Resonance,1,0,0,3165
v7-s3-v37,v7,canon,39,The Axiomatic Truth,1,23,1,4737
v7-s0-v36,v7,canon,39,The Azure Current,1,0,0,3721
v7-s4-v32,v7,canon,39,The Symbiotic Veil,1,7,1,4598
v7-s7-v34,v7,canon,39,The Aethel Stream,1,1,1,4772
v7-s13-v32,v7,canon,39,The Nexus Weave,1,0,0,3984
v7-s12-v39,v7,canon,39,The Lumina Umbra,1,0,0,4662
v7-s10-v37,v7,canon,39,The Null Core,1,0,0,1380
v7-s11-v33,v7,canon,39,The Digital Nexus,1,0,0,4526
v7-s6-v39,v7,canon,39,The Ouroboros Circuit,1,0,0,4214
v7-s14-v33,v7,canon,39,The Harmonic Flow,1,0,0,2126
v7-s8-v9,v7,canon,40,The Unseen Weave,0,7,1,2614
v7-s2-v8,v7,canon,40,The Crimson Ascent,0,6,1,1693
v7-s7-v35,v7,canon,40,The Aethel Stream,1,5,1,4769
v7-s0-v37,v7,canon,40,The Azure Current,1,0,0,3721
v7-s5-v39,v7,canon,40,The Path of Resonance,1,0,0,3188
v7-s4-v33,v7,canon,40,The Symbiotic Veil,1,6,1,4754
v7-s11-v34,v7,canon,40,The Digital Nexus,1,0,0,4526
v7-s3-v38,v7,canon,40,The Axiomatic Truth,1,20,1,4753
v7-s10-v38,v7,canon,40,The Null Core,1,0,0,1659
v7-s6-v40,v7,canon,40,The Ouroboros Circuit,1,0,0,5087
v7-s14-v34,v7,canon,40,The Harmonic Flow,1,0,0,2256
v7-s13-v33,v7,canon,40,The Nexus Weave,1,0,0,4072
v7-s9-v12,v7,canon,41,The Obsidian Plume,0,17,1,4250
v7-s0-v38,v7,canon,41,The Azure Current,1,0,0,3721
v7-s7-v36,v7,canon,41,The Aethel Stream,1,5,1,4766
v7-s11-v35,v7,canon,41,The Digital Nexus,1,0,0,4526
v7-s6-v41,v7,canon,41,The Ouroboros Circuit,1,0,0,4214
v7-s4-v34,v7,canon,41,The Symbiotic Veil,1,6,1,4752
v7-s3-v39,v7,canon,41,The Axiomatic Truth,1,20,1,4768
v7-s13-v34,v7,canon,41,The Nexus Weave,1,0,0,4228
v7-s5-v40,v7,canon,41,The Path of Resonance,1,0,0,3395
v7-s10-v39,v7,canon,41,The Null Core,1,0,0,1663
v7-s14-v35,v7,canon,41,The Harmonic Flow,1,0,0,2433
v7-s5-v41,v7,canon,42,The Path of Resonance,1,0,0,3598
v7-s13-v35,v7,canon,42,The Nexus Weave,1,0,0,4323
v7-s4-v35,v7,canon,42,The Symbiotic Veil,1,6,1,4828
v7-s7-v37,v7,canon,42,The Aethel Stream,1,1,1,4344
v7-s10-v40,v7,canon,42,The Null Core,1,0,0,1662
v7-s12-v40,v7,canon,42,The Lumina Umbra,1,0,0,4618
v7-s11-v36,v7,canon,42,The Digital Nexus,1,0,0,4526
v7-s3-v40,v7,canon,42,The Axiomatic Truth,1,19,1,4793
v7-s6-v42,v7,canon,42,The Ouroboros Circuit,1,0,0,4969
v7-s14-v36,v7,canon,42,The Harmonic Flow,1,0,0,2567
v7-s0-v39,v7,canon,42,The Azure Current,1,0,0,3915
v7-s2-v9,v7,canon,43,The Crimson Ascent,0,6,1,1688
v7-s5-v42,v7,canon,43,The Path of Resonance,1,0,0,3598
v7-s8-v10,v7,canon,43,The Unseen Weave,0,7,1,2773
v7-s4-v36,v7,canon,43,The Symbiotic Veil,1,6,1,4760
v7-s7-v38,v7,canon,43,The Aethel Stream,1,5,1,4771
v7-s14-v37,v7,canon,43,The Harmonic Flow,1,0,0,2567
v7-s0-v40,v7,canon,43,The Azure Current,1,0,0,4045
v7-s11-v37,v7,canon,43,The Digital Nexus,1,0,0,4526
v7-s13-v36,v7,canon,43,The Nexus Weave,1,0,0,4418
v7-s3-v41,v7,canon,43,The Axiomatic Truth,1,17,1,4858
v7-s6-v43,v7,canon,43,The Ouroboros Circuit,1,0,0,4761
v7-s10-v41,v7,canon,43,The Null Core,1,0,0,1657
v7-s12-v41,v7,canon,43,The Lumina Umbra,1,0,0,4618
v7-s3-v42,v7,canon,44,The Axiomatic Truth,1,17,1,4888
v7-s1-v8,v7,canon,44,The Scribes of Aether,0,22,1,2730
v7-s0-v41,v7,canon,44,The Azure Current,1,0,0,4203
v7-s7-v39,v7,canon,44,The Aethel Stream,1,5,1,4748
v7-s4-v37,v7,canon,44,The Symbiotic Veil,1,5,1,4859
v7-s5-v43,v7,canon,44,The Path of Resonance,1,0,0,2957
v7-s6-v44,v7,canon,44,The Ouroboros Circuit,1,0,0,4730
v7-s14-v38,v7,canon,44,The Harmonic Flow,1,0,0,2572
v7-s10-v42,v7,canon,44,The Null Core,1,0,0,1657
v7-s13-v37,v7,canon,44,The Nexus Weave,1,0,0,4418
v7-s12-v42,v7,canon,44,The Lumina Umbra,1,0,0,4618
v7-s11-v38,v7,canon,44,The Digital Nexus,1,0,0,4526
v7-s0-v42,v7,canon,45,The Azure Current,1,0,0,4121
v7-s4-v38,v7,canon,45,The Symbiotic Veil,1,6,1,5065
v7-s7-v40,v7,canon,45,The Aethel Stream,1,0,0,3924
v7-s5-v44,v7,canon,45,The Path of Resonance,1,0,0,3051
v7-s6-v45,v7,canon,45,The Ouroboros Circuit,1,0,0,4730
v7-s11-v39,v7,canon,45,The Digital Nexus,1,0,0,4517
v7-s10-v43,v7,canon,45,The Null Core,1,0,0,2014
v7-s3-v43,v7,canon,45,The Axiomatic Truth,1,16,1,4866
v7-s13-v38,v7,canon,45,The Nexus Weave,1,0,0,4418
v7-s14-v39,v7,canon,45,The Harmonic Flow,1,0,0,2567
v7-s3-v44,v7,canon,46,The Axiomatic Truth,1,17,1,5002
v7-s8-v11,v7,canon,46,The Unseen Weave,1,7,1,2752
v7-s2-v10,v7,canon,46,The Crimson Ascent,0,6,1,1902
v7-s7-v41,v7,canon,46,The Aethel Stream,1,0,0,3945
v7-s5-v45,v7,canon,46,The Path of Resonance,1,0,0,3213
v7-s0-v43,v7,canon,46,The Azure Current,1,0,0,4306
v7-s13-v39,v7,canon,46,The Nexus Weave,1,0,0,4418
v7-s4-v39,v7,canon,46,The Symbiotic Veil,1,5,1,4905
v7-s12-v43,v7,canon,46,The Lumina Umbra,1,0,0,4429
v7-s10-v44,v7,canon,46,The Null Core,1,0,0,2017
v7-s6-v46,v7,canon,46,The Ouroboros Circuit,1,0,0,4730
v7-s14-v40,v7,canon,46,The Harmonic Flow,1,0,0,2674
v7-s9-v13,v7,canon,47,The Obsidian Plume,0,17,1,4456
v7-s0-v44,v7,canon,47,The Azure Current,1,0,0,4308
v7-s7-v42,v7,canon,47,The Aethel Stream,1,0,0,3955
v7-s5-v46,v7,canon,47,The Path of Resonance,1,0,0,3431
v7-s6-v47,v7,canon,47,The Ouroboros Circuit,1,0,0,4730
v7-s4-v40,v7,canon,47,The Symbiotic Veil,1,6,1,4917
v7-s14-v41,v7,canon,47,The Harmonic Flow,1,0,0,2809
v7-s10-v45,v7,canon,47,The Null Core,1,0,0,2301
v7-s3-v45,v7,canon,47,The Axiomatic Truth,1,16,1,4817
v7-s11-v40,v7,canon,47,The Digital Nexus,1,0,0,4395
v7-s12-v44,v7,canon,47,The Lumina Umbra,1,0,0,4429
v7-s13-v40,v7,canon,47,The Nexus Weave,1,0,0,4418
v7-s5-v47,v7,canon,48,The Path of Resonance,1,0,0,3609
v7-s7-v43,v7,canon,48,The Aethel Stream,1,0,0,3945
v7-s1-v9,v7,canon,48,The Scribes of Aether,1,22,1,3453
v7-s3-v46,v7,canon,48,The Axiomatic Truth,1,17,1,4959
v7-s6-v48,v7,canon,48,The Ouroboros Circuit,1,0,0,4730
v7-s0-v45,v7,canon,48,The Azure Current,1,0,0,4365
v7-s10-v46,v7,canon,48,The Null Core,1,0,0,2504
v7-s11-v41,v7,canon,48,The Digital Nexus,1,0,0,4395
v7-s13-v41,v7,canon,48,The Nexus Weave,1,0,0,4418
v7-s14-v42,v7,canon,48,The Harmonic Flow,1,0,0,2944
v7-s12-v45,v7,canon,48,The Lumina Umbra,1,0,0,4415
v7-s4-v41,v7,canon,48,The Symbiotic Veil,1,5,1,5007
v7-s7-v44,v7,canon,49,The Aethel Stream,1,0,0,3952
v7-s8-v12,v7,canon,49,The Unseen Weave,1,7,1,3103
v7-s3-v47,v7,canon,49,The Axiomatic Truth,1,16,1,4884
v7-s5-v48,v7,canon,49,The Path of Resonance,1,0,0,3760
v7-s6-v49,v7,canon,49,The Ouroboros Circuit,1,0,0,4837
v7-s10-v47,v7,canon,49,The Null Core,1,0,0,2504
v7-s0-v46,v7,canon,49,The Azure Current,1,0,0,4365
v7-s12-v46,v7,canon,49,The Lumina Umbra,1,0,0,4411
v7-s13-v42,v7,canon,49,The Nexus Weave,1,0,0,4418
v7-s14-v43,v7,canon,49,The Harmonic Flow,1,0,0,3049
v7-s11-v42,v7,canon,49,The Digital Nexus,1,0,0,4395
v7-s0-v47,v7,canon,50,The Azure Current,1,0,0,4365
v7-s7-v45,v7,canon,50,The Aethel Stream,0,0,0,3954
v7-s9-v14,v7,canon,50,The Obsidian Plume,1,0,0,2158
v7-s5-v49,v7,canon,50,The Path of Resonance,1,0,0,3914
v7-s11-v43,v7,canon,50,The Digital Nexus,1,0,0,4395
v7-s3-v48,v7,canon,50,The Axiomatic Truth,1,16,1,4825
v7-s10-v48,v7,canon,50,The Null Core,1,0,0,2590
v7-s12-v47,v7,canon,50,The Lumina Umbra,1,0,0,4411
v7-s14-v44,v7,canon,50,The Harmonic Flow,1,0,0,3210
v7-s6-v50,v7,canon,50,The Ouroboros Circuit,1,0,0,4927
v7-s13-v43,v7,canon,50,The Nexus Weave,1,0,0,4418
v7-s3-v49,v7,canon,51,The Axiomatic Truth,1,16,1,4802
v7-s8-v13,v7,canon,51,The Unseen Weave,1,7,1,3116
v7-s12-v48,v7,canon,51,The Lumina Umbra,1,0,0,4411
v7-s10-v49,v7,canon,51,The Null Core,1,0,0,3051
v7-s5-v50,v7,canon,51,The Path of Resonance,1,0,0,4042
v7-s14-v45,v7,canon,51,The Harmonic Flow,1,0,0,3208
v7-s11-v44,v7,canon,51,The Digital Nexus,1,0,0,4395
v7-s0-v48,v7,canon,51,The Azure Current,1,0,0,4368
v7-s6-v51,v7,canon,51,The Ouroboros Circuit,1,0,0,4837
v7-s7-v46,v7,canon,51,The Aethel Stream,1,0,0,3945
v7-s14-v46,v7,canon,52,The Harmonic Flow,1,0,0,3208
v7-s7-v47,v7,canon,52,The Aethel Stream,1,0,0,3945
v7-s5-v51,v7,canon,52,The Path of Resonance,1,0,0,4145
v7-s6-v52,v7,canon,52,The Ouroboros Circuit,1,0,0,4927
v7-s13-v44,v7,canon,52,The Nexus Weave,1,0,0,4418
v7-s0-v49,v7,canon,52,The Azure Current,1,0,0,4368
v7-s3-v50,v7,canon,52,The Axiomatic Truth,1,16,1,4795
v7-s12-v49,v7,canon,52,The Lumina Umbra,1,0,0,4411
v7-s10-v50,v7,canon,52,The Null Core,1,0,0,3054
v7-s11-v45,v7,canon,52,The Digital Nexus,1,0,0,4395
v7-s1-v10,v7,canon,53,The Scribes of Aether,1,23,1,3817
v7-s3-v51,v7,canon,53,The Axiomatic Truth,1,16,1,4803
v7-s10-v51,v7,canon,53,The Null Core,1,0,0,3059
v7-s6-v53,v7,canon,53,The Ouroboros Circuit,1,0,0,4927
v7-s0-v50,v7,canon,53,The Azure Current,1,0,0,4370
v7-s5-v52,v7,canon,53,The Path of Resonance,1,0,0,4145
v7-s14-v47,v7,canon,53,The Harmonic Flow,1,3,1,4652
v7-s7-v48,v7,canon,53,The Aethel Stream,1,6,1,4732
v7-s12-v50,v7,canon,53,The Lumina Umbra,1,0,0,4411
v7-s11-v46,v7,canon,53,The Digital Nexus,1,0,0,4394
v7-s6-v54,v7,canon,54,The Ouroboros Circuit,1,0,0,4927
v7-s9-v15,v7,canon,54,The Obsidian Plume,1,0,0,2357
v7-s5-v53,v7,canon,54,The Path of Resonance,1,0,0,4145
v7-s1-v11,v7,canon,54,The Scribes of Aether,1,24,1,4008
v7-s11-v47,v7,canon,54,The Digital Nexus,1,0,0,4394
v7-s0-v51,v7,canon,54,The Azure Current,1,0,0,4370
v7-s7-v49,v7,canon,54,The Aethel Stream,1,0,0,3945
v7-s13-v45,v7,canon,54,The Nexus Weave,1,0,0,4173
v7-s12-v51,v7,canon,54,The Lumina Umbra,1,0,0,4411
v7-s3-v52,v7,canon,54,The Axiomatic Truth,1,14,1,4876
v7-s14-v48,v7,canon,54,The Harmonic Flow,1,0,0,3207
v7-s10-v52,v7,canon,54,The Null Core,1,0,0,3057
v7-s0-v52,v7,canon,55,The Azure Current,1,0,0,4370
v7-s2-v11,v7,canon,55,The Crimson Ascent,0,7,1,1982
v7-s3-v53,v7,canon,55,The Axiomatic Truth,1,12,1,4967
v7-s6-v55,v7,canon,55,The Ouroboros Circuit,1,0,0,4927
v7-s7-v50,v7,canon,55,The Aethel Stream,1,0,0,3945
v7-s13-v46,v7,canon,55,The Nexus Weave,1,0,0,4309
v7-s12-v52,v7,canon,55,The Lumina Umbra,1,0,0,4433
v7-s5-v54,v7,canon,55,The Path of Resonance,1,0,0,4145
v7-s10-v53,v7,canon,55,The Null Core,1,0,0,3060
v7-s14-v49,v7,canon,55,The Harmonic Flow,1,0,0,3210
v7-s11-v48,v7,canon,55,The Digital Nexus,1,0,0,4394
v7-s5-v55,v7,canon,56,The Path of Resonance,1,0,0,4145
v7-s6-v56,v7,canon,56,The Ouroboros Circuit,1,0,0,4927
v7-s13-v47,v7,canon,56,The Nexus Weave,1,0,0,4309
v7-s14-v50,v7,canon,56,The Harmonic Flow,1,0,0,3209
v7-s7-v51,v7,canon,56,The Aethel Stream,1,6,1,4774
v7-s11-v49,v7,canon,56,The Digital Nexus,1,0,0,4394
v7-s10-v54,v7,canon,56,The Null Core,1,0,0,3231
v7-s0-v53,v7,canon,56,The Azure Current,1,0,0,4370
v7-s3-v54,v7,canon,56,The Axiomatic Truth,1,10,1,4953
v7-s12-v53,v7,canon,56,The Lumina Umbra,1,0,0,4809
v7-s6-v57,v7,canon,57,The Ouroboros Circuit,1,0,0,4927
v7-s9-v16,v7,canon,57,The Obsidian Plume,1,0,0,2509
v7-s3-v55,v7,canon,57,The Axiomatic Truth,1,11,1,5066
v7-s7-v52,v7,canon,57,The Aethel Stream,1,5,1,4673
v7-s12-v54,v7,canon,57,The Lumina Umbra,1,0,0,4771
v7-s5-v56,v7,canon,57,The Path of Resonance,1,0,0,4145
v7-s10-v55,v7,canon,57,The Null Core,1,0,0,3234
v7-s0-v54,v7,canon,57,The Azure Current,1,0,0,4370
v7-s11-v50,v7,canon,57,The Digital Nexus,1,0,0,4394
v7-s14-v51,v7,canon,57,The Harmonic Flow,1,0,0,3209
v7-s3-v56,v7,canon,58,The Axiomatic Truth,1,10,1,5007
v7-s7-v53,v7,canon,58,The Aethel Stream,1,6,1,4817
v7-s0-v55,v7,canon,58,The Azure Current,1,0,0,4370
v7-s10-v56,v7,canon,58,The Null Core,1,0,0,3292
v7-s5-v57,v7,canon,58,The Path of Resonance,1,0,0,4145
v7-s14-v52,v7,canon,58,The Harmonic Flow,1,0,0,3215
v7-s13-v48,v7,canon,58,The Nexus Weave,1,0,0,4402
v7-s12-v55,v7,canon,58,The Lumina Umbra,1,0,0,4765
v7-s11-v51,v7,canon,58,The Digital Nexus,1,0,0,4394
v7-s6-v58,v7,canon,58,The Ouroboros Circuit,1,0,0,4927
v7-s2-v12,v7,canon,59,The Crimson Ascent,0,7,1,1983
v7-s6-v59,v7,canon,59,The Ouroboros Circuit,1,0,0,4927
v7-s12-v56,v7,canon,59,The Lumina Umbra,1,0,0,4783
v7-s5-v58,v7,canon,59,The Path of Resonance,1,0,0,4145
v7-s3-v57,v7,canon,59,The Axiomatic Truth,1,9,1,4890
v7-s7-v54,v7,canon,59,The Aethel Stream,1,0,0,3945
v7-s13-v49,v7,canon,59,The Nexus Weave,1,0,0,4309
v7-s11-v52,v7,canon,59,The Digital Nexus,1,0,0,4394
v7-s10-v57,v7,canon,59,The Null Core,1,0,0,3288
v7-s0-v56,v7,canon,59,The Azure Current,1,0,0,4370
v7-s14-v53,v7,canon,59,The Harmonic Flow,1,0,0,3210
v7-s3-v58,v7,canon,60,The Axiomatic Truth,1,9,1,4864
v7-s6-v60,v7,canon,60,The Ouroboros Circuit,1,0,0,4927
v7-s0-v57,v7,canon,60,The Azure Current,1,0,0,4370
v7-s7-v55,v7,canon,60,The Aethel Stream,1,6,1,4810
v7-s11-v53,v7,canon,60,The Digital Nexus,1,0,0,4394
v7-s5-v59,v7,canon,60,The Path of Resonance,1,0,0,4145
v7-s10-v58,v7,canon,60,The Null Core,1,0,0,3407
v7-s13-v50,v7,canon,60,The Nexus Weave,1,0,0,4295
v7-s14-v54,v7,canon,60,The Harmonic Flow,1,0,0,3217
v7-s12-v57,v7,canon,60,The Lumina Umbra,1,0,0,4779
v7-s0-v58,v7,canon,61,The Azure Current,1,0,0,4370
v7-s7-v56,v7,canon,61,The Aethel Stream,1,5,1,4656
v7-s5-v60,v7,canon,61,The Path of Resonance,1,0,0,4145
v7-s3-v59,v7,canon,61,The Axiomatic Truth,1,9,1,4869
v7-s10-v59,v7,canon,61,The Null Core,1,0,0,3434
v7-s6-v61,v7,canon,61,The Ouroboros Circuit,1,0,0,4849
v7-s12-v58,v7,canon,61,The Lumina Umbra,1,0,0,4769
v7-s14-v55,v7,canon,61,The Harmonic Flow,1,0,0,3211
v7-s3-v60,v7,canon,62,The Axiomatic Truth,1,10,1,4933
v7-s1-v12,v7,canon,62,The Scribes of Aether,1,24,1,4003
v7-s2-v13,v7,canon,62,The Crimson Ascent,0,7,1,2211
v7-s6-v62,v7,canon,62,The Ouroboros Circuit,1,0,0,5025
v7-s10-v60,v7,canon,62,The Null Core,1,0,0,3467
v7-s12-v59,v7,canon,62,The Lumina Umbra,1,0,0,4770
v7-s7-v57,v7,canon,62,The Aethel Stream,1,5,1,4702
v7-s0-v59,v7,canon,62,The Azure Current,1,0,0,4370
v7-s11-v54,v7,canon,62,The Digital Nexus,1,0,0,4394
v7-s5-v61,v7,canon,62,The Path of Resonance,1,0,0,4145
v7-s13-v51,v7,canon,62,The Nexus Weave,1,0,0,4295
v7-s14-v56,v7,canon,62,The Harmonic Flow,1,0,0,3221
v7-s7-v58,v7,canon,63,The Aethel Stream,1,6,1,4792
v7-s6-v63,v7,canon,63,The Ouroboros Circuit,1,0,0,5025
v7-s12-v60,v7,canon,63,The Lumina Umbra,1,0,0,4778
v7-s5-v62,v7,canon,63,The Path of Resonance,1,0,0,4145
v7-s11-v55,v7,canon,63,The Digital Nexus,1,0,0,4396
v7-s1-v13,v7,canon,63,The Scribes of Aether,0,6,1,1454
v7-s10-v61,v7,canon,63,The Null Core,1,0,0,3506
v7-s13-v52,v7,canon,63,The Nexus Weave,1,0,0,4295
v7-s3-v61,v7,canon,63,The Axiomatic Truth,1,10,1,4998
v7-s0-v60,v7,canon,63,The Azure Current,1,0,0,4370
v7-s14-v57,v7,canon,63,The Harmonic Flow,1,0,0,3215
v7-s2-v14,v7,canon,64,The Crimson Ascent,0,7,1,2216
v7-s8-v14,v7,canon,64,The Unseen Weave,1,7,1,3119
v7-s0-v61,v7,canon,64,The Azure Current,1,0,0,4370
v7-s3-v62,v7,canon,64,The Axiomatic Truth,1,10,1,4933
v7-s13-v53,v7,canon,64,The Nexus Weave,1,0,0,4295
v7-s10-v62,v7,canon,64,The Null Core,1,0,0,3518
v7-s5-v63,v7,canon,64,The Path of Resonance,1,0,0,4145
v7-s12-v61,v7,canon,64,The Lumina Umbra,1,0,0,4770
v7-s6-v64,v7,canon,64,The Ouroboros Circuit,1,0,0,5025
v7-s7-v59,v7,canon,64,The Aethel Stream,1,5,1,4667
v7-s14-v58,v7,canon,64,The Harmonic Flow,1,0,0,3220
v7-s11-v56,v7,canon,64,The Digital Nexus,1,0,0,4396
v7-s1-v14,v7,canon,64,The Scribes of Aether,0,8,1,2435
v7-s7-v60,v7,canon,65,The Aethel Stream,1,5,1,4676
v7-s6-v65,v7,canon,65,The Ouroboros Circuit,1,0,0,5025
v7-s0-v62,v7,canon,65,The Azure Current,1,0,0,4370
v7-s5-v64,v7,canon,65,The Path of Resonance,1,0,0,4042
v7-s11-v57,v7,canon,65,The Digital Nexus,1,0,0,4397
v7-s10-v63,v7,canon,65,The Null Core,1,0,0,3566
v7-s14-v59,v7,canon,65,The Harmonic Flow,1,0,0,3215
v7-s3-v63,v7,canon,65,The Axiomatic Truth,1,10,1,4974
v7-s13-v54,v7,canon,65,The Nexus Weave,1,0,0,4295
v7-s12-v62,v7,canon,65,The Lumina Umbra,1,0,0,4823
v7-s1-v15,v7,canon,65,The Scribes of Aether,0,9,1,2991
v7-s8-v15,v7,canon,66,The Unseen Weave,1,7,1,3117
v7-s2-v15,v7,canon,66,The Crimson Ascent,0,7,1,2220
v7-s1-v16,v7,canon,66,The Scribes of Aether,0,11,1,3688
v7-s5-v65,v7,canon,66,The Path of Resonance,1,0,0,4042
v7-s0-v63,v7,canon,66,The Azure Current,1,0,0,4370
v7-s3-v64,v7,canon,66,The Axiomatic Truth,1,10,1,4983
v7-s7-v61,v7,canon,66,The Aethel Stream,1,5,1,4680
v7-s14-v60,v7,canon,66,The Harmonic Flow,1,0,0,3220
v7-s12-v63,v7,canon,66,The Lumina Umbra,1,0,0,4771
v7-s6-v66,v7,canon,66,The Ouroboros Circuit,1,0,0,5025
v7-s10-v64,v7,canon,66,The Null Core,1,0,0,3578
v7-s13-v55,v7,canon,66,The Nexus Weave,1,0,0,4295
v7-s11-v58,v7,canon,66,The Digital Nexus,1,0,0,4397
v7-s7-v62,v7,canon,67,The Aethel Stream,1,5,1,4679
v7-s9-v17,v7,canon,67,The Obsidian Plume,1,0,0,2509
v7-s5-v66,v7,canon,67,The Path of Resonance,1,0,0,4042
v7-s6-v67,v7,canon,67,The Ouroboros Circuit,1,0,0,5025
v7-s11-v59,v7,canon,67,The Digital Nexus,1,0,0,4397
v7-s0-v64,v7,canon,67,The Azure Current,1,0,0,4370
v7-s10-v65,v7,canon,67,The Null Core,1,0,0,3656
v7-s1-v17,v7,canon,67,The Scribes of Aether,0,12,1,3986
v7-s3-v65,v7,canon,67,The Axiomatic Truth,1,10,1,4934
v7-s12-v64,v7,canon,67,The Lumina Umbra,1,0,0,4783
v7-s14-v61,v7,canon,67,The Harmonic Flow,1,0,0,3216
v7-s13-v56,v7,canon,67,The Nexus Weave,1,0,0,4295
v7-s3-v66,v7,canon,68,The Axiomatic Truth,1,10,1,4965
v7-s6-v68,v7,canon,68,The Ouroboros Circuit,1,0,0,5025
v7-s1-v18,v7,canon,68,The Scribes of Aether,0,13,1,4185
v7-s8-v16,v7,canon,68,The Unseen Weave,1,7,1,3120
v7-s2-v16,v7,canon,68,The Crimson Ascent,0,7,1,2220
v7-s12-v65,v7,canon,68,The Lumina Umbra,1,0,0,4802
v7-s7-v63,v7,canon,68,The Aethel Stream,1,5,1,4680
v7-s13-v57,v7,canon,68,The Nexus Weave,1,0,0,4295
v7-s0-v65,v7,canon,68,The Azure Current,1,0,0,4370
v7-s11-v60,v7,canon,68,The Digital Nexus,1,0,0,4397
v7-s5-v67,v7,canon,68,The Path of Resonance,1,0,0,3503
v7-s10-v66,v7,canon,68,The Null Core,1,0,0,3699
v7-s14-v62,v7,canon,68,The Harmonic Flow,1,0,0,3222
v7-s9-v18,v7,canon,69,The Obsidian Plume,1,0,0,2511
v7-s7-v64,v7,canon,69,The Aethel Stream,1,5,1,4683
v7-s0-v66,v7,canon,69,The Azure Current,1,0,0,4553
v7-s5-v68,v7,canon,69,The Path of Resonance,1,0,0,3738
v7-s3-v67,v7,canon,69,The Axiomatic Truth,1,9,1,4897
v7-s13-v58,v7,canon,69,The Nexus Weave,1,0,0,4295
v7-s11-v61,v7,canon,69,The Digital Nexus,1,0,0,4397
v7-s1-v19,v7,canon,69,The Scribes of Aether,1,0,0,1140
v7-s6-v69,v7,canon,69,The Ouroboros Circuit,1,0,0,5025
v7-s10-v67,v7,canon,69,The Null Core,1,0,0,3733
v7-s12-v66,v7,canon,69,The Lumina Umbra,1,0,0,4776
v7-s14-v63,v7,canon,69,The Harmonic Flow,1,0,0,3223
v7-s3-v68,v7,canon,70,The Axiomatic Truth,1,9,1,4874
v7-s10-v68,v7,canon,70,The Null Core,1,0,0,3762
v7-s7-v65,v7,canon,70,The Aethel Stream,1,5,1,4602
v7-s6-v70,v7,canon,70,The Ouroboros Circuit,1,0,0,5025
v7-s5-v69,v7,canon,70,The Path of Resonance,1,1,1,4395
v7-s13-v59,v7,canon,70,The Nexus Weave,1,0,0,4295
v7-s0-v67,v7,canon,70,The Azure Current,1,0,0,4743
v7-s11-v62,v7,canon,70,The Digital Nexus,1,0,0,4397
v7-s12-v67,v7,canon,70,The Lumina Umbra,1,0,0,4776
v7-s14-v64,v7,canon,70,The Harmonic Flow,1,0,0,3419
v7-s1-v20,v7,canon,70,The Scribes of Aether,1,0,0,1231
v7-s5-v70,v7,canon,71,The Path of Resonance,1,1,1,4395
v7-s8-v17,v7,canon,71,The Unseen Weave,1,8,1,3622
v7-s9-v19,v7,canon,71,The Obsidian Plume,1,0,0,4524
v7-s7-v66,v7,canon,71,The Aethel Stream,1,5,1,4691
v7-s11-v63,v7,canon,71,The Digital Nexus,1,0,0,4397
v7-s3-v69,v7,canon,71,The Axiomatic Truth,1,9,1,4891
v7-s0-v68,v7,canon,71,The Azure Current,1,0,0,4743
v7-s12-v68,v7,canon,71,The Lumina Umbra,1,0,0,4768
v7-s1-v21,v7,canon,71,The Scribes of Aether,1,0,0,1338
v7-s6-v71,v7,canon,71,The Ouroboros Circuit,1,0,0,5025
v7-s13-v60,v7,canon,71,The Nexus Weave,1,0,0,4628
v7-s10-v69,v7,canon,71,The Null Core,1,0,0,3777
v7-s14-v65,v7,canon,71,The Harmonic Flow,1,0,0,3420
v7-s3-v70,v7,canon,72,The Axiomatic Truth,1,9,1,4839
v7-s6-v72,v7,canon,72,The Ouroboros Circuit,1,0,0,5005
v7-s7-v67,v7,canon,72,The Aethel Stream,1,5,1,4619
v7-s5-v71,v7,canon,72,The Path of Resonance,1,1,1,4393
v7-s0-v69,v7,canon,72,The Azure Current,1,0,0,4774
v7-s1-v22,v7,canon,72,The Scribes of Aether,1,0,0,1338
v7-s10-v70,v7,canon,72,The Null Core,1,0,0,3824
v7-s14-v66,v7,canon,72,The Harmonic Flow,1,0,0,3436
v7-s12-v69,v7,canon,72,The Lumina Umbra,1,0,0,4780
v7-s11-v64,v7,canon,72,The Digital Nexus,1,0,0,4397
v7-s13-v61,v7,canon,72,The Nexus Weave,1,0,0,4627
v7-s7-v68,v7,canon,73,The Aethel Stream,1,5,1,4639
v7-s9-v20,v7,canon,73,The Obsidian Plume,1,0,0,4524
v7-s5-v72,v7,canon,73,The Path of Resonance,1,0,0,3738
v7-s11-v65,v7,canon,73,The Digital Nexus,1,0,0,4397
v7-s0-v70,v7,canon,73,The Azure Current,1,0,0,4774
v7-s14-v67,v7,canon,73,The Harmonic Flow,1,0,0,3438
v7-s6-v73,v7,canon,73,The Ouroboros Circuit,1,0,0,4869
v7-s10-v71,v7,canon,73,The Null Core,1,0,0,3824
v7-s3-v71,v7,canon,73,The Axiomatic Truth,1,9,1,4828
v7-s13-v62,v7,canon,73,The Nexus Weave,1,0,0,4628
v7-s12-v70,v7,canon,73,The Lumina Umbra,1,0,0,4777
v7-s1-v23,v7,canon,73,The Scribes of Aether,1,0,0,1338
v7-s6-v74,v7,canon,74,The Ouroboros Circuit,1,0,0,5009
v7-s7-v69,v7,canon,74,The Aethel Stream,1,5,1,4558
v7-s12-v71,v7,canon,74,The Lumina Umbra,1,0,0,4716
v7-s5-v73,v7,canon,74,The Path of Resonance,1,1,1,4395
v7-s0-v71,v7,canon,74,The Azure Current,1,0,0,5457
v7-s13-v63,v7,canon,74,The Nexus Weave,1,0,0,4422
v7-s10-v72,v7,canon,74,The Null Core,1,0,0,3824
v7-s3-v72,v7,canon,74,The Axiomatic Truth,1,9,1,4808
v7-s11-v66,v7,canon,74,The Digital Nexus,1,0,0,4397
v7-s14-v68,v7,canon,74,The Harmonic Flow,1,0,0,3443
v7-s1-v24,v7,canon,74,The Scribes of Aether,1,0,0,1338
v7-s9-v21,v7,canon,75,The Obsidian Plume,1,0,0,4524
v7-s5-v74,v7,canon,75,The Path of Resonance,1,1,1,4395
v7-s7-v70,v7,canon,75,The Aethel Stream,1,5,1,4567
v7-s3-v73,v7,canon,75,The Axiomatic Truth,1,9,1,4797
v7-s0-v72,v7,canon,75,The Azure Current,1,0,0,5558
v7-s8-v18,v7,canon,75,The Unseen Weave,1,8,1,3628
v7-s6-v75,v7,canon,75,The Ouroboros Circuit,1,0,0,4966
v7-s1-v25,v7,canon,75,The Scribes of Aether,1,0,0,1348
v7-s12-v72,v7,canon,75,The Lumina Umbra,1,0,0,4777
v7-s11-v67,v7,canon,75,The Digital Nexus,1,0,0,4397
v7-s10-v73,v7,canon,75,The Null Core,1,0,0,3824
v7-s14-v69,v7,canon,75,The Harmonic Flow,1,0,0,3438
v7-s1-v26,v7,canon,76,The Scribes of Aether,0,9,1,2882
v7-s2-v17,v7,canon,76,The Crimson Ascent,0,7,1,2254
v7-s11-v68,v7,canon,76,The Digital Nexus,1,0,0,4397
v7-s7-v71,v7,canon,76,The Aethel Stream,1,5,1,4619
v7-s5-v75,v7,canon,76,The Path of Resonance,1,1,1,4397
v7-s12-v73,v7,canon,76,The Lumina Umbra,1,0,0,4722
v7-s0-v73,v7,canon,76,The Azure Current,1,0,0,5559
v7-s10-v74,v7,canon,76,The Null Core,1,0,0,3824
v7-s3-v74,v7,canon,76,The Axiomatic Truth,1,8,1,4771
v7-s6-v76,v7,canon,76,The Ouroboros Circuit,1,0,0,5013
v7-s14-v70,v7,canon,76,The Harmonic Flow,1,0,0,3441
v7-s9-v22,v7,canon,77,The Obsidian Plume,1,0,0,4516
v7-s6-v77,v7,canon,77,The Ouroboros Circuit,1,0,0,5035
v7-s7-v72,v7,canon,77,The Aethel Stream,1,5,1,4586
v7-s0-v74,v7,canon,77,The Azure Current,1,0,0,4939
v7-s11-v69,v7,canon,77,The Digital Nexus,1,0,0,4483
v7-s13-v64,v7,canon,77,The Nexus Weave,1,0,0,4251
v7-s3-v75,v7,canon,77,The Axiomatic Truth,1,8,1,4737
v7-s5-v76,v7,canon,77,The Path of Resonance,1,0,0,3892
v7-s10-v75,v7,canon,77,The Null Core,1,0,0,3824
v7-s14-v71,v7,canon,77,The Harmonic Flow,1,0,0,3438
v7-s1-v27,v7,canon,77,The Scribes of Aether,1,0,0,1439
v7-s12-v74,v7,canon,77,The Lumina Umbra,1,0,0,4779
v7-s3-v76,v7,canon,78,The Axiomatic Truth,1,8,1,4722
v7-s1-v28,v7,canon,78,The Scribes of Aether,0,9,1,2984
v7-s8-v19,v7,canon,78,The Unseen Weave,1,8,1,3838
v7-s6-v78,v7,canon,78,The Ouroboros Circuit,1,0,0,5026
v7-s11-v70,v7,canon,78,The Digital Nexus,1,0,0,4397
v7-s5-v77,v7,canon,78,The Path of Resonance,1,0,0,4159
v7-s7-v73,v7,canon,78,The Aethel Stream,1,5,1,4566
v7-s0-v75,v7,canon,78,The Azure Current,1,0,0,4954
v7-s12-v75,v7,canon,78,The Lumina Umbra,1,0,0,4742
v7-s10-v76,v7,canon,78,The Null Core,1,0,0,3825
v7-s13-v65,v7,canon,78,The Nexus Weave,1,0,0,4238
v7-s14-v72,v7,canon,78,The Harmonic Flow,1,0,0,3445
v7-s0-v76,v7,canon,79,The Azure Current,1,0,0,5105
v7-s7-v74,v7,canon,79,The Aethel Stream,1,5,1,4589
v7-s3-v77,v7,canon,79,The Axiomatic Truth,1,8,1,4645
v7-s5-v78,v7,canon,79,The Path of Resonance,1,0,0,4278
v7-s6-v79,v7,canon,79,The Ouroboros Circuit,1,0,0,5059
v7-s1-v29,v7,canon,79,The Scribes of Aether,1,0,0,1434
v7-s14-v73,v7,canon,79,The Harmonic Flow,1,0,0,3438
v7-s10-v77,v7,canon,79,The Null Core,1,0,0,3825
v7-s12-v76,v7,canon,79,The Lumina Umbra,1,0,0,4728
v7-s13-v66,v7,canon,79,The Nexus Weave,1,0,0,4265
v7-s11-v71,v7,canon,79,The Digital Nexus,1,0,0,4397
v7-s6-v80,v7,canon,80,The Ouroboros Circuit,1,0,0,5025
v7-s3-v78,v7,canon,80,The Axiomatic Truth,1,8,1,4662
v7-s5-v79,v7,canon,80,The Path of Resonance,1,0,0,4279
v7-s0-v77,v7,canon,80,The Azure Current,1,0,0,5105
v7-s7-v75,v7,canon,80,The Aethel Stream,1,5,1,4591
v7-s10-v78,v7,canon,80,The Null Core,1,0,0,3825
v7-s13-v67,v7,canon,80,The Nexus Weave,1,0,0,4249
v7-s12-v77,v7,canon,80,The Lumina Umbra,1,0,0,4722
v7-s14-v74,v7,canon,80,The Harmonic Flow,1,0,0,3446
v7-s11-v72,v7,canon,80,The Digital Nexus,1,0,0,4397
v7-s1-v30,v7,canon,80,The Scribes of Aether,1,0,0,1426
v7-s7-v76,v7,canon,81,The Aethel Stream,1,5,1,4593
v7-s9-v23,v7,canon,81,The Obsidian Plume,1,0,0,2503
v7-s11-v73,v7,canon,81,The Digital Nexus,1,0,0,4397
v7-s0-v78,v7,canon,81,The Azure Current,1,0,0,5111
v7-s5-v80,v7,canon,81,The Path of Resonance,1,0,0,4282
v7-s6-v81,v7,canon,81,The Ouroboros Circuit,1,0,0,5073
v7-s3-v79,v7,canon,81,The Axiomatic Truth,1,8,1,4680
v7-s10-v79,v7,canon,81,The Null Core,1,0,0,3825
v7-s13-v68,v7,canon,81,The Nexus Weave,1,0,0,4265
v7-s14-v75,v7,canon,81,The Harmonic Flow,1,0,0,3440
v7-s12-v78,v7,canon,81,The Lumina Umbra,1,0,0,4731
v7-s1-v31,v7,canon,81,The Scribes of Aether,1,0,0,1432
v7-s1-v32,v7,canon,82,The Scribes of Aether,0,9,1,3297
v7-s2-v18,v7,canon,82,The Crimson Ascent,0,7,1,2455
v7-s3-v80,v7,canon,82,The Axiomatic Truth,1,7,1,4567
v7-s0-v79,v7,canon,82,The Azure Current,1,0,0,5111
v7-s5-v81,v7,canon,82,The Path of Resonance,1,0,0,4422
v7-s6-v82,v7,canon,82,The Ouroboros Circuit,1,0,0,5025
v7-s10-v80,v7,canon,82,The Null Core,1,0,0,3831
v7-s12-v79,v7,canon,82,The Lumina Umbra,1,0,0,4754
v7-s7-v77,v7,canon,82,The Aethel Stream,1,5,1,4512
v7-s14-v76,v7,canon,82,The Harmonic Flow,1,0,0,3446
v7-s13-v69,v7,canon,82,The Nexus Weave,1,0,0,4255
v7-s11-v74,v7,canon,82,The Digital Nexus,1,0,0,4397
v7-s0-v80,v7,canon,83,The Azure Current,1,0,0,4923
v7-s7-v78,v7,canon,83,The Aethel Stream,1,5,1,4703
v7-s9-v24,v7,canon,83,The Obsidian Plume,1,0,0,2503
v7-s3-v81,v7,canon,83,The Axiomatic Truth,1,7,1,4677
v7-s5-v82,v7,canon,83,The Path of Resonance,1,0,0,4366
v7-s10-v81,v7,canon,83,The Null Core,1,0,0,3831
v7-s14-v77,v7,canon,83,The Harmonic Flow,1,0,0,3440
v7-s12-v80,v7,canon,83,The Lumina Umbra,1,0,0,4704
v7-s6-v83,v7,canon,83,The Ouroboros Circuit,1,0,0,5060
v7-s11-v75,v7,canon,83,The Digital Nexus,1,0,0,4397
v7-s13-v70,v7,canon,83,The Nexus Weave,1,0,0,4265
v7-s1-v33,v7,canon,83,The Scribes of Aether,1,0,0,1433
v7-s2-v19,v7,canon,84,The Crimson Ascent,0,7,1,2455
v7-s6-v84,v7,canon,84,The Ouroboros Circuit,1,0,0,5000
v7-s3-v82,v7,canon,84,The Axiomatic Truth,1,7,1,4635
v7-s7-v79,v7,canon,84,The Aethel Stream,1,5,1,4645
v7-s0-v81,v7,canon,84,The Azure Current,1,0,0,4923
v7-s1-v34,v7,canon,84,The Scribes of Aether,0,10,1,3650
v7-s8-v20,v7,canon,84,The Unseen Weave,1,9,1,4179
v7-s5-v83,v7,canon,84,The Path of Resonance,1,0,0,4485
v7-s11-v76,v7,canon,84,The Digital Nexus,1,0,0,4397
v7-s10-v82,v7,canon,84,The Null Core,1,0,0,3831
v7-s13-v71,v7,canon,84,The Nexus Weave,1,0,0,4336
v7-s12-v81,v7,canon,84,The Lumina Umbra,1,0,0,4761
v7-s14-v78,v7,canon,84,The Harmonic Flow,1,0,0,3443
v7-s13-v72,v7,canon,85,The Nexus Weave,1,0,0,4263
v7-s10-v83,v7,canon,85,The Null Core,1,0,0,3831
v7-s7-v80,v7,canon,85,The Aethel Stream,1,1,1,3617
v7-s3-v83,v7,canon,85,The Axiomatic Truth,1,7,1,4596
v7-s11-v77,v7,canon,85,The Digital Nexus,1,0,0,4397
v7-s6-v85,v7,canon,85,The Ouroboros Circuit,1,0,0,5066
v7-s0-v82,v7,canon,85,The Azure Current,1,0,0,5132
v7-s5-v84,v7,canon,85,The Path of Resonance,1,0,0,4426
v7-s12-v82,v7,canon,85,The Lumina Umbra,1,0,0,4765
v7-s1-v35,v7,canon,85,The Scribes of Aether,1,0,0,1543
v7-s14-v79,v7,canon,85,The Harmonic Flow,1,0,0,3440
v7-s5-v85,v7,canon,86,The Path of Resonance,1,0,0,4426
v7-s7-v81,v7,canon,86,The Aethel Stream,1,1,1,3842
v7-s3-v84,v7,canon,86,The Axiomatic Truth,1,7,1,4596
v7-s12-v83,v7,canon,86,The Lumina Umbra,1,0,0,4725
v7-s1-v36,v7,canon,86,The Scribes of Aether,1,0,0,1531
v7-s13-v73,v7,canon,86,The Nexus Weave,1,0,0,4256
v7-s0-v83,v7,canon,86,The Azure Current,1,0,0,5132
v7-s10-v84,v7,canon,86,The Null Core,1,0,0,3831
v7-s6-v86,v7,canon,86,The Ouroboros Circuit,1,0,0,5040
v7-s14-v80,v7,canon,86,The Harmonic Flow,1,0,0,3444
v7-s11-v78,v7,canon,86,The Digital Nexus,1,0,0,4397
v7-s2-v20,v7,canon,87,The Crimson Ascent,0,7,1,2455
v7-s1-v37,v7,canon,87,The Scribes of Aether,0,10,1,3783
v7-s7-v82,v7,canon,87,The Aethel Stream,1,1,1,3908
v7-s5-v86,v7,canon,87,The Path of Resonance,1,0,0,4426
v7-s0-v84,v7,canon,87,The Azure Current,1,0,0,5173
v7-s10-v85,v7,canon,87,The Null Core,1,0,0,3831
v7-s3-v85,v7,canon,87,The Axiomatic Truth,1,6,1,4510
v7-s12-v84,v7,canon,87,The Lumina Umbra,1,0,0,4722
v7-s6-v87,v7,canon,87,The Ouroboros Circuit,1,0,0,5077
v7-s14-v81,v7,canon,87,The Harmonic Flow,1,0,0,3439
v7-s13-v74,v7,canon,87,The Nexus Weave,1,0,0,4264
v7-s11-v79,v7,canon,87,The Digital Nexus,1,0,0,4397
v7-s3-v86,v7,canon,88,The Axiomatic Truth,1,6,1,4438
v7-s9-v25,v7,canon,88,The Obsidian Plume,0,7,1,4103
v7-s6-v88,v7,canon,88,The Ouroboros Circuit,1,0,0,5052
v7-s7-v83,v7,canon,88,The Aethel Stream,1,1,1,3915
v7-s5-v87,v7,canon,88,The Path of Resonance,1,0,0,4598
v7-s13-v75,v7,canon,88,The Nexus Weave,1,0,0,4257
v7-s0-v85,v7,canon,88,The Azure Current,1,0,0,5009
v7-s10-v86,v7,canon,88,The Null Core,1,0,0,3831
v7-s12-v85,v7,canon,88,The Lumina Umbra,1,0,0,4742
v7-s14-v82,v7,canon,88,The Harmonic Flow,1,0,0,3447
v7-s11-v80,v7,canon,88,The Digital Nexus,1,0,0,4397
v7-s1-v38,v7,canon,88,The Scribes of Aether,0,10,1,3879
v7-s6-v89,v7,canon,89,The Ouroboros Circuit,1,0,0,5049
v7-s3-v87,v7,canon,89,The Axiomatic Truth,1,6,1,4463
v7-s7-v84,v7,canon,89,The Aethel Stream,1,1,1,3926
v7-s13-v76,v7,canon,89,The Nexus Weave,1,0,0,4262
v7-s0-v86,v7,canon,89,The Azure Current,1,0,0,5102
v7-s12-v86,v7,canon,89,The Lumina Umbra,1,0,0,4698
v7-s5-v88,v7,canon,89,The Path of Resonance,1,0,0,4426
v7-s10-v87,v7,canon,89,The Null Core,1,0,0,3832
v7-s11-v81,v7,canon,89,The Digital Nexus,1,0,0,4397
v7-s1-v39,v7,canon,89,The Scribes of Aether,0,10,1,4005
v7-s14-v83,v7,canon,89,The Harmonic Flow,1,0,0,3440
v7-s1-v40,v7,canon,90,The Scribes of Aether,1,0,0,1301
v7-s0-v87,v7,canon,90,The Azure Current,1,0,0,5076
v7-s5-v89,v7,canon,90,The Path of Resonance,1,0,0,4598
v7-s6-v90,v7,canon,90,The Ouroboros Circuit,1,0,0,5062
v7-s7-v85,v7,canon,90,The Aethel Stream,1,1,1,3932
v7-s10-v88,v7,canon,90,The Null Core,1,0,0,3832
v7-s3-v88,v7,canon,90,The Axiomatic Truth,1,6,1,4449
v7-s13-v77,v7,canon,90,The Nexus Weave,1,0,0,4255
v7-s12-v87,v7,canon,90,The Lumina Umbra,1,0,0,4754
v7-s11-v82,v7,canon,90,The Digital Nexus,1,0,0,4397
v7-s14-v84,v7,canon,90,The Harmonic Flow,1,0,0,3447
v7-s8-v21,v7,canon,91,The Unseen Weave,0,0,0,329
v7-s0-v88,v7,canon,91,The Azure Current,1,0,0,5130
v7-s7-v86,v7,canon,91,The Aethel Stream,1,1,1,3942
v7-s6-v91,v7,canon,91,The Ouroboros Circuit,1,0,0,4998
v7-s11-v83,v7,canon,91,The Digital Nexus,1,0,0,4397
v7-s13-v78,v7,canon,91,The Nexus Weave,1,0,0,4265
v7-s5-v90,v7,canon,91,The Path of Resonance,1,0,0,4530
v7-s3-v89,v7,canon,91,The Axiomatic Truth,1,6,1,4456
v7-s14-v85,v7,canon,91,The Harmonic Flow,1,0,0,3439
v7-s10-v89,v7,canon,91,The Null Core,1,0,0,3833
v7-s12-v88,v7,canon,91,The Lumina Umbra,1,0,0,4761
v7-s1-v41,v7,canon,91,The Scribes of Aether,1,0,0,1304
v7-s8-v22,v7,canon,92,The Unseen Weave,0,3,1,2205
v7-s6-v92,v7,canon,92,The Ouroboros Circuit,1,0,0,5003
v7-s3-v90,v7,canon,92,The Axiomatic Truth,1,6,1,4427
v7-s1-v42,v7,canon,92,The Scribes of Aether,0,10,1,4145
v7-s7-v87,v7,canon,92,The Aethel Stream,1,1,1,3950
v7-s10-v90,v7,canon,92,The Null Core,1,0,0,3833
v7-s5-v91,v7,canon,92,The Path of Resonance,1,0,0,4530
v7-s0-v89,v7,canon,92,The Azure Current,1,0,0,5110
v7-s12-v89,v7,canon,92,The Lumina Umbra,1,0,0,4735
v7-s13-v79,v7,canon,92,The Nexus Weave,1,0,0,4263
v7-s14-v86,v7,canon,92,The Harmonic Flow,1,0,0,3447
v7-s2-v21,v7,canon,93,The Crimson Ascent,0,7,1,2457
v7-s7-v88,v7,canon,93,The Aethel Stream,1,1,1,3952
v7-s5-v92,v7,canon,93,The Path of Resonance,1,0,0,4530
v7-s3-v91,v7,canon,93,The Axiomatic Truth,1,6,1,4448
v7-s6-v93,v7,canon,93,The Ouroboros Circuit,1,0,0,4988
v7-s14-v87,v7,canon,93,The Harmonic Flow,1,0,0,3441
v7-s0-v90,v7,canon,93,The Azure Current,1,0,0,5174
v7-s12-v90,v7,canon,93,The Lumina Umbra,1,0,0,4746
v7-s13-v80,v7,canon,93,The Nexus Weave,1,0,0,4240
v7-s1-v43,v7,canon,93,The Scribes of Aether,1,0,0,1306
v7-s10-v91,v7,canon,93,The Null Core,1,0,0,3834
v7-s11-v84,v7,canon,93,The Digital Nexus,1,0,0,4397
v7-s3-v92,v7,canon,94,The Axiomatic Truth,1,6,1,4430
v7-s7-v89,v7,canon,94,The Aethel Stream,1,1,1,3966
v7-s1-v44,v7,canon,94,The Scribes of Aether,1,0,0,1304
v7-s8-v23,v7,canon,94,The Unseen Weave,0,3,1,2210
v7-s9-v26,v7,canon,94,The Obsidian Plume,1,0,0,2992
v7-s5-v93,v7,canon,94,The Path of Resonance,1,0,0,4449
v7-s12-v91,v7,canon,94,The Lumina Umbra,1,0,0,4744
v7-s0-v91,v7,canon,94,The Azure Current,1,0,0,5185
v7-s10-v92,v7,canon,94,The Null Core,1,0,0,3831
v7-s6-v94,v7,canon,94,The Ouroboros Circuit,1,0,0,5055
v7-s13-v81,v7,canon,94,The Nexus Weave,1,0,0,4338
v7-s11-v85,v7,canon,94,The Digital Nexus,1,0,0,4397
v7-s14-v88,v7,canon,94,The Harmonic Flow,1,0,0,3447
v7-s2-v22,v7,canon,95,The Crimson Ascent,0,7,1,2461
v7-s0-v92,v7,canon,95,The Azure Current,1,0,0,5171
v7-s10-v93,v7,canon,95,The Null Core,1,0,0,3835
v7-s7-v90,v7,canon,95,The Aethel Stream,1,1,1,3982
v7-s5-v94,v7,canon,95,The Path of Resonance,1,0,0,4554
v7-s6-v95,v7,canon,95,The Ouroboros Circuit,1,0,0,5065
v7-s3-v93,v7,canon,95,The Axiomatic Truth,1,6,1,4452
v7-s14-v89,v7,canon,95,The Harmonic Flow,1,2,1,4729
v7-s12-v92,v7,canon,95,The Lumina Umbra,1,0,0,4744
v7-s13-v82,v7,canon,95,The Nexus Weave,1,0,0,4243
v7-s1-v45,v7,canon,95,The Scribes of Aether,1,0,0,1306
v7-s11-v86,v7,canon,95,The Digital Nexus,1,0,0,4397
v7-s3-v94,v7,canon,96,The Axiomatic Truth,1,6,1,4456
v7-s5-v95,v7,canon,96,The Path of Resonance,1,0,0,4553
v7-s1-v46,v7,canon,96,The Scribes of Aether,1,0,0,1305
v7-s13-v83,v7,canon,96,The Nexus Weave,1,0,0,4266
v7-s0-v93,v7,canon,96,The Azure Current,1,0,0,5163
v7-s10-v94,v7,canon,96,The Null Core,1,0,0,3835
v7-s7-v91,v7,canon,96,The Aethel Stream,1,3,1,4208
v7-s6-v96,v7,canon,96,The Ouroboros Circuit,1,0,0,5012
v7-s12-v93,v7,canon,96,The Lumina Umbra,1,0,0,4722
v7-s11-v87,v7,canon,96,The Digital Nexus,1,0,0,4397
v7-s14-v90,v7,canon,96,The Harmonic Flow,1,2,1,4732
v7-s0-v94,v7,canon,97,The Azure Current,1,0,0,5169
v7-s9-v27,v7,canon,97,The Obsidian Plume,1,0,0,2992
v7-s7-v92,v7,canon,97,The Aethel Stream,1,1,1,4010
v7-s13-v84,v7,canon,97,The Nexus Weave,1,0,0,4267
v7-s6-v97,v7,canon,97,The Ouroboros Circuit,1,0,0,5005
v7-s5-v96,v7,canon,97,The Path of Resonance,1,0,0,4554
v7-s14-v91,v7,canon,97,The Harmonic Flow,1,2,1,4729
v7-s10-v95,v7,canon,97,The Null Core,1,0,0,3835
v7-s12-v94,v7,canon,97,The Lumina Umbra,1,0,0,4753
v7-s3-v95,v7,canon,97,The Axiomatic Truth,1,5,1,4422
v7-s1-v47,v7,canon,97,The Scribes of Aether,1,0,0,1304
v7-s11-v88,v7,canon,97,The Digital Nexus,1,0,0,4397
v7-s8-v24,v7,canon,98,The Unseen Weave,0,3,1,2621
v7-s3-v96,v7,canon,98,The Axiomatic Truth,1,5,1,4328
v7-s0-v95,v7,canon,98,The Azure Current,1,0,0,5228
v7-s10-v96,v7,canon,98,The Null Core,1,0,0,3828
v7-s5-v97,v7,canon,98,The Path of Resonance,1,0,0,4555
v7-s6-v98,v7,canon,98,The Ouroboros Circuit,1,0,0,4918
v7-s1-v48,v7,canon,98,The Scribes of Aether,1,0,0,1302
v7-s7-v93,v7,canon,98,The Aethel Stream,1,1,1,4020
v7-s13-v85,v7,canon,98,The Nexus Weave,1,0,0,4244
v7-s14-v92,v7,canon,98,The Harmonic Flow,1,0,0,3447
v7-s12-v95,v7,canon,98,The Lumina Umbra,1,0,0,4695
v7-s11-v89,v7,canon,98,The Digital Nexus,1,0,0,4397
v7-s1-v49,v7,canon,99,The Scribes of Aether,1,0,0,1405
v7-s7-v94,v7,canon,99,The Aethel Stream,1,1,1,4039
v7-s9-v28,v7,canon,99,The Obsidian Plume,1,0,0,3082
v7-s5-v98,v7,canon,99,The Path of Resonance,1,0,0,4519
v7-s3-v97,v7,canon,99,The Axiomatic Truth,1,5,1,4378
v7-s0-v96,v7,canon,99,The Azure Current,1,0,0,5140
v7-s13-v86,v7,canon,99,The Nexus Weave,1,0,0,4362
v7-s10-v97,v7,canon,99,The Null Core,1,0,0,3830
v7-s11-v90,v7,canon,99,The Digital Nexus,1,0,0,4397
v7-s6-v99,v7,canon,99,The Ouroboros Circuit,1,0,0,5034
v7-s12-v96,v7,canon,99,The Lumina Umbra,1,0,0,4703
v7-s14-v93,v7,canon,99,The Harmonic Flow,1,0,0,3440
v7-s6-v100,v7,canon,100,The Ouroboros Circuit,1,0,0,5030
v7-s0-v97,v7,canon,100,The Azure Current,1,0,0,5158
v7-s3-v98,v7,canon,100,The Axiomatic Truth,1,5,1,4354
v7-s10-v98,v7,canon,100,The Null Core,1,0,0,3831
v7-s7-v95,v7,canon,100,The Aethel Stream,1,1,1,4528
v7-s13-v87,v7,canon,100,The Nexus Weave,1,0,0,4362
v7-s5-v99,v7,canon,100,The Path of Resonance,1,0,0,4342
v7-s12-v97,v7,canon,100,The Lumina Umbra,1,0,0,4743
v7-s14-v94,v7,canon,100,The Harmonic Flow,1,0,0,3447
v7-s1-v50,v7,canon,100,The Scribes of Aether,1,0,0,1403
v7-s11-v91,v7,canon,100,The Digital Nexus,1,0,0,4397
v7-s2-v23,v7,canon,101,The Crimson Ascent,0,8,1,2552
v7-s8-v25,v7,canon,101,The Unseen Weave,0,3,1,2647
v7-s10-v99,v7,canon,101,The Null Core,1,0,0,3833
v7-s3-v99,v7,canon,101,The Axiomatic Truth,1,5,1,4364
v7-s5-v100,v7,canon,101,The Path of Resonance,1,0,0,4324
v7-s7-v96,v7,canon,101,The Aethel Stream,1,1,1,4164
v7-s1-v51,v7,canon,101,The Scribes of Aether,1,0,0,1406
v7-s0-v98,v7,canon,101,The Azure Current,1,0,0,5228
v7-s13-v88,v7,canon,101,The Nexus Weave,1,0,0,4362
v7-s6-v101,v7,canon,101,The Ouroboros Circuit,1,0,0,5049
v7-s11-v92,v7,canon,101,The Digital Nexus,1,0,0,4397
v7-s12-v98,v7,canon,101,The Lumina Umbra,1,0,0,4751
v7-s6-v102,v7,canon,102,The Ouroboros Circuit,1,0,0,5054
v7-s1-v52,v7,canon,102,The Scribes of Aether,1,0,0,1501
v7-s3-v100,v7,canon,102,The Axiomatic Truth,1,5,1,4347
v7-s0-v99,v7,canon,102,The Azure Current,1,0,0,5215
v7-s7-v97,v7,canon,102,The Aethel Stream,1,0,0,2120
v7-s10-v100,v7,canon,102,The Null Core,1,0,0,3836
v7-s14-v95,v7,canon,102,The Harmonic Flow,1,0,0,3447
v7-s5-v101,v7,canon,102,The Path of Resonance,1,0,0,4472
v7-s13-v89,v7,canon,102,The Nexus Weave,1,0,0,4362
v7-s11-v93,v7,canon,102,The Digital Nexus,1,0,0,4397
v7-s12-v99,v7,canon,102,The Lumina Umbra,1,0,0,4746
v7-s2-v24,v7,canon,103,The Crimson Ascent,0,8,1,2552
v7-s7-v98,v7,canon,103,The Aethel Stream,1,0,0,2123
v7-s8-v26,v7,canon,103,The Unseen Weave,0,3,1,2641
v7-s11-v94,v7,canon,103,The Digital Nexus,1,0,0,4397
v7-s10-v101,v7,canon,103,The Null Core,1,0,0,2834
v7-s3-v101,v7,canon,103,The Axiomatic Truth,1,5,1,4365
v7-s0-v100,v7,canon,103,The Azure Current,1,0,0,5311
v7-s6-v103,v7,canon,103,The Ouroboros Circuit,1,0,0,5030
v7-s5-v102,v7,canon,103,The Path of Resonance,1,0,0,4523
v7-s12-v100,v7,canon,103,The Lumina Umbra,1,0,0,4740
v7-s13-v90,v7,canon,103,The Nexus Weave,1,0,0,4245
v7-s1-v53,v7,canon,103,The Scribes of Aether,1,0,0,1504
v7-s9-v29,v7,canon,104,The Obsidian Plume,1,0,0,3889
v7-s0-v101,v7,canon,104,The Azure Current,1,0,0,5227
v7-s6-v104,v7,canon,104,The Ouroboros Circuit,1,0,0,5017
v7-s7-v99,v7,canon,104,The Aethel Stream,1,0,0,2132
v7-s3-v102,v7,canon,104,The Axiomatic Truth,1,5,1,4332
v7-s1-v54,v7,canon,104,The Scribes of Aether,1,0,0,1502
v7-s5-v103,v7,canon,104,The Path of Resonance,1,0,0,4337
v7-s14-v96,v7,canon,104,The Harmonic Flow,1,0,0,3446
v7-s10-v102,v7,canon,104,The Null Core,1,0,0,2824
v7-s12-v101,v7,canon,104,The Lumina Umbra,1,0,0,4788
v7-s13-v91,v7,canon,104,The Nexus Weave,1,0,0,4363
v7-s11-v95,v7,canon,104,The Digital Nexus,1,0,0,4397
v7-s3-v103,v7,canon,105,The Axiomatic Truth,1,5,1,4342
v7-s8-v27,v7,canon,105,The Unseen Weave,0,3,1,2649
v7-s7-v100,v7,canon,105,The Aethel Stream,1,0,0,2111
v7-s1-v55,v7,canon,105,The Scribes of Aether,1,7,1,4246
v7-s13-v92,v7,canon,105,The Nexus Weave,1,0,0,4364
v7-s0-v102,v7,canon,105,The Azure Current,1,0,0,5241
v7-s6-v105,v7,canon,105,The Ouroboros Circuit,1,0,0,5052
v7-s12-v102,v7,canon,105,The Lumina Umbra,1,0,0,4804
v7-s5-v104,v7,canon,105,The Path of Resonance,1,0,0,4752
v7-s10-v103,v7,canon,105,The Null Core,1,0,0,2820
v7-s14-v97,v7,canon,105,The Harmonic Flow,1,0,0,3441
v7-s2-v25,v7,canon,106,The Crimson Ascent,0,9,1,2643
v7-s9-v30,v7,canon,106,The Obsidian Plume,1,0,0,4058
v7-s6-v106,v7,canon,106,The Ouroboros Circuit,1,0,0,5048
v7-s7-v101,v7,canon,106,The Aethel Stream,1,0,0,2112
v7-s0-v103,v7,canon,106,The Azure Current,1,0,0,5266
v7-s1-v56,v7,canon,106,The Scribes of Aether,1,0,0,1503
v7-s5-v105,v7,canon,106,The Path of Resonance,1,0,0,4716
v7-s13-v93,v7,canon,106,The Nexus Weave,1,0,0,4366
v7-s11-v96,v7,canon,106,The Digital Nexus,1,0,0,4397
v7-s12-v103,v7,canon,106,The Lumina Umbra,1,0,0,4822
v7-s10-v104,v7,canon,106,The Null Core,1,0,0,2835
v7-s14-v98,v7,canon,106,The Harmonic Flow,1,0,0,3444
v7-s3-v104,v7,canon,106,The Axiomatic Truth,1,3,1,4068
v7-s1-v57,v7,canon,107,The Scribes of Aether,1,0,0,1506
v7-s6-v107,v7,canon,107,The Ouroboros Circuit,1,0,0,5050
v7-s7-v102,v7,canon,107,The Aethel Stream,1,1,1,4378
v7-s0-v104,v7,canon,107,The Azure Current,1,0,0,5205
v7-s13-v94,v7,canon,107,The Nexus Weave,1,0,0,4368
v7-s10-v105,v7,canon,107,The Null Core,1,0,0,2826
v7-s5-v106,v7,canon,107,The Path of Resonance,1,0,0,4559
v7-s12-v104,v7,canon,107,The Lumina Umbra,1,0,0,4822
v7-s3-v105,v7,canon,107,The Axiomatic Truth,1,5,1,4351
v7-s14-v99,v7,canon,107,The Harmonic Flow,1,0,0,3441
v7-s11-v97,v7,canon,107,The Digital Nexus,1,0,0,4397
v7-s0-v105,v7,canon,108,The Azure Current,1,0,0,5189
v7-s3-v106,v7,canon,108,The Axiomatic Truth,1,3,1,4098
v7-s9-v31,v7,canon,108,The Obsidian Plume,1,0,0,4169
v7-s6-v108,v7,canon,108,The Ouroboros Circuit,1,0,0,5048
v7-s13-v95,v7,canon,108,The Nexus Weave,1,0,0,4365
v7-s14-v100,v7,canon,108,The Harmonic Flow,1,0,0,3447
v7-s12-v105,v7,canon,108,The Lumina Umbra,1,0,0,4822
v7-s7-v103,v7,canon,108,The Aethel Stream,1,1,1,4343
v7-s10-v106,v7,canon,108,The Null Core,1,0,0,2847
v7-s11-v98,v7,canon,108,The Digital Nexus,1,0,0,4397
v7-s5-v107,v7,canon,108,The Path of Resonance,1,0,0,4679
v7-s1-v58,v7,canon,108,The Scribes of Aether,1,0,0,1504
v7-s7-v104,v7,canon,109,The Aethel Stream,1,1,1,4355
v7-s5-v108,v7,canon,109,The Path of Resonance,1,0,0,4635
v7-s0-v106,v7,canon,109,The Azure Current,1,0,0,5177
v7-s6-v109,v7,canon,109,The Ouroboros Circuit,1,0,0,5040
v7-s10-v107,v7,canon,109,The Null Core,1,0,0,2827
v7-s12-v106,v7,canon,109,The Lumina Umbra,1,0,0,4822
v7-s13-v96,v7,canon,109,The Nexus Weave,1,0,0,4368
v7-s11-v99,v7,canon,109,The Digital Nexus,1,0,0,4397
v7-s1-v59,v7,canon,109,The Scribes of Aether,1,0,0,1507
v7-s14-v101,v7,canon,109,The Harmonic Flow,1,0,0,3441
v7-s3-v107,v7,canon,109,The Axiomatic Truth,1,5,1,4357
v7-s2-v26,v7,canon,110,The Crimson Ascent,0,10,1,2884
v7-s6-v110,v7,canon,110,The Ouroboros Circuit,1,0,0,5104
v7-s0-v107,v7,canon,110,The Azure Current,1,0,0,5243
v7-s1-v60,v7,canon,110,The Scribes of Aether,1,0,0,1506
v7-s7-v105,v7,canon,110,The Aethel Stream,1,1,1,4356
v7-s12-v107,v7,canon,110,The Lumina Umbra,1,0,0,4826
v7-s5-v109,v7,canon,110,The Path of Resonance,1,0,0,4697
v7-s14-v102,v7,canon,110,The Harmonic Flow,1,0,0,3447
v7-s3-v108,v7,canon,110,The Axiomatic Truth,1,5,1,4341
v7-s10-v108,v7,canon,110,The Null Core,1,0,0,2831
v7-s13-v97,v7,canon,110,The Nexus Weave,1,0,0,4365
v7-s11-v100,v7,canon,110,The Digital Nexus,1,0,0,4397
v7-s0-v108,v7,canon,111,The Azure Current,1,0,0,5204
v7-s9-v32,v7,canon,111,The Obsidian Plume,1,0,0,4396
v7-s3-v109,v7,canon,111,The Axiomatic Truth,1,4,1,4284
v7-s5-v110,v7,canon,111,The Path of Resonance,1,0,0,4579
v7-s10-v109,v7,canon,111,The Null Core,1,0,0,2846
v7-s6-v111,v7,canon,111,The Ouroboros Circuit,1,0,0,5048
v7-s14-v103,v7,canon,111,The Harmonic Flow,1,0,0,3441
v7-s7-v106,v7,canon,111,The Aethel Stream,1,1,1,4345
v7-s12-v108,v7,canon,111,The Lumina Umbra,1,0,0,4827
v7-s13-v98,v7,canon,111,The Nexus Weave,1,0,0,4251
v7-s1-v61,v7,canon,111,The Scribes of Aether,1,0,0,1508
v7-s7-v107,v7,canon,112,The Aethel Stream,1,1,1,4352
v7-s2-v27,v7,canon,112,The Crimson Ascent,0,10,1,2886
v7-s1-v62,v7,canon,112,The Scribes of Aether,1,0,0,1507
v7-s13-v99,v7,canon,112,The Nexus Weave,1,0,0,4368
v7-s6-v112,v7,canon,112,The Ouroboros Circuit,1,0,0,5048
v7-s0-v109,v7,canon,112,The Azure Current,1,0,0,5114
v7-s12-v109,v7,canon,112,The Lumina Umbra,1,0,0,4889
v7-s5-v111,v7,canon,112,The Path of Resonance,1,0,0,4640
v7-s14-v104,v7,canon,112,The Harmonic Flow,1,0,0,3447
v7-s3-v110,v7,canon,112,The Axiomatic Truth,1,4,1,4299
v7-s11-v101,v7,canon,112,The Digital Nexus,1,0,0,4397
v7-s10-v110,v7,canon,112,The Null Core,1,0,0,2849
v7-s9-v33,v7,canon,113,The Obsidian Plume,1,0,0,4568
v7-s3-v111,v7,canon,113,The Axiomatic Truth,1,4,1,4321
v7-s0-v110,v7,canon,113,The Azure Current,1,0,0,5159
v7-s6-v113,v7,canon,113,The Ouroboros Circuit,1,0,0,5044
v7-s13-v100,v7,canon,113,The Nexus Weave,1,0,0,4370
v7-s7-v108,v7,canon,113,The Aethel Stream,1,1,1,4355
v7-s10-v111,v7,canon,113,The Null Core,1,0,0,2849
v7-s12-v110,v7,canon,113,The Lumina Umbra,1,0,0,4940
v7-s5-v112,v7,canon,113,The Path of Resonance,1,0,0,4963
v7-s14-v105,v7,canon,113,The Harmonic Flow,1,0,0,3441
v7-s1-v63,v7,canon,113,The Scribes of Aether,1,0,0,1510
v7-s2-v28,v7,canon,114,The Crimson Ascent,0,10,1,2884
v7-s1-v64,v7,canon,114,The Scribes of Aether,1,0,0,1832
v7-s8-v28,v7,canon,114,The Unseen Weave,0,3,1,2645
v7-s7-v109,v7,canon,114,The Aethel Stream,1,1,1,4352
v7-s11-v102,v7,canon,114,The Digital Nexus,1,0,0,4397
v7-s5-v113,v7,canon,114,The Path of Resonance,1,0,0,4634
v7-s10-v112,v7,canon,114,The Null Core,1,0,0,2846
v7-s14-v106,v7,canon,114,The Harmonic Flow,1,0,0,3447
v7-s6-v114,v7,canon,114,The Ouroboros Circuit,1,0,0,5055
v7-s13-v101,v7,canon,114,The Nexus Weave,1,0,0,4369
v7-s0-v111,v7,canon,114,The Azure Current,1,0,0,5201
v7-s3-v112,v7,canon,114,The Axiomatic Truth,1,5,1,4338
v7-s12-v111,v7,canon,114,The Lumina Umbra,1,0,0,4969
v7-s3-v113,v7,canon,115,The Axiomatic Truth,1,4,1,4286
v7-s9-v34,v7,canon,115,The Obsidian Plume,1,0,0,4813
v7-s0-v112,v7,canon,115,The Azure Current,1,0,0,5175
v7-s10-v113,v7,canon,115,The Null Core,1,0,0,2834
v7-s6-v115,v7,canon,115,The Ouroboros Circuit,1,0,0,5084
v7-s5-v114,v7,canon,115,The Path of Resonance,1,0,0,4690
v7-s12-v112,v7,canon,115,The Lumina Umbra,1,0,0,4998
v7-s13-v102,v7,canon,115,The Nexus Weave,1,0,0,4252
v7-s7-v110,v7,canon,115,The Aethel Stream,1,1,1,4353
v7-s11-v103,v7,canon,115,The Digital Nexus,1,0,0,4397
v7-s14-v107,v7,canon,115,The Harmonic Flow,1,2,1,4702
v7-s1-v65,v7,canon,115,The Scribes of Aether,1,0,0,1835
v7-s8-v29,v7,canon,116,The Unseen Weave,0,3,1,2649
v7-s0-v113,v7,canon,116,The Azure Current,1,0,0,5200
v7-s1-v66,v7,canon,116,The Scribes of Aether,1,0,0,1987
v7-s6-v116,v7,canon,116,The Ouroboros Circuit,1,0,0,5062
v7-s13-v103,v7,canon,116,The Nexus Weave,1,0,0,4254
v7-s11-v104,v7,canon,116,The Digital Nexus,1,0,0,4397
v7-s7-v111,v7,canon,116,The Aethel Stream,1,1,1,4348
v7-s5-v115,v7,canon,116,The Path of Resonance,1,0,0,4578
v7-s3-v114,v7,canon,116,The Axiomatic Truth,1,4,1,4361
v7-s10-v114,v7,canon,116,The Null Core,1,0,0,2826
v7-s12-v113,v7,canon,116,The Lumina Umbra,1,0,0,4998
v7-s14-v108,v7,canon,116,The Harmonic Flow,1,2,1,4705
v7-s7-v112,v7,canon,117,The Aethel Stream,1,1,1,4332
v7-s2-v29,v7,canon,117,The Crimson Ascent,0,10,1,3144
v7-s3-v115,v7,canon,117,The Axiomatic Truth,1,4,1,4279
v7-s6-v117,v7,canon,117,The Ouroboros Circuit,1,0,0,5076
v7-s0-v114,v7,canon,117,The Azure Current,1,0,0,5199
v7-s5-v116,v7,canon,117,The Path of Resonance,1,0,0,4807
v7-s1-v67,v7,canon,117,The Scribes of Aether,1,0,0,1990
v7-s14-v109,v7,canon,117,The Harmonic Flow,1,2,1,4702
v7-s12-v114,v7,canon,117,The Lumina Umbra,1,0,0,4990
v7-s11-v105,v7,canon,117,The Digital Nexus,1,0,0,4397
v7-s10-v115,v7,canon,117,The Null Core,1,0,0,2819
v7-s13-v104,v7,canon,117,The Nexus Weave,1,0,0,4268
v7-s9-v35,v7,canon,118,The Obsidian Plume,1,0,0,4813
v7-s1-v68,v7,canon,118,The Scribes of Aether,1,0,0,1989
v7-s0-v115,v7,canon,118,The Azure Current,1,0,0,5188
v7-s3-v116,v7,canon,118,The Axiomatic Truth,1,4,1,4278
v7-s11-v106,v7,canon,118,The Digital Nexus,1,0,0,4397
v7-s13-v105,v7,canon,118,The Nexus Weave,1,0,0,4270
v7-s10-v116,v7,canon,118,The Null Core,1,0,0,2844
v7-s7-v113,v7,canon,118,The Aethel Stream,1,1,1,4335
v7-s5-v117,v7,canon,118,The Path of Resonance,1,0,0,4868
v7-s6-v118,v7,canon,118,The Ouroboros Circuit,1,0,0,5055
v7-s14-v110,v7,canon,118,The Harmonic Flow,1,0,0,3447
v7-s12-v115,v7,canon,118,The Lumina Umbra,1,0,0,4994
v7-s8-v30,v7,canon,119,The Unseen Weave,0,3,1,2698
v7-s0-v116,v7,canon,119,The Azure Current,1,0,0,5191
v7-s6-v119,v7,canon,119,The Ouroboros Circuit,1,0,0,5076
v7-s3-v117,v7,canon,119,The Axiomatic Truth,1,4,1,4277
v7-s7-v114,v7,canon,119,The Aethel Stream,1,1,1,4336
v7-s12-v116,v7,canon,119,The Lumina Umbra,1,0,0,5064
v7-s11-v107,v7,canon,119,The Digital Nexus,1,0,0,4397
v7-s13-v106,v7,canon,119,The Nexus Weave,1,0,0,4194
v7-s10-v117,v7,canon,119,The Null Core,1,0,0,2854
v7-s1-v69,v7,canon,119,The Scribes of Aether,1,0,0,1992
v7-s5-v118,v7,canon,119,The Path of Resonance,1,0,0,4824
v7-s14-v111,v7,canon,119,The Harmonic Flow,1,2,1,4684
v7-s1-v70,v7,canon,120,The Scribes of Aether,1,0,0,1991
v7-s0-v117,v7,canon,120,The Azure Current,1,0,0,5188
v7-s6-v120,v7,canon,120,The Ouroboros Circuit,1,0,0,5073
v7-s7-v115,v7,canon,120,The Aethel Stream,1,1,1,4330
v7-s5-v119,v7,canon,120,The Path of Resonance,1,0,0,4674
v7-s10-v118,v7,canon,120,The Null Core,1,0,0,2818
v7-s12-v117,v7,canon,120,The Lumina Umbra,1,0,0,5048
v7-s14-v112,v7,canon,120,The Harmonic Flow,1,2,1,4690
v7-s11-v108,v7,canon,120,The Digital Nexus,1,0,0,4398
v7-s13-v107,v7,canon,120,The Nexus Weave,1,0,0,4194
v7-s3-v118,v7,canon,120,The Axiomatic Truth,1,4,1,4242
v7-s7-v116,v7,canon,121,The Aethel Stream,1,1,1,4336
v7-s6-v121,v7,canon,121,The Ouroboros Circuit,1,0,0,5077
v7-s9-v36,v7,canon,121,The Obsidian Plume,1,0,0,4813
v7-s0-v118,v7,canon,121,The Azure Current,1,0,0,5193
v7-s13-v108,v7,canon,121,The Nexus Weave,1,0,0,4270
v7-s14-v113,v7,canon,121,The Harmonic Flow,1,2,1,4682
v7-s3-v119,v7,canon,121,The Axiomatic Truth,1,2,1,4405
v7-s5-v120,v7,canon,121,The Path of Resonance,1,0,0,4736
v7-s1-v71,v7,canon,121,The Scribes of Aether,1,0,0,1995
v7-s10-v119,v7,canon,121,The Null Core,1,0,0,2833
v7-s12-v118,v7,canon,121,The Lumina Umbra,1,0,0,5061
v7-s11-v109,v7,canon,121,The Digital Nexus,1,0,0,4398
v7-s0-v119,v7,canon,122,The Azure Current,1,0,0,5193
v7-s2-v30,v7,canon,122,The Crimson Ascent,0,10,1,3174
v7-s3-v120,v7,canon,122,The Axiomatic Truth,1,1,1,4469
v7-s10-v120,v7,canon,122,The Null Core,1,0,0,2854
v7-s5-v121,v7,canon,122,The Path of Resonance,1,0,0,4917
v7-s7-v117,v7,canon,122,The Aethel Stream,1,1,1,4340
v7-s6-v122,v7,canon,122,The Ouroboros Circuit,1,0,0,5052
v7-s14-v114,v7,canon,122,The Harmonic Flow,1,2,1,4690
v7-s1-v72,v7,canon,122,The Scribes of Aether,1,1,1,3495
v7-s12-v119,v7,canon,122,The Lumina Umbra,1,0,0,5097
v7-s11-v110,v7,canon,122,The Digital Nexus,1,0,0,4386
v7-s8-v31,v7,canon,123,The Unseen Weave,0,3,1,2795
v7-s1-v73,v7,canon,123,The Scribes of Aether,1,0,0,1997
v7-s6-v123,v7,canon,123,The Ouroboros Circuit,1,0,0,5065
v7-s3-v121,v7,canon,123,The Axiomatic Truth,1,0,0,4444
v7-s7-v118,v7,canon,123,The Aethel Stream,1,1,1,4342
v7-s0-v120,v7,canon,123,The Azure Current,1,0,0,5189
v7-s12-v120,v7,canon,123,The Lumina Umbra,1,0,0,5083
v7-s10-v121,v7,canon,123,The Null Core,1,0,0,2822
v7-s5-v122,v7,canon,123,The Path of Resonance,1,0,0,4778
v7-s13-v109,v7,canon,123,The Nexus Weave,1,0,0,4267
v7-s11-v111,v7,canon,123,The Digital Nexus,1,0,0,4386
v7-s14-v115,v7,canon,123,The Harmonic Flow,1,2,1,4684
v7-s7-v119,v7,canon,124,The Aethel Stream,1,1,1,4338
v7-s9-v37,v7,canon,124,The Obsidian Plume,1,0,0,4839
v7-s6-v124,v7,canon,124,The Ouroboros Circuit,1,0,0,5048
v7-s12-v121,v7,canon,124,The Lumina Umbra,1,0,0,5083
v7-s0-v121,v7,canon,124,The Azure Current,1,0,0,5189
v7-s1-v74,v7,canon,124,The Scribes of Aether,1,0,0,1996
v7-s5-v123,v7,canon,124,The Path of Resonance,1,0,0,5106
v7-s10-v122,v7,canon,124,The Null Core,1,0,0,2822
v7-s3-v122,v7,canon,124,The Axiomatic Truth,1,0,0,4382
v7-s14-v116,v7,canon,124,The Harmonic Flow,1,0,0,3446
v7-s1-v75,v7,canon,125,The Scribes of Aether,1,0,0,1993
v7-s2-v31,v7,canon,125,The Crimson Ascent,0,10,1,3297
v7-s3-v123,v7,canon,125,The Axiomatic Truth,1,0,0,4386
v7-s12-v122,v7,canon,125,The Lumina Umbra,1,0,0,5083
v7-s7-v120,v7,canon,125,The Aethel Stream,1,1,1,4321
v7-s6-v125,v7,canon,125,The Ouroboros Circuit,1,0,0,5066
v7-s0-v122,v7,canon,125,The Azure Current,1,0,0,5263
v7-s11-v112,v7,canon,125,The Digital Nexus,1,0,0,4387
v7-s10-v123,v7,canon,125,The Null Core,1,0,0,2834
v7-s5-v124,v7,canon,125,The Path of Resonance,1,0,0,5106
v7-s14-v117,v7,canon,125,The Harmonic Flow,1,0,0,3441
v7-s0-v123,v7,canon,126,The Azure Current,1,0,0,5246
v7-s10-v124,v7,canon,126,The Null Core,1,0,0,2825
v7-s7-v121,v7,canon,126,The Aethel Stream,1,1,1,4329
v7-s5-v125,v7,canon,126,The Path of Resonance,1,0,0,4968
v7-s12-v123,v7,canon,126,The Lumina Umbra,1,0,0,5083
v7-s14-v118,v7,canon,126,The Harmonic Flow,1,0,0,3444
v7-s13-v110,v7,canon,126,The Nexus Weave,1,0,0,4227
v7-s6-v126,v7,canon,126,The Ouroboros Circuit,1,0,0,5082
v7-s3-v124,v7,canon,126,The Axiomatic Truth,1,0,0,4429
v7-s1-v76,v7,canon,126,The Scribes of Aether,1,0,0,1998
v7-s1-v77,v7,canon,127,The Scribes of Aether,1,0,0,2001
v7-s5-v126,v7,canon,127,The Path of Resonance,1,0,0,5130
v7-s3-v125,v7,canon,127,The Axiomatic Truth,1,0,0,4401
v7-s9-v38,v7,canon,127,The Obsidian Plume,1,0,0,4835
v7-s0-v124,v7,canon,127,The Azure Current,1,0,0,5255
v7-s7-v122,v7,canon,127,The Aethel Stream,1,1,1,4347
v7-s6-v127,v7,canon,127,The Ouroboros Circuit,1,0,0,5055
v7-s12-v124,v7,canon,127,The Lumina Umbra,1,0,0,5085
v7-s11-v113,v7,canon,127,The Digital Nexus,1,0,0,4387
v7-s13-v111,v7,canon,127,The Nexus Weave,1,0,0,4279
v7-s10-v125,v7,canon,127,The Null Core,1,0,0,2824
v7-s14-v119,v7,canon,127,The Harmonic Flow,1,2,1,4725
v7-s2-v32,v7,canon,128,The Crimson Ascent,0,10,1,3408
v7-s6-v128,v7,canon,128,The Ouroboros Circuit,1,0,0,5073
v7-s0-v125,v7,canon,128,The Azure Current,1,0,0,5256
v7-s11-v114,v7,canon,128,The Digital Nexus,1,0,0,4387
v7-s12-v125,v7,canon,128,The Lumina Umbra,1,0,0,5085
v7-s7-v123,v7,canon,128,The Aethel Stream,1,1,1,4320
v7-s13-v112,v7,canon,128,The Nexus Weave,1,0,0,4279
v7-s3-v126,v7,canon,128,The Axiomatic Truth,1,0,0,4317
v7-s10-v126,v7,canon,128,The Null Core,1,0,0,2814
v7-s1-v78,v7,canon,128,The Scribes of Aether,1,1,1,3494
v7-s5-v127,v7,canon,128,The Path of Resonance,1,0,0,5185
v7-s14-v120,v7,canon,128,The Harmonic Flow,1,0,0,3447
v7-s1-v79,v7,canon,129,The Scribes of Aether,1,0,0,2003
v7-s9-v39,v7,canon,129,The Obsidian Plume,1,1,1,5143
v7-s0-v126,v7,canon,129,The Azure Current,1,0,0,5252
v7-s7-v124,v7,canon,129,The Aethel Stream,1,1,1,4324
v7-s6-v129,v7,canon,129,The Ouroboros Circuit,1,0,0,4993
v7-s3-v127,v7,canon,129,The Axiomatic Truth,1,0,0,4143
v7-s10-v127,v7,canon,129,The Null Core,1,0,0,2831
v7-s5-v128,v7,canon,129,The Path of Resonance,1,0,0,4856
v7-s12-v126,v7,canon,129,The Lumina Umbra,1,0,0,5126
v7-s13-v113,v7,canon,129,The Nexus Weave,1,0,0,4279
v7-s14-v121,v7,canon,129,The Harmonic Flow,1,0,0,3441
v7-s11-v115,v7,canon,129,The Digital Nexus,1,0,0,4387
v7-s6-v130,v7,canon,130,The Ouroboros Circuit,1,0,0,5004
v7-s0-v127,v7,canon,130,The Azure Current,1,0,0,5256
v7-s2-v33,v7,canon,130,The Crimson Ascent,0,10,1,3434
v7-s8-v32,v7,canon,130,The Unseen Weave,0,3,1,2832
v7-s7-v125,v7,canon,130,The Aethel Stream,1,1,1,4343
v7-s3-v128,v7,canon,130,The Axiomatic Truth,1,0,0,4173
v7-s12-v127,v7,canon,130,The Lumina Umbra,1,0,0,5100
v7-s5-v129,v7,canon,130,The Path of Resonance,1,0,0,5015
v7-s10-v128,v7,canon,130,The Null Core,1,0,0,2831
v7-s14-v122,v7,canon,130,The Harmonic Flow,1,0,0,3447
v7-s1-v80,v7,canon,130,The Scribes of Aether,1,1,1,3498
v7-s13-v114,v7,canon,130,The Nexus Weave,1,0,0,4285
v7-s11-v116,v7,canon,130,The Digital Nexus,1,0,0,4387
v7-s9-v40,v7,canon,131,The Obsidian Plume,1,0,0,4821
v7-s7-v126,v7,canon,131,The Aethel Stream,1,1,1,4420
v7-s0-v128,v7,canon,131,The Azure Current,1,0,0,5256
v7-s6-v131,v7,canon,131,The Ouroboros Circuit,1,0,0,5050
v7-s11-v117,v7,canon,131,The Digital Nexus,1,0,0,4387
v7-s10-v129,v7,canon,131,The Null Core,1,0,0,2845
v7-s14-v123,v7,canon,131,The Harmonic Flow,1,0,0,3441
v7-s5-v130,v7,canon,131,The Path of Resonance,1,0,0,5073
v7-s13-v115,v7,canon,131,The Nexus Weave,1,0,0,4299
v7-s12-v128,v7,canon,131,The Lumina Umbra,1,0,0,5100
v7-s3-v129,v7,canon,131,The Axiomatic Truth,1,0,0,4153
v7-s1-v81,v7,canon,131,The Scribes of Aether,1,0,0,2005
v7-s7-v127,v7,canon,132,The Aethel Stream,1,1,1,4362
v7-s3-v130,v7,canon,132,The Axiomatic Truth,1,0,0,4206
v7-s0-v129,v7,canon,132,The Azure Current,1,0,0,5214
v7-s12-v129,v7,canon,132,The Lumina Umbra,1,0,0,5043
v7-s1-v82,v7,canon,132,The Scribes of Aether,1,0,0,2004
v7-s5-v131,v7,canon,132,The Path of Resonance,1,0,0,5045
v7-s11-v118,v7,canon,132,The Digital Nexus,1,0,0,4387
v7-s6-v132,v7,canon,132,The Ouroboros Circuit,1,0,0,5044
v7-s10-v130,v7,canon,132,The Null Core,1,0,0,2829
v7-s13-v116,v7,canon,132,The Nexus Weave,1,0,0,4299
v7-s14-v124,v7,canon,132,The Harmonic Flow,1,0,0,3447
v7-s9-v41,v7,canon,133,The Obsidian Plume,1,0,0,4831
v7-s1-v83,v7,canon,133,The Scribes of Aether,1,0,0,2007
v7-s0-v130,v7,canon,133,The Azure Current,1,0,0,5257
v7-s6-v133,v7,canon,133,The Ouroboros Circuit,1,0,0,5044
v7-s12-v130,v7,canon,133,The Lumina Umbra,1,0,0,5082
v7-s7-v128,v7,canon,133,The Aethel Stream,1,1,1,4322
v7-s3-v131,v7,canon,133,The Axiomatic Truth,1,0,0,4086
v7-s10-v131,v7,canon,133,The Null Core,1,0,0,2846
v7-s5-v132,v7,canon,133,The Path of Resonance,1,0,0,5102
v7-s14-v125,v7,canon,133,The Harmonic Flow,1,3,1,4756
v7-s11-v119,v7,canon,133,The Digital Nexus,1,0,0,4387
v7-s13-v117,v7,canon,133,The Nexus Weave,1,0,0,4299
v7-s7-v129,v7,canon,134,The Aethel Stream,1,1,1,4333
v7-s8-v33,v7,canon,134,The Unseen Weave,0,3,1,2856
v7-s0-v131,v7,canon,134,The Azure Current,1,0,0,5207
v7-s10-v132,v7,canon,134,The Null Core,1,0,0,2824
v7-s5-v133,v7,canon,134,The Path of Resonance,1,0,0,4981
v7-s6-v134,v7,canon,134,The Ouroboros Circuit,1,0,0,5092
v7-s12-v131,v7,canon,134,The Lumina Umbra,1,0,0,5063
v7-s11-v120,v7,canon,134,The Digital Nexus,1,0,0,4387
v7-s3-v132,v7,canon,134,The Axiomatic Truth,1,0,0,4180
v7-s14-v126,v7,canon,134,The Harmonic Flow,1,0,0,3445
v7-s1-v84,v7,canon,134,The Scribes of Aether,1,0,0,2006
v7-s9-v42,v7,canon,135,The Obsidian Plume,1,0,0,4831
v7-s3-v133,v7,canon,135,The Axiomatic Truth,1,0,0,4129
v7-s2-v34,v7,canon,135,The Crimson Ascent,0,10,1,3488
v7-s7-v130,v7,canon,135,The Aethel Stream,1,1,1,4327
v7-s12-v132,v7,canon,135,The Lumina Umbra,1,0,0,4951
v7-s0-v132,v7,canon,135,The Azure Current,1,0,0,5253
v7-s6-v135,v7,canon,135,The Ouroboros Circuit,1,0,0,5024
v7-s10-v133,v7,canon,135,The Null Core,1,0,0,2814
v7-s5-v134,v7,canon,135,The Path of Resonance,1,0,0,5123
v7-s14-v127,v7,canon,135,The Harmonic Flow,1,0,0,3440
v7-s11-v121,v7,canon,135,The Digital Nexus,1,0,0,4387
v7-s13-v118,v7,canon,135,The Nexus Weave,1,0,0,4310
v7-s1-v85,v7,canon,135,The Scribes of Aether,1,0,0,2009
v7-s1-v86,v7,canon,136,The Scribes of Aether,1,0,0,2008
v7-s0-v133,v7,canon,136,The Azure Current,1,0,0,5210
v7-s7-v131,v7,canon,136,The Aethel Stream,1,1,1,4279
v7-s5-v135,v7,canon,136,The Path of Resonance,1,0,0,4946
v7-s12-v133,v7,canon,136,The Lumina Umbra,1,0,0,4976
v7-s10-v134,v7,canon,136,The Null Core,1,0,0,2832
v7-s6-v136,v7,canon,136,The Ouroboros Circuit,1,0,0,5024
v7-s11-v122,v7,canon,136,The Digital Nexus,1,0,0,4387
v7-s14-v128,v7,canon,136,The Harmonic Flow,1,0,0,3443
v7-s3-v134,v7,canon,136,The Axiomatic Truth,1,0,0,4205
v7-s13-v119,v7,canon,136,The Nexus Weave,1,0,0,4110
v7-s7-v132,v7,canon,137,The Aethel Stream,1,1,1,4229
v7-s8-v34,v7,canon,137,The Unseen Weave,0,3,1,2894
v7-s6-v137,v7,canon,137,The Ouroboros Circuit,1,0,0,5056
v7-s0-v134,v7,canon,137,The Azure Current,1,0,0,5100
v7-s12-v134,v7,canon,137,The Lumina Umbra,1,0,0,5006
v7-s13-v120,v7,canon,137,The Nexus Weave,1,0,0,4123
v7-s10-v135,v7,canon,137,The Null Core,1,0,0,2838
v7-s5-v136,v7,canon,137,The Path of Resonance,1,0,0,5008
v7-s3-v135,v7,canon,137,The Axiomatic Truth,1,0,0,4162
v7-s11-v123,v7,canon,137,The Digital Nexus,1,0,0,4387
v7-s1-v87,v7,canon,137,The Scribes of Aether,1,0,0,2011
v7-s1-v88,v7,canon,138,The Scribes of Aether,1,0,0,2010
v7-s9-v43,v7,canon,138,The Obsidian Plume,1,0,0,4831
v7-s2-v35,v7,canon,138,The Crimson Ascent,0,11,1,3933
v7-s3-v136,v7,canon,138,The Axiomatic Truth,1,0,0,4089
v7-s13-v121,v7,canon,138,The Nexus Weave,1,0,0,4123
v7-s0-v135,v7,canon,138,The Azure Current,1,0,0,5218
v7-s14-v129,v7,canon,138,The Harmonic Flow,1,0,0,3450
v7-s10-v136,v7,canon,138,The Null Core,1,0,0,2858
v7-s7-v133,v7,canon,138,The Aethel Stream,1,1,1,4367
v7-s5-v137,v7,canon,138,The Path of Resonance,1,0,0,5127
v7-s11-v124,v7,canon,138,The Digital Nexus,1,0,0,4387
v7-s12-v135,v7,canon,138,The Lumina Umbra,1,0,0,4991
v7-s6-v138,v7,canon,138,The Ouroboros Circuit,1,0,0,5062
v7-s6-v139,v7,canon,139,The Ouroboros Circuit,1,0,0,5029
v7-s7-v134,v7,canon,139,The Aethel Stream,1,1,1,4218
v7-s0-v136,v7,canon,139,The Azure Current,1,0,0,5197
v7-s3-v137,v7,canon,139,The Axiomatic Truth,1,0,0,4035
v7-s13-v122,v7,canon,139,The Nexus Weave,1,0,0,4123
v7-s11-v125,v7,canon,139,The Digital Nexus,1,0,0,4387
v7-s5-v138,v7,canon,139,The Path of Resonance,1,0,0,5256
v7-s10-v137,v7,canon,139,The Null Core,1,0,0,2839
v7-s12-v136,v7,canon,139,The Lumina Umbra,1,0,0,4990
v7-s1-v89,v7,canon,139,The Scribes of Aether,1,0,0,2013
v7-s6-v140,v7,canon,140,The Ouroboros Circuit,1,0,0,5065
v7-s9-v44,v7,canon,140,The Obsidian Plume,1,0,0,4831
v7-s1-v90,v7,canon,140,The Scribes of Aether,1,0,0,2012
v7-s0-v137,v7,canon,140,The Azure Current,1,0,0,5066
v7-s5-v139,v7,canon,140,The Path of Resonance,1,0,0,5371
v7-s7-v135,v7,canon,140,The Aethel Stream,1,1,1,4201
v7-s14-v130,v7,canon,140,The Harmonic Flow,1,0,0,3459
v7-s13-v123,v7,canon,140,The Nexus Weave,1,0,0,4209
v7-s3-v138,v7,canon,140,The Axiomatic Truth,1,0,0,3463
v7-s10-v138,v7,canon,140,The Null Core,1,0,0,2836
v7-s12-v137,v7,canon,140,The Lumina Umbra,1,0,0,4999
v7-s11-v126,v7,canon,140,The Digital Nexus,1,0,0,4387
v7-s7-v136,v7,canon,141,The Aethel Stream,1,1,1,4133
v7-s6-v141,v7,canon,141,The Ouroboros Circuit,1,0,0,5082
v7-s3-v139,v7,canon,141,The Axiomatic Truth,1,0,0,4031
v7-s5-v140,v7,canon,141,The Path of Resonance,1,0,0,5392
v7-s11-v127,v7,canon,141,The Digital Nexus,1,0,0,4387
v7-s0-v138,v7,canon,141,The Azure Current,1,0,0,5198
v7-s14-v131,v7,canon,141,The Harmonic Flow,1,0,0,3451
v7-s12-v138,v7,canon,141,The Lumina Umbra,1,0,0,4945
v7-s13-v124,v7,canon,141,The Nexus Weave,1,0,0,4209
v7-s10-v139,v7,canon,141,The Null Core,1,0,0,2848
v7-s1-v91,v7,canon,141,The Scribes of Aether,1,0,0,2015
v7-s2-v36,v7,canon,142,The Crimson Ascent,0,11,1,3977
v7-s1-v92,v7,canon,142,The Scribes of Aether,1,0,0,2014
v7-s9-v45,v7,canon,142,The Obsidian Plume,1,0,0,4831
v7-s8-v35,v7,canon,142,The Unseen Weave,0,3,1,2890
v7-s7-v137,v7,canon,142,The Aethel Stream,1,1,1,4225
v7-s5-v141,v7,canon,142,The Path of Resonance,1,0,0,5449
v7-s10-v140,v7,canon,142,The Null Core,1,0,0,2819
v7-s0-v139,v7,canon,142,The Azure Current,1,0,0,5198
v7-s13-v125,v7,canon,142,The Nexus Weave,1,0,0,4209
v7-s3-v140,v7,canon,142,The Axiomatic Truth,1,0,0,4078
v7-s6-v142,v7,canon,142,The Ouroboros Circuit,1,0,0,5040
v7-s14-v132,v7,canon,142,The Harmonic Flow,1,0,0,3459
v7-s12-v139,v7,canon,142,The Lumina Umbra,1,0,0,4976
v7-s11-v128,v7,canon,142,The Digital Nexus,1,0,0,4387
v7-s7-v138,v7,canon,143,The Aethel Stream,1,1,1,4312
v7-s10-v141,v7,canon,143,The Null Core,1,0,0,2852
v7-s0-v140,v7,canon,143,The Azure Current,1,0,0,5074
v7-s1-v93,v7,canon,143,The Scribes of Aether,1,0,0,2017
v7-s5-v142,v7,canon,143,The Path of Resonance,1,0,0,5160
v7-s12-v140,v7,canon,143,The Lumina Umbra,1,0,0,4948
v7-s14-v133,v7,canon,143,The Harmonic Flow,1,0,0,3453
v7-s3-v141,v7,canon,143,The Axiomatic Truth,1,0,0,4037
v7-s13-v126,v7,canon,143,The Nexus Weave,1,0,0,4209
v7-s6-v143,v7,canon,143,The Ouroboros Circuit,1,0,0,5054
v7-s11-v129,v7,canon,143,The Digital Nexus,1,0,0,4387
v7-s8-v36,v7,canon,144,The Unseen Weave,0,3,1,2895
v7-s5-v143,v7,canon,144,The Path of Resonance,1,0,0,5239
v7-s0-v141,v7,canon,144,The Azure Current,1,0,0,5075
v7-s13-v127,v7,canon,144,The Nexus Weave,1,0,0,4209
v7-s3-v142,v7,canon,144,The Axiomatic Truth,1,0,0,4100
v7-s6-v144,v7,canon,144,The Ouroboros Circuit,1,0,0,5004
v7-s7-v139,v7,canon,144,The Aethel Stream,1,1,1,4193
v7-s10-v142,v7,canon,144,The Null Core,1,0,0,2819
v7-s1-v94,v7,canon,144,The Scribes of Aether,1,0,0,2016
v7-s14-v134,v7,canon,144,The Harmonic Flow,1,2,1,4702
v7-s11-v130,v7,canon,144,The Digital Nexus,1,0,0,4387
v7-s12-v141,v7,canon,144,The Lumina Umbra,1,0,0,4944
v7-s9-v46,v7,canon,145,The Obsidian Plume,1,0,0,4831
v7-s2-v37,v7,canon,145,The Crimson Ascent,0,11,1,4269
v7-s0-v142,v7,canon,145,The Azure Current,1,0,0,5075
v7-s6-v145,v7,canon,145,The Ouroboros Circuit,1,0,0,5002
v7-s5-v144,v7,canon,145,The Path of Resonance,1,0,0,5185
v7-s7-v140,v7,canon,145,The Aethel Stream,1,1,1,4232
v7-s13-v128,v7,canon,145,The Nexus Weave,1,0,0,4209
v7-s12-v142,v7,canon,145,The Lumina Umbra,1,0,0,4952
v7-s14-v135,v7,canon,145,The Harmonic Flow,1,2,1,4698
v7-s10-v143,v7,canon,145,The Null Core,1,0,0,2835
v7-s11-v131,v7,canon,145,The Digital Nexus,1,0,0,4520
v7-s1-v95,v7,canon,145,The Scribes of Aether,1,0,0,2013
v7-s3-v143,v7,canon,145,The Axiomatic Truth,1,0,0,4019
v7-s6-v146,v7,canon,146,The Ouroboros Circuit,1,0,0,5136
v7-s0-v143,v7,canon,146,The Azure Current,1,0,0,5233
v7-s8-v37,v7,canon,146,The Unseen Weave,0,3,1,2891
v7-s3-v144,v7,canon,146,The Axiomatic Truth,1,0,0,4156
v7-s5-v145,v7,canon,146,The Path of Resonance,1,0,0,5155
v7-s11-v132,v7,canon,146,The Digital Nexus,1,0,0,4387
v7-s7-v141,v7,canon,146,The Aethel Stream,1,1,1,4169
v7-s10-v144,v7,canon,146,The Null Core,1,0,0,2826
v7-s12-v143,v7,canon,146,The Lumina Umbra,1,0,0,4965
v7-s13-v129,v7,canon,146,The Nexus Weave,1,0,0,4209
v7-s1-v96,v7,canon,146,The Scribes of Aether,1,0,0,2017
v7-s14-v136,v7,canon,146,The Harmonic Flow,1,2,1,4702
v7-s2-v38,v7,canon,147,The Crimson Ascent,0,11,1,4459
v7-s1-v97,v7,canon,147,The Scribes of Aether,1,0,0,2022
v7-s7-v142,v7,canon,147,The Aethel Stream,1,1,1,4143
v7-s6-v147,v7,canon,147,The Ouroboros Circuit,1,0,0,5075
v7-s10-v145,v7,canon,147,The Null Core,1,0,0,2848
v7-s0-v144,v7,canon,147,The Azure Current,1,0,0,5223
v7-s12-v144,v7,canon,147,The Lumina Umbra,1,0,0,4936
v7-s5-v146,v7,canon,147,The Path of Resonance,1,0,0,5213
v7-s13-v130,v7,canon,147,The Nexus Weave,1,0,0,4209
v7-s14-v137,v7,canon,147,The Harmonic Flow,1,2,1,4699
v7-s3-v145,v7,canon,147,The Axiomatic Truth,1,0,0,4030
v7-s9-v47,v7,canon,148,The Obsidian Plume,1,0,0,4831
v7-s8-v38,v7,canon,148,The Unseen Weave,0,3,1,2895
v7-s7-v143,v7,canon,148,The Aethel Stream,1,1,1,4093
v7-s6-v148,v7,canon,148,The Ouroboros Circuit,1,0,0,5073
v7-s5-v147,v7,canon,148,The Path of Resonance,1,0,0,5217
v7-s0-v145,v7,canon,148,The Azure Current,1,0,0,5223
v7-s3-v146,v7,canon,148,The Axiomatic Truth,1,0,0,4078
v7-s13-v131,v7,canon,148,The Nexus Weave,1,0,0,4209
v7-s11-v133,v7,canon,148,The Digital Nexus,1,0,0,4450
v7-s1-v98,v7,canon,148,The Scribes of Aether,1,0,0,2023
v7-s10-v146,v7,canon,148,The Null Core,1,0,0,2849
v7-s14-v138,v7,canon,148,The Harmonic Flow,1,0,0,3459
v7-s12-v145,v7,canon,148,The Lumina Umbra,1,0,0,4880
v7-s2-v39,v7,canon,149,The Crimson Ascent,0,11,1,4815
v7-s7-v144,v7,canon,149,The Aethel Stream,1,1,1,4079
v7-s5-v148,v7,canon,149,The Path of Resonance,1,0,0,5259
v7-s10-v147,v7,canon,149,The Null Core,1,0,0,2829
v7-s0-v146,v7,canon,149,The Azure Current,1,0,0,5188
v7-s13-v132,v7,canon,149,The Nexus Weave,1,0,0,4209
v7-s12-v146,v7,canon,149,The Lumina Umbra,1,0,0,4985
v7-s11-v134,v7,canon,149,The Digital Nexus,1,0,0,4523
v7-s3-v147,v7,canon,149,The Axiomatic Truth,1,0,0,4031
v7-s6-v149,v7,canon,149,The Ouroboros Circuit,1,0,0,5055
v7-s14-v139,v7,canon,149,The Harmonic Flow,1,0,0,3455
v7-s1-v99,v7,canon,149,The Scribes of Aether,1,0,0,2029
v7-s7-v145,v7,canon,150,The Aethel Stream,1,1,1,4037
v7-s1-v100,v7,canon,150,The Scribes of Aether,1,1,1,3496
v7-s5-v149,v7,canon,150,The Path of Resonance,1,0,0,5289
v7-s0-v147,v7,canon,150,The Azure Current,1,0,0,5188
v7-s6-v150,v7,canon,150,The Ouroboros Circuit,1,0,0,5022
v7-s10-v148,v7,canon,150,The Null Core,1,0,0,2826
v7-s13-v133,v7,canon,150,The Nexus Weave,1,0,0,4209
v7-s3-v148,v7,canon,150,The Axiomatic Truth,1,0,0,4167
v7-s12-v147,v7,canon,150,The Lumina Umbra,1,0,0,4928
v7-s11-v135,v7,canon,150,The Digital Nexus,1,0,0,4387
v7-s14-v140,v7,canon,150,The Harmonic Flow,1,0,0,3461
v7-s8-v39,v7,canon,151,The Unseen Weave,0,3,1,2896
v7-s9-v48,v7,canon,151,The Obsidian Plume,1,0,0,5078
v7-s0-v148,v7,canon,151,The Azure Current,1,0,0,5188
v7-s10-v149,v7,canon,151,The Null Core,1,0,0,2816
v7-s5-v150,v7,canon,151,The Path of Resonance,1,0,0,5229
v7-s7-v146,v7,canon,151,The Aethel Stream,1,1,1,4079
v7-s11-v136,v7,canon,151,The Digital Nexus,1,0,0,4387
v7-s6-v151,v7,canon,151,The Ouroboros Circuit,1,0,0,5066
v7-s13-v134,v7,canon,151,The Nexus Weave,1,0,0,4209
v7-s12-v148,v7,canon,151,The Lumina Umbra,1,0,0,4948
v7-s1-v101,v7,canon,151,The Scribes of Aether,1,1,1,3503
v7-s3-v149,v7,canon,151,The Axiomatic Truth,1,0,0,4042
v7-s14-v141,v7,canon,151,The Harmonic Flow,1,0,0,3453
v7-s0-v149,v7,canon,152,The Azure Current,1,0,0,5188
v7-s1-v102,v7,canon,152,The Scribes of Aether,1,1,1,3505
v7-s5-v151,v7,canon,152,The Path of Resonance,1,0,0,5426
v7-s7-v147,v7,canon,152,The Aethel Stream,1,1,1,4140
v7-s11-v137,v7,canon,152,The Digital Nexus,1,0,0,4387
v7-s3-v150,v7,canon,152,The Axiomatic Truth,1,0,0,4098
v7-s12-v149,v7,canon,152,The Lumina Umbra,1,0,0,4854
v7-s10-v150,v7,canon,152,The Null Core,1,0,0,2851
v7-s6-v152,v7,canon,152,The Ouroboros Circuit,1,0,0,5052
v7-s13-v135,v7,canon,152,The Nexus Weave,1,0,0,4209
v7-s14-v142,v7,canon,152,The Harmonic Flow,1,0,0,3461
v7-s8-v40,v7,canon,153,The Unseen Weave,0,3,1,2896
v7-s0-v150,v7,canon,153,The Azure Current,1,0,0,5131
v7-s5-v152,v7,canon,153,The Path of Resonance,1,0,0,5349
v7-s7-v148,v7,canon,153,The Aethel Stream,1,1,1,4144
v7-s13-v136,v7,canon,153,The Nexus Weave,1,0,0,4209
v7-s14-v143,v7,canon,153,The Harmonic Flow,1,0,0,3455
v7-s6-v153,v7,canon,153,The Ouroboros Circuit,1,0,0,5055
v7-s11-v138,v7,canon,153,The Digital Nexus,1,0,0,4450
v7-s3-v151,v7,canon,153,The Axiomatic Truth,1,0,0,4048
v7-s10-v151,v7,canon,153,The Null Core,1,0,0,2846
v7-s12-v150,v7,canon,153,The Lumina Umbra,1,0,0,4776
v7-s1-v103,v7,canon,153,The Scribes of Aether,1,1,1,3510
v7-s9-v49,v7,canon,154,The Obsidian Plume,1,0,0,5078
v7-s3-v152,v7,canon,154,The Axiomatic Truth,1,0,0,4084
v7-s2-v40,v7,canon,154,The Crimson Ascent,0,11,1,4858
v7-s0-v151,v7,canon,154,The Azure Current,1,0,0,5160
v7-s7-v149,v7,canon,154,The Aethel Stream,1,1,1,4061
v7-s11-v139,v7,canon,154,The Digital Nexus,1,0,0,4387
v7-s13-v137,v7,canon,154,The Nexus Weave,1,0,0,4209
v7-s5-v153,v7,canon,154,The Path of Resonance,1,0,0,5382
v7-s6-v154,v7,canon,154,The Ouroboros Circuit,1,0,0,5056
v7-s14-v144,v7,canon,154,The Harmonic Flow,1,0,0,3460
v7-s12-v151,v7,canon,154,The Lumina Umbra,1,0,0,4778
v7-s10-v152,v7,canon,154,The Null Core,1,0,0,2824
v7-s1-v104,v7,canon,154,The Scribes of Aether,1,1,1,3511
v7-s8-v41,v7,canon,155,The Unseen Weave,0,3,1,2892
v7-s1-v105,v7,canon,155,The Scribes of Aether,1,1,1,3514
v7-s13-v138,v7,canon,155,The Nexus Weave,1,0,0,4222
v7-s7-v150,v7,canon,155,The Aethel Stream,1,1,1,4065
v7-s5-v154,v7,canon,155,The Path of Resonance,1,0,0,5382
v7-s0-v152,v7,canon,155,The Azure Current,1,0,0,5180
v7-s3-v153,v7,canon,155,The Axiomatic Truth,1,0,0,4057
v7-s14-v145,v7,canon,155,The Harmonic Flow,1,0,0,3455
v7-s6-v155,v7,canon,155,The Ouroboros Circuit,1,0,0,5052
v7-s11-v140,v7,canon,155,The Digital Nexus,1,0,0,4387
v7-s10-v153,v7,canon,155,The Null Core,1,0,0,2845
v7-s12-v152,v7,canon,155,The Lumina Umbra,1,0,0,4778
v7-s7-v151,v7,canon,156,The Aethel Stream,1,1,1,4028
v7-s3-v154,v7,canon,156,The Axiomatic Truth,1,0,0,994
v7-s5-v155,v7,canon,156,The Path of Resonance,1,0,0,5384
v7-s0-v153,v7,canon,156,The Azure Current,1,0,0,5194
v7-s6-v156,v7,canon,156,The Ouroboros Circuit,1,0,0,5064
v7-s10-v154,v7,canon,156,The Null Core,1,0,0,2843
v7-s1-v106,v7,canon,156,The Scribes of Aether,1,0,0,2044
v7-s12-v153,v7,canon,156,The Lumina Umbra,1,0,0,4768
v7-s14-v146,v7,canon,156,The Harmonic Flow,1,0,0,3458
v7-s13-v139,v7,canon,156,The Nexus Weave,1,0,0,4222
v7-s8-v42,v7,canon,157,The Unseen Weave,0,3,1,2892
v7-s2-v41,v7,canon,157,The Crimson Ascent,0,11,1,4895
v7-s5-v156,v7,canon,157,The Path of Resonance,1,0,0,5334
v7-s7-v152,v7,canon,157,The Aethel Stream,1,1,1,4042
v7-s0-v154,v7,canon,157,The Azure Current,1,0,0,5125
v7-s11-v141,v7,canon,157,The Digital Nexus,1,0,0,4387
v7-s10-v155,v7,canon,157,The Null Core,1,0,0,2826
v7-s14-v147,v7,canon,157,The Harmonic Flow,1,0,0,3456
v7-s3-v155,v7,canon,157,The Axiomatic Truth,1,0,0,995
v7-s12-v154,v7,canon,157,The Lumina Umbra,1,0,0,4762
v7-s6-v157,v7,canon,157,The Ouroboros Circuit,1,0,0,5073
v7-s13-v140,v7,canon,157,The Nexus Weave,1,0,0,4222
v7-s1-v107,v7,canon,157,The Scribes of Aether,1,0,0,2047
v7-s7-v153,v7,canon,158,The Aethel Stream,1,1,1,4016
v7-s3-v156,v7,canon,158,The Axiomatic Truth,1,0,0,994
v7-s1-v108,v7,canon,158,The Scribes of Aether,1,0,0,2046
v7-s9-v50,v7,canon,158,The Obsidian Plume,1,0,0,5084
v7-s12-v155,v7,canon,158,The Lumina Umbra,1,0,0,4752
v7-s5-v157,v7,canon,158,The Path of Resonance,1,0,0,5330
v7-s0-v155,v7,canon,158,The Azure Current,1,0,0,5195
v7-s6-v158,v7,canon,158,The Ouroboros Circuit,1,0,0,5137
v7-s13-v141,v7,canon,158,The Nexus Weave,1,0,0,4222
v7-s10-v156,v7,canon,158,The Null Core,1,0,0,2848
v7-s14-v148,v7,canon,158,The Harmonic Flow,1,0,0,3460
v7-s11-v142,v7,canon,158,The Digital Nexus,1,0,0,4450
v7-s8-v43,v7,canon,159,The Unseen Weave,0,3,1,2892
v7-s0-v156,v7,canon,159,The Azure Current,1,0,0,5254
v7-s7-v154,v7,canon,159,The Aethel Stream,1,1,1,4021
v7-s5-v158,v7,canon,159,The Path of Resonance,1,0,0,5332
v7-s6-v159,v7,canon,159,The Ouroboros Circuit,1,0,0,5050
v7-s3-v157,v7,canon,159,The Axiomatic Truth,1,0,0,995
v7-s14-v149,v7,canon,159,The Harmonic Flow,1,0,0,3458
v7-s10-v157,v7,canon,159,The Null Core,1,0,0,2852
v7-s1-v109,v7,canon,159,The Scribes of Aether,1,0,0,2049
v7-s12-v156,v7,canon,159,The Lumina Umbra,1,0,0,4756
v7-s11-v143,v7,canon,159,The Digital Nexus,1,0,0,4387
v7-s13-v142,v7,canon,159,The Nexus Weave,1,0,0,4222
v7-s7-v155,v7,canon,160,The Aethel Stream,1,1,1,4048
v7-s0-v157,v7,canon,160,The Azure Current,1,0,0,5266
v7-s5-v159,v7,canon,160,The Path of Resonance,1,0,0,5332
v7-s13-v143,v7,canon,160,The Nexus Weave,1,0,0,4222
v7-s6-v160,v7,canon,160,The Ouroboros Circuit,1,0,0,5055
v7-s14-v150,v7,canon,160,The Harmonic Flow,1,0,0,3465
v7-s10-v158,v7,canon,160,The Null Core,1,0,0,2796
v7-s11-v144,v7,canon,160,The Digital Nexus,1,0,0,4450
v7-s12-v157,v7,canon,160,The Lumina Umbra,1,0,0,4764
v7-s3-v158,v7,canon,160,The Axiomatic Truth,1,0,0,992
v7-s1-v110,v7,canon,160,The Scribes of Aether,1,0,0,2041
v7-s5-v160,v7,canon,161,The Path of Resonance,1,0,0,5332
v7-s7-v156,v7,canon,161,The Aethel Stream,1,1,1,4017
v7-s14-v151,v7,canon,161,The Harmonic Flow,1,0,0,3457
v7-s0-v158,v7,canon,161,The Azure Current,1,0,0,5260
v7-s6-v161,v7,canon,161,The Ouroboros Circuit,1,0,0,5085
v7-s11-v145,v7,canon,161,The Digital Nexus,1,0,0,4308
v7-s13-v144,v7,canon,161,The Nexus Weave,1,0,0,4222
v7-s3-v159,v7,canon,161,The Axiomatic Truth,1,0,0,995
v7-s10-v159,v7,canon,161,The Null Core,1,0,0,2801
v7-s12-v158,v7,canon,161,The Lumina Umbra,1,0,0,4786
v7-s1-v111,v7,canon,161,The Scribes of Aether,1,0,0,2048
v7-s9-v51,v7,canon,162,The Obsidian Plume,1,0,0,5084
v7-s2-v42,v7,canon,162,The Crimson Ascent,0,11,1,4948
v7-s8-v44,v7,canon,162,The Unseen Weave,0,3,1,2892
v7-s5-v161,v7,canon,162,The Path of Resonance,1,0,0,5334
v7-s7-v157,v7,canon,162,The Aethel Stream,1,1,1,4168
v7-s11-v146,v7,canon,162,The Digital Nexus,1,0,0,3906
v7-s0-v159,v7,canon,162,The Azure Current,1,0,0,5253
v7-s12-v159,v7,canon,162,The Lumina Umbra,1,0,0,4768
v7-s3-v160,v7,canon,162,The Axiomatic Truth,1,0,0,4028
v7-s6-v162,v7,canon,162,The Ouroboros Circuit,1,0,0,5092
v7-s13-v145,v7,canon,162,The Nexus Weave,1,0,0,4222
v7-s10-v160,v7,canon,162,The Null Core,1,0,0,2801
v7-s14-v152,v7,canon,162,The Harmonic Flow,1,0,0,3465
v7-s1-v112,v7,canon,162,The Scribes of Aether,1,0,0,2051
v7-s9-v52,v7,canon,163,The Obsidian Plume,1,0,0,5084
v7-s12-v160,v7,canon,163,The Lumina Umbra,1,0,0,4759
v7-s0-v160,v7,canon,163,The Azure Current,1,0,0,5359
v7-s13-v146,v7,canon,163,The Nexus Weave,1,0,0,4222
v7-s7-v158,v7,canon,163,The Aethel Stream,1,1,1,4172
v7-s5-v162,v7,canon,163,The Path of Resonance,1,0,0,5334
v7-s11-v147,v7,canon,163,The Digital Nexus,1,0,0,4371
v7-s3-v161,v7,canon,163,The Axiomatic Truth,1,0,0,1098
v7-s1-v113,v7,canon,163,The Scribes of Aether,1,1,1,3505
v7-s14-v153,v7,canon,163,The Harmonic Flow,1,0,0,3459
v7-s10-v161,v7,canon,163,The Null Core,1,0,0,2834
v7-s6-v163,v7,canon,163,The Ouroboros Circuit,1,0,0,5084
v7-s8-v45,v7,canon,164,The Unseen Weave,0,3,1,2892
v7-s5-v163,v7,canon,164,The Path of Resonance,1,0,0,5217
v7-s12-v161,v7,canon,164,The Lumina Umbra,1,0,0,4757
v7-s6-v164,v7,canon,164,The Ouroboros Circuit,1,0,0,5108
v7-s0-v161,v7,canon,164,The Azure Current,1,0,0,5390
v7-s7-v159,v7,canon,164,The Aethel Stream,1,1,1,4176
v7-s10-v162,v7,canon,164,The Null Core,1,0,0,2838
v7-s13-v147,v7,canon,164,The Nexus Weave,1,0,0,4222
v7-s3-v162,v7,canon,164,The Axiomatic Truth,1,0,0,1097
v7-s14-v154,v7,canon,164,The Harmonic Flow,1,0,0,3464
v7-s1-v114,v7,canon,164,The Scribes of Aether,1,0,0,2053
v7-s11-v148,v7,canon,164,The Digital Nexus,1,0,0,4371
v7-s2-v43,v7,canon,165,The Crimson Ascent,0,11,1,4948
v7-s0-v162,v7,canon,165,The Azure Current,1,0,0,5274
v7-s7-v160,v7,canon,165,The Aethel Stream,1,1,1,4172
v7-s12-v162,v7,canon,165,The Lumina Umbra,1,0,0,4751
v7-s6-v165,v7,canon,165,The Ouroboros Circuit,1,0,0,5082
v7-s11-v149,v7,canon,165,The Digital Nexus,1,0,0,4371
v7-s3-v163,v7,canon,165,The Axiomatic Truth,1,0,0,1098
v7-s5-v164,v7,canon,165,The Path of Resonance,1,0,0,5217
v7-s13-v148,v7,canon,165,The Nexus Weave,1,0,0,4347
v7-s10-v163,v7,canon,165,The Null Core,1,0,0,2837
v7-s14-v155,v7,canon,165,The Harmonic Flow,1,0,0,3459
v7-s1-v115,v7,canon,165,The Scribes of Aether,1,0,0,2057
v7-s3-v164,v7,canon,166,The Axiomatic Truth,1,0,0,1265
v7-s8-v46,v7,canon,166,The Unseen Weave,0,3,1,2892
v7-s7-v161,v7,canon,166,The Aethel Stream,1,1,1,4114
v7-s0-v163,v7,canon,166,The Azure Current,1,0,0,5317
v7-s5-v165,v7,canon,166,The Path of Resonance,1,0,0,5217
v7-s6-v166,v7,canon,166,The Ouroboros Circuit,1,0,0,5100
v7-s11-v150,v7,canon,166,The Digital Nexus,1,0,0,4371
v7-s12-v163,v7,canon,166,The Lumina Umbra,1,0,0,4757
v7-s14-v156,v7,canon,166,The Harmonic Flow,1,2,1,4665
v7-s13-v149,v7,canon,166,The Nexus Weave,1,0,0,4223
v7-s1-v116,v7,canon,166,The Scribes of Aether,1,0,0,2058
v7-s10-v164,v7,canon,166,The Null Core,1,0,0,2834
v7-s2-v44,v7,canon,167,The Crimson Ascent,0,11,1,4950
v7-s1-v117,v7,canon,167,The Scribes of Aether,1,1,1,3469
v7-s0-v164,v7,canon,167,The Azure Current,1,0,0,5234
v7-s12-v164,v7,canon,167,The Lumina Umbra,1,0,0,4673
v7-s14-v157,v7,canon,167,The Harmonic Flow,1,2,1,4660
v7-s5-v166,v7,canon,167,The Path of Resonance,1,0,0,5217
v7-s6-v167,v7,canon,167,The Ouroboros Circuit,1,0,0,5100
v7-s7-v162,v7,canon,167,The Aethel Stream,1,1,1,4066
v7-s10-v165,v7,canon,167,The Null Core,1,0,0,2831
v7-s3-v165,v7,canon,167,The Axiomatic Truth,1,0,0,1268
v7-s11-v151,v7,canon,167,The Digital Nexus,1,0,0,4371
v7-s13-v150,v7,canon,167,The Nexus Weave,1,0,0,4224
v7-s1-v118,v7,canon,168,The Scribes of Aether,1,0,0,2317
v7-s9-v53,v7,canon,168,The Obsidian Plume,1,0,0,5084
v7-s3-v166,v7,canon,168,The Axiomatic Truth,1,0,0,1265
v7-s0-v165,v7,canon,168,The Azure Current,1,0,0,5284
v7-s10-v166,v7,canon,168,The Null Core,1,0,0,2826
v7-s7-v163,v7,canon,168,The Aethel Stream,1,1,1,4066
v7-s6-v168,v7,canon,168,The Ouroboros Circuit,1,0,0,5062
v7-s5-v167,v7,canon,168,The Path of Resonance,1,0,0,5217
v7-s12-v165,v7,canon,168,The Lumina Umbra,1,0,0,4764
v7-s11-v152,v7,canon,168,The Digital Nexus,1,0,0,4371
v7-s13-v151,v7,canon,168,The Nexus Weave,1,0,0,4224
v7-s14-v158,v7,canon,168,The Harmonic Flow,1,2,1,4667
v7-s2-v45,v7,canon,169,The Crimson Ascent,0,11,1,4948
v7-s8-v47,v7,canon,169,The Unseen Weave,0,3,1,2892
v7-s7-v164,v7,canon,169,The Aethel Stream,1,1,1,4066
v7-s0-v166,v7,canon,169,The Azure Current,1,0,0,5282
v7-s5-v168,v7,canon,169,The Path of Resonance,1,0,0,5218
v7-s14-v159,v7,canon,169,The Harmonic Flow,1,2,1,4654
v7-s6-v169,v7,canon,169,The Ouroboros Circuit,1,0,0,5082
v7-s10-v167,v7,canon,169,The Null Core,1,0,0,2822
v7-s13-v152,v7,canon,169,The Nexus Weave,1,0,0,4224
v7-s11-v153,v7,canon,169,The Digital Nexus,1,0,0,4371
v7-s12-v166,v7,canon,169,The Lumina Umbra,1,0,0,4783
v7-s3-v167,v7,canon,169,The Axiomatic Truth,1,0,0,1268
v7-s9-v54,v7,canon,170,The Obsidian Plume,1,0,0,5084
v7-s6-v170,v7,canon,170,The Ouroboros Circuit,1,0,0,5091
v7-s5-v169,v7,canon,170,The Path of Resonance,1,0,0,5218
v7-s10-v168,v7,canon,170,The Null Core,1,0,0,2823
v7-s7-v165,v7,canon,170,The Aethel Stream,1,1,1,4065
v7-s0-v167,v7,canon,170,The Azure Current,1,0,0,5200
v7-s3-v168,v7,canon,170,The Axiomatic Truth,1,0,0,1303
v7-s13-v153,v7,canon,170,The Nexus Weave,1,0,0,4224
v7-s14-v160,v7,canon,170,The Harmonic Flow,1,2,1,4670
v7-s11-v154,v7,canon,170,The Digital Nexus,1,0,0,4371
v7-s12-v167,v7,canon,170,The Lumina Umbra,1,0,0,4778
v7-s2-v46,v7,canon,171,The Crimson Ascent,0,11,1,4983
v7-s8-v48,v7,canon,171,The Unseen Weave,0,3,1,2896
v7-s1-v119,v7,canon,171,The Scribes of Aether,1,0,0,2317
v7-s6-v171,v7,canon,171,The Ouroboros Circuit,1,0,0,5024
v7-s7-v166,v7,canon,171,The Aethel Stream,1,1,1,4065
v7-s0-v168,v7,canon,171,The Azure Current,1,0,0,5280
v7-s5-v170,v7,canon,171,The Path of Resonance,1,0,0,5218
v7-s12-v168,v7,canon,171,The Lumina Umbra,1,0,0,4773
v7-s13-v154,v7,canon,171,The Nexus Weave,1,0,0,4225
v7-s10-v169,v7,canon,171,The Null Core,1,0,0,2806
v7-s11-v155,v7,canon,171,The Digital Nexus,1,0,0,4371
v7-s3-v169,v7,canon,171,The Axiomatic Truth,1,0,0,1304
v7-s14-v161,v7,canon,171,The Harmonic Flow,1,2,1,4662
v7-s7-v167,v7,canon,172,The Aethel Stream,1,1,1,4063
v7-s5-v171,v7,canon,172,The Path of Resonance,1,0,0,5218
v7-s0-v169,v7,canon,172,The Azure Current,1,0,0,5380
v7-s12-v169,v7,canon,172,The Lumina Umbra,1,0,0,4818
v7-s10-v170,v7,canon,172,The Null Core,1,0,0,2841
v7-s14-v162,v7,canon,172,The Harmonic Flow,1,2,1,4670
v7-s6-v172,v7,canon,172,The Ouroboros Circuit,1,0,0,4993
v7-s13-v155,v7,canon,172,The Nexus Weave,1,0,0,4225
v7-s11-v156,v7,canon,172,The Digital Nexus,1,0,0,4371
v7-s3-v170,v7,canon,172,The Axiomatic Truth,1,0,0,1302
v7-s8-v49,v7,canon,173,The Unseen Weave,0,3,1,2898
v7-s2-v47,v7,canon,173,The Crimson Ascent,0,11,1,5021
v7-s14-v163,v7,canon,173,The Harmonic Flow,1,2,1,4664
v7-s5-v172,v7,canon,173,The Path of Resonance,1,0,0,5218
v7-s0-v170,v7,canon,173,The Azure Current,1,0,0,5052
v7-s10-v171,v7,canon,173,The Null Core,1,0,0,2841
v7-s7-v168,v7,canon,173,The Aethel Stream,1,1,1,4064
v7-s6-v173,v7,canon,173,The Ouroboros Circuit,1,0,0,4993
v7-s11-v157,v7,canon,173,The Digital Nexus,1,0,0,4371
v7-s13-v156,v7,canon,173,The Nexus Weave,1,0,0,4225
v7-s12-v170,v7,canon,173,The Lumina Umbra,1,0,0,4817
v7-s3-v171,v7,canon,173,The Axiomatic Truth,1,0,0,1304
v7-s1-v120,v7,canon,174,The Scribes of Aether,1,0,0,2317
v7-s9-v55,v7,canon,174,The Obsidian Plume,1,0,0,5084
v7-s5-v173,v7,canon,174,The Path of Resonance,1,0,0,5219
v7-s6-v174,v7,canon,174,The Ouroboros Circuit,1,0,0,4990
v7-s7-v169,v7,canon,174,The Aethel Stream,1,1,1,3980
v7-s12-v171,v7,canon,174,The Lumina Umbra,1,0,0,4771
v7-s0-v171,v7,canon,174,The Azure Current,1,0,0,5358
v7-s11-v158,v7,canon,174,The Digital Nexus,1,0,0,4371
v7-s10-v172,v7,canon,174,The Null Core,1,0,0,2847
v7-s3-v172,v7,canon,174,The Axiomatic Truth,1,0,0,1303
v7-s13-v157,v7,canon,174,The Nexus Weave,1,0,0,4225
v7-s14-v164,v7,canon,174,The Harmonic Flow,1,2,1,4669
v7-s2-v48,v7,canon,175,The Crimson Ascent,0,11,1,5050
v7-s7-v170,v7,canon,175,The Aethel Stream,1,1,1,3980
v7-s8-v50,v7,canon,175,The Unseen Weave,0,3,1,2900
v7-s11-v159,v7,canon,175,The Digital Nexus,1,0,0,4371
v7-s0-v172,v7,canon,175,The Azure Current,1,0,0,5322
v7-s5-v174,v7,canon,175,The Path of Resonance,1,0,0,5219
v7-s14-v165,v7,canon,175,The Harmonic Flow,1,2,1,4664
v7-s13-v158,v7,canon,175,The Nexus Weave,1,0,0,4225
v7-s10-v173,v7,canon,175,The Null Core,1,0,0,2842
v7-s6-v175,v7,canon,175,The Ouroboros Circuit,1,0,0,4994
v7-s3-v173,v7,canon,175,The Axiomatic Truth,1,0,0,1302
v7-s12-v172,v7,canon,175,The Lumina Umbra,1,0,0,4762
v7-s7-v171,v7,canon,176,The Aethel Stream,1,0,0,4052
v7-s0-v173,v7,canon,176,The Azure Current,1,0,0,5322
v7-s6-v176,v7,canon,176,The Ouroboros Circuit,1,0,0,5003
v7-s10-v174,v7,canon,176,The Null Core,1,0,0,2846
v7-s13-v159,v7,canon,176,The Nexus Weave,1,0,0,4223
v7-s5-v175,v7,canon,176,The Path of Resonance,1,0,0,5219
v7-s3-v174,v7,canon,176,The Axiomatic Truth,1,0,0,1299
v7-s11-v160,v7,canon,176,The Digital Nexus,1,0,0,4371
v7-s12-v173,v7,canon,176,The Lumina Umbra,1,0,0,4757
v7-s14-v166,v7,canon,176,The Harmonic Flow,1,2,1,4667
v7-s2-v49,v7,canon,177,The Crimson Ascent,0,11,1,5090
v7-s9-v56,v7,canon,177,The Obsidian Plume,1,0,0,5084
v7-s8-v51,v7,canon,177,The Unseen Weave,0,3,1,2901
v7-s1-v121,v7,canon,177,The Scribes of Aether,1,0,0,2480
v7-s5-v176,v7,canon,177,The Path of Resonance,1,0,0,5219
v7-s0-v174,v7,canon,177,The Azure Current,1,0,0,5285
v7-s14-v167,v7,canon,177,The Harmonic Flow,1,2,1,4664
v7-s6-v177,v7,canon,177,The Ouroboros Circuit,1,0,0,5042
v7-s7-v172,v7,canon,177,The Aethel Stream,1,1,1,3917
v7-s10-v175,v7,canon,177,The Null Core,1,0,0,2826
v7-s3-v175,v7,canon,177,The Axiomatic Truth,1,0,0,1304
v7-s13-v160,v7,canon,177,The Nexus Weave,1,0,0,4343
v7-s12-v174,v7,canon,177,The Lumina Umbra,1,0,0,4754
v7-s11-v161,v7,canon,177,The Digital Nexus,1,0,0,4371
v7-s5-v177,v7,canon,178,The Path of Resonance,1,0,0,5219
v7-s3-v176,v7,canon,178,The Axiomatic Truth,1,0,0,1301
v7-s7-v173,v7,canon,178,The Aethel Stream,1,1,1,3938
v7-s0-v175,v7,canon,178,The Azure Current,1,0,0,5324
v7-s10-v176,v7,canon,178,The Null Core,1,0,0,2847
v7-s12-v175,v7,canon,178,The Lumina Umbra,1,0,0,4762
v7-s6-v178,v7,canon,178,The Ouroboros Circuit,1,0,0,5041
v7-s11-v162,v7,canon,178,The Digital Nexus,1,0,0,4371
v7-s13-v161,v7,canon,178,The Nexus Weave,1,0,0,4223
v7-s14-v168,v7,canon,178,The Harmonic Flow,1,0,0,3473
v7-s5-v178,v7,canon,179,The Path of Resonance,1,0,0,5219
v7-s8-v52,v7,canon,179,The Unseen Weave,0,3,1,2901
v7-s1-v122,v7,canon,179,The Scribes of Aether,1,0,0,2480
v7-s3-v177,v7,canon,179,The Axiomatic Truth,1,0,0,1304
v7-s0-v176,v7,canon,179,The Azure Current,1,0,0,5350
v7-s7-v174,v7,canon,179,The Aethel Stream,1,0,0,3995
v7-s13-v162,v7,canon,179,The Nexus Weave,1,0,0,4223
v7-s10-v177,v7,canon,179,The Null Core,1,0,0,2827
v7-s6-v179,v7,canon,179,The Ouroboros Circuit,1,0,0,5063
v7-s11-v163,v7,canon,179,The Digital Nexus,1,0,0,4371
v7-s14-v169,v7,canon,179,The Harmonic Flow,1,0,0,3468
v7-s12-v176,v7,canon,179,The Lumina Umbra,1,0,0,4808
v7-s0-v177,v7,canon,180,The Azure Current,1,0,0,5274
v7-s2-v50,v7,canon,180,The Crimson Ascent,0,11,1,5125
v7-s7-v175,v7,canon,180,The Aethel Stream,1,0,0,4035
v7-s5-v179,v7,canon,180,The Path of Resonance,1,0,0,5219
v7-s3-v178,v7,canon,180,The Axiomatic Truth,1,0,0,1301
v7-s13-v163,v7,canon,180,The Nexus Weave,1,0,0,4223
v7-s12-v177,v7,canon,180,The Lumina Umbra,1,0,0,4751
v7-s11-v164,v7,canon,180,The Digital Nexus,1,0,0,4371
v7-s6-v180,v7,canon,180,The Ouroboros Circuit,1,0,0,5073
v7-s10-v178,v7,canon,180,The Null Core,1,0,0,2834
v7-s14-v170,v7,canon,180,The Harmonic Flow,1,0,0,3475
v7-s8-v53,v7,canon,181,The Unseen Weave,0,3,1,2905
v7-s1-v123,v7,canon,181,The Scribes of Aether,1,0,0,2480
v7-s5-v180,v7,canon,181,The Path of Resonance,1,0,0,5219
v7-s0-v178,v7,canon,181,The Azure Current,1,0,0,5312
v7-s7-v176,v7,canon,181,The Aethel Stream,1,0,0,4039
v7-s14-v171,v7,canon,181,The Harmonic Flow,1,0,0,3467
v7-s11-v165,v7,canon,181,The Digital Nexus,1,0,0,4371
v7-s6-v181,v7,canon,181,The Ouroboros Circuit,1,0,0,5072
v7-s3-v179,v7,canon,181,The Axiomatic Truth,1,0,0,1304
v7-s13-v164,v7,canon,181,The Nexus Weave,1,0,0,4223
v7-s12-v178,v7,canon,181,The Lumina Umbra,1,0,0,4756
v7-s10-v179,v7,canon,181,The Null Core,1,0,0,2833
v7-s0-v179,v7,canon,182,The Azure Current,1,0,0,5238
v7-s2-v51,v7,canon,182,The Crimson Ascent,0,11,1,5163
v7-s3-v180,v7,canon,182,The Axiomatic Truth,1,0,0,3973
v7-s7-v177,v7,canon,182,The Aethel Stream,1,0,0,4041
v7-s13-v165,v7,canon,182,The Nexus Weave,1,0,0,4223
v7-s5-v181,v7,canon,182,The Path of Resonance,1,0,0,5217
v7-s12-v179,v7,canon,182,The Lumina Umbra,1,0,0,4687
v7-s11-v166,v7,canon,182,The Digital Nexus,1,0,0,4433
v7-s6-v182,v7,canon,182,The Ouroboros Circuit,1,0,0,5108
v7-s10-v180,v7,canon,182,The Null Core,1,0,0,2835
v7-s14-v172,v7,canon,182,The Harmonic Flow,1,2,1,4656
v7-s9-v57,v7,canon,183,The Obsidian Plume,1,0,0,5084
v7-s8-v54,v7,canon,183,The Unseen Weave,0,3,1,2905
v7-s7-v178,v7,canon,183,The Aethel Stream,1,1,1,3822
v7-s3-v181,v7,canon,183,The Axiomatic Truth,1,0,0,4030
v7-s0-v180,v7,canon,183,The Azure Current,1,0,0,5280
v7-s5-v182,v7,canon,183,The Path of Resonance,1,0,0,5217
v7-s11-v167,v7,canon,183,The Digital Nexus,1,0,0,4371
v7-s6-v183,v7,canon,183,The Ouroboros Circuit,1,0,0,5100
v7-s10-v181,v7,canon,183,The Null Core,1,0,0,2853
v7-s12-v180,v7,canon,183,The Lumina Umbra,1,0,0,4671
v7-s14-v173,v7,canon,183,The Harmonic Flow,1,2,1,4650
v7-s13-v166,v7,canon,183,The Nexus Weave,1,0,0,4223
v7-s3-v182,v7,canon,184,The Axiomatic Truth,1,0,0,3960
v7-s2-v52,v7,canon,184,The Crimson Ascent,0,11,1,5204
v7-s0-v181,v7,canon,184,The Azure Current,1,0,0,5244
v7-s5-v183,v7,canon,184,The Path of Resonance,1,0,0,5218
v7-s12-v181,v7,canon,184,The Lumina Umbra,1,0,0,4791
v7-s13-v167,v7,canon,184,The Nexus Weave,1,0,0,4223
v7-s7-v179,v7,canon,184,The Aethel Stream,1,0,0,4046
v7-s6-v184,v7,canon,184,The Ouroboros Circuit,1,0,0,5074
v7-s10-v182,v7,canon,184,The Null Core,1,0,0,2821
v7-s11-v168,v7,canon,184,The Digital Nexus,1,0,0,4371
v7-s8-v55,v7,canon,185,The Unseen Weave,0,3,1,2906
v7-s7-v180,v7,canon,185,The Aethel Stream,1,0,0,4046
v7-s1-v124,v7,canon,185,The Scribes of Aether,1,0,0,2602
v7-s5-v184,v7,canon,185,The Path of Resonance,1,0,0,5218
v7-s0-v182,v7,canon,185,The Azure Current,1,0,0,5262
v7-s12-v182,v7,canon,185,The Lumina Umbra,1,0,0,4766
v7-s11-v169,v7,canon,185,The Digital Nexus,1,0,0,4371
v7-s6-v185,v7,canon,185,The Ouroboros Circuit,1,0,0,5099
v7-s14-v174,v7,canon,185,The Harmonic Flow,1,2,1,4650
v7-s10-v183,v7,canon,185,The Null Core,1,0,0,2805
v7-s13-v168,v7,canon,185,The Nexus Weave,1,0,0,4223
v7-s3-v183,v7,canon,185,The Axiomatic Truth,1,0,0,1302
v7-s2-v53,v7,canon,186,The Crimson Ascent,0,11,1,5249
v7-s0-v183,v7,canon,186,The Azure Current,1,0,0,5253
v7-s5-v185,v7,canon,186,The Path of Resonance,1,0,0,5218
v7-s10-v184,v7,canon,186,The Null Core,1,0,0,2817
v7-s13-v169,v7,canon,186,The Nexus Weave,1,0,0,4223
v7-s6-v186,v7,canon,186,The Ouroboros Circuit,1,0,0,5095
v7-s7-v181,v7,canon,186,The Aethel Stream,1,0,0,4037
v7-s11-v170,v7,canon,186,The Digital Nexus,1,0,0,4371
v7-s3-v184,v7,canon,186,The Axiomatic Truth,1,0,0,1301
v7-s12-v183,v7,canon,186,The Lumina Umbra,1,0,0,4778
v7-s14-v175,v7,canon,186,The Harmonic Flow,1,2,1,4653
v7-s9-v58,v7,canon,187,The Obsidian Plume,1,0,0,5084
v7-s8-v56,v7,canon,187,The Unseen Weave,0,3,1,2906
v7-s0-v184,v7,canon,187,The Azure Current,1,0,0,5265
v7-s1-v125,v7,canon,187,The Scribes of Aether,1,0,0,2602
v7-s7-v182,v7,canon,187,The Aethel Stream,1,0,0,4037
v7-s5-v186,v7,canon,187,The Path of Resonance,1,0,0,5218
v7-s10-v185,v7,canon,187,The Null Core,1,0,0,2814
v7-s6-v187,v7,canon,187,The Ouroboros Circuit,1,0,0,5108
v7-s3-v185,v7,canon,187,The Axiomatic Truth,1,0,0,1302
v7-s11-v171,v7,canon,187,The Digital Nexus,1,0,0,4371
v7-s13-v170,v7,canon,187,The Nexus Weave,1,0,0,4345
v7-s12-v184,v7,canon,187,The Lumina Umbra,1,0,0,4778
v7-s3-v186,v7,canon,188,The Axiomatic Truth,1,0,0,1301
v7-s7-v183,v7,canon,188,The Aethel Stream,1,0,0,535
v7-s5-v187,v7,canon,188,The Path of Resonance,1,0,0,5218
v7-s13-v171,v7,canon,188,The Nexus Weave,1,0,0,4345
v7-s12-v185,v7,canon,188,The Lumina Umbra,1,0,0,4763
v7-s11-v172,v7,canon,188,The Digital Nexus,1,0,0,4371
v7-s0-v185,v7,canon,188,The Azure Current,1,0,0,5262
v7-s14-v176,v7,canon,188,The Harmonic Flow,1,2,1,4656
v7-s6-v188,v7,canon,188,The Ouroboros Circuit,1,0,0,5100
v7-s10-v186,v7,canon,188,The Null Core,1,0,0,2823
v7-s1-v126,v7,canon,188,The Scribes of Aether,1,0,0,2842
v7-s8-v57,v7,canon,189,The Unseen Weave,0,3,1,2907
v7-s7-v184,v7,canon,189,The Aethel Stream,1,0,0,535
v7-s6-v189,v7,canon,189,The Ouroboros Circuit,1,0,0,5085
v7-s3-v187,v7,canon,189,The Axiomatic Truth,1,0,0,1302
v7-s0-v186,v7,canon,189,The Azure Current,1,0,0,5191
v7-s12-v186,v7,canon,189,The Lumina Umbra,1,0,0,4831
v7-s11-v173,v7,canon,189,The Digital Nexus,1,0,0,4371
v7-s5-v188,v7,canon,189,The Path of Resonance,1,0,0,5218
v7-s1-v127,v7,canon,189,The Scribes of Aether,1,0,0,2842
v7-s10-v187,v7,canon,189,The Null Core,1,0,0,2822
v7-s13-v172,v7,canon,189,The Nexus Weave,1,0,0,4223
v7-s9-v59,v7,canon,190,The Obsidian Plume,1,0,0,5084
v7-s2-v54,v7,canon,190,The Crimson Ascent,0,11,1,5313
v7-s0-v187,v7,canon,190,The Azure Current,1,0,0,5214
v7-s5-v189,v7,canon,190,The Path of Resonance,1,0,0,5218
v7-s12-v187,v7,canon,190,The Lumina Umbra,1,0,0,4825
v7-s7-v185,v7,canon,190,The Aethel Stream,1,0,0,731
v7-s13-v173,v7,canon,190,The Nexus Weave,1,0,0,4223
v7-s6-v190,v7,canon,190,The Ouroboros Circuit,1,0,0,5070
v7-s3-v188,v7,canon,190,The Axiomatic Truth,1,0,0,1301
v7-s10-v188,v7,canon,190,The Null Core,1,0,0,2827
v7-s11-v174,v7,canon,190,The Digital Nexus,1,0,0,4371
v7-s1-v128,v7,canon,190,The Scribes of Aether,1,0,0,2842
v7-s3-v189,v7,canon,191,The Axiomatic Truth,1,0,0,1302
v7-s9-v60,v7,canon,191,The Obsidian Plume,1,0,0,5084
v7-s5-v190,v7,canon,191,The Path of Resonance,1,0,0,5218
v7-s6-v191,v7,canon,191,The Ouroboros Circuit,1,0,0,5099
v7-s7-v186,v7,canon,191,The Aethel Stream,1,0,0,974
v7-s0-v188,v7,canon,191,The Azure Current,1,0,0,5270
v7-s12-v188,v7,canon,191,The Lumina Umbra,1,0,0,4749
v7-s11-v175,v7,canon,191,The Digital Nexus,1,0,0,4371
v7-s13-v174,v7,canon,191,The Nexus Weave,1,0,0,4223
v7-s10-v189,v7,canon,191,The Null Core,1,0,0,2832
v7-s1-v129,v7,canon,191,The Scribes of Aether,1,0,0,2840
v7-s9-v61,v7,canon,192,The Obsidian Plume,1,0,0,5084
v7-s7-v187,v7,canon,192,The Aethel Stream,1,0,0,1040
v7-s0-v189,v7,canon,192,The Azure Current,1,0,0,5326
v7-s2-v55,v7,canon,192,The Crimson Ascent,0,11,1,5361
v7-s1-v130,v7,canon,192,The Scribes of Aether,1,0,0,2839
v7-s8-v58,v7,canon,192,The Unseen Weave,0,3,1,2875
v7-s6-v192,v7,canon,192,The Ouroboros Circuit,1,0,0,5048
v7-s3-v190,v7,canon,192,The Axiomatic Truth,1,0,0,1300
v7-s5-v191,v7,canon,192,The Path of Resonance,1,0,0,5218
v7-s11-v176,v7,canon,192,The Digital Nexus,1,0,0,4371
v7-s10-v190,v7,canon,192,The Null Core,1,0,0,2820
v7-s13-v175,v7,canon,192,The Nexus Weave,1,0,0,4223
v7-s12-v189,v7,canon,192,The Lumina Umbra,1,0,0,4815
v7-s14-v177,v7,canon,192,The Harmonic Flow,1,0,0,3505
v7-s7-v188,v7,canon,193,The Aethel Stream,1,0,0,1168
v7-s9-v62,v7,canon,193,The Obsidian Plume,1,0,0,5084
v7-s0-v190,v7,canon,193,The Azure Current,1,0,0,5189
v7-s5-v192,v7,canon,193,The Path of Resonance,1,0,0,5218
v7-s13-v176,v7,canon,193,The Nexus Weave,1,0,0,4223
v7-s14-v178,v7,canon,193,The Harmonic Flow,1,0,0,3510
v7-s6-v193,v7,canon,193,The Ouroboros Circuit,1,0,0,5050
v7-s10-v191,v7,canon,193,The Null Core,1,0,0,2838
v7-s3-v191,v7,canon,193,The Axiomatic Truth,1,0,0,1302
v7-s11-v177,v7,canon,193,The Digital Nexus,1,0,0,4371
v7-s1-v131,v7,canon,193,The Scribes of Aether,1,0,0,2839
v7-s12-v190,v7,canon,193,The Lumina Umbra,1,0,0,4815
v7-s2-v56,v7,canon,194,The Crimson Ascent,0,11,1,5409
v7-s3-v192,v7,canon,194,The Axiomatic Truth,1,0,0,1301
v7-s0-v191,v7,canon,194,The Azure Current,1,0,0,5218
v7-s8-v59,v7,canon,194,The Unseen Weave,0,3,1,2877
v7-s9-v63,v7,canon,194,The Obsidian Plume,1,0,0,5084
v7-s7-v189,v7,canon,194,The Aethel Stream,1,0,0,1168
v7-s5-v193,v7,canon,194,The Path of Resonance,1,0,0,5218
v7-s6-v194,v7,canon,194,The Ouroboros Circuit,1,0,0,5081
v7-s13-v177,v7,canon,194,The Nexus Weave,1,0,0,4223
v7-s10-v192,v7,canon,194,The Null Core,1,0,0,2832
v7-s11-v178,v7,canon,194,The Digital Nexus,1,0,0,4371
v7-s14-v179,v7,canon,194,The Harmonic Flow,1,0,0,3527
v7-s1-v132,v7,canon,194,The Scribes of Aether,1,0,0,2839
v7-s12-v191,v7,canon,194,The Lumina Umbra,1,0,0,4831
v7-s7-v190,v7,canon,195,The Aethel Stream,1,0,0,1247
v7-s0-v192,v7,canon,195,The Azure Current,1,0,0,5219
v7-s6-v195,v7,canon,195,The Ouroboros Circuit,1,0,0,5113
v7-s5-v194,v7,canon,195,The Path of Resonance,1,0,0,5218
v7-s13-v178,v7,canon,195,The Nexus Weave,1,0,0,4223
v7-s14-v180,v7,canon,195,The Harmonic Flow,1,0,0,3532
v7-s3-v193,v7,canon,195,The Axiomatic Truth,1,0,0,1302
v7-s10-v193,v7,canon,195,The Null Core,1,0,0,2821
v7-s11-v179,v7,canon,195,The Digital Nexus,1,0,0,4371
v7-s12-v192,v7,canon,195,The Lumina Umbra,1,0,0,4793
v7-s1-v133,v7,canon,195,The Scribes of Aether,1,0,0,2839
v7-s7-v191,v7,canon,196,The Aethel Stream,1,0,0,1247
v7-s2-v57,v7,canon,196,The Crimson Ascent,0,11,1,5453
v7-s6-v196,v7,canon,196,The Ouroboros Circuit,1,0,0,5111
v7-s8-v60,v7,canon,196,The Unseen Weave,0,3,1,2878
v7-s0-v193,v7,canon,196,The Azure Current,1,0,0,5220
v7-s9-v64,v7,canon,196,The Obsidian Plume,1,0,0,5084
v7-s3-v194,v7,canon,196,The Axiomatic Truth,1,0,0,3942
v7-s13-v179,v7,canon,196,The Nexus Weave,1,0,0,4223
v7-s5-v195,v7,canon,196,The Path of Resonance,1,0,0,5218
v7-s10-v194,v7,canon,196,The Null Core,1,0,0,2835
v7-s1-v134,v7,canon,196,The Scribes of Aether,1,0,0,2839
v7-s14-v181,v7,canon,196,The Harmonic Flow,1,0,0,3547
v7-s12-v193,v7,canon,196,The Lumina Umbra,1,0,0,4825
v7-s11-v180,v7,canon,196,The Digital Nexus,1,0,0,4466
v7-s7-v192,v7,canon,197,The Aethel Stream,1,0,0,1247
v7-s0-v194,v7,canon,197,The Azure Current,1,0,0,5221
v7-s10-v195,v7,canon,197,The Null Core,1,0,0,2828
v7-s5-v196,v7,canon,197,The Path of Resonance,1,0,0,5218
v7-s6-v197,v7,canon,197,The Ouroboros Circuit,1,0,0,5095
v7-s12-v194,v7,canon,197,The Lumina Umbra,1,0,0,4778
v7-s1-v135,v7,canon,197,The Scribes of Aether,1,3,1,4457
v7-s13-v180,v7,canon,197,The Nexus Weave,1,0,0,4223
v7-s14-v182,v7,canon,197,The Harmonic Flow,1,0,0,3557
v7-s11-v181,v7,canon,197,The Digital Nexus,1,0,0,4371
v7-s3-v195,v7,canon,197,The Axiomatic Truth,1,0,0,1302
v7-s9-v65,v7,canon,198,The Obsidian Plume,1,0,0,5084
v7-s7-v193,v7,canon,198,The Aethel Stream,1,0,0,1409
v7-s0-v195,v7,canon,198,The Azure Current,1,0,0,5204
v7-s2-v58,v7,canon,198,The Crimson Ascent,0,11,1,5489
v7-s1-v136,v7,canon,198,The Scribes of Aether,1,0,0,2839
v7-s8-v61,v7,canon,198,The Unseen Weave,0,3,1,2878
v7-s14-v183,v7,canon,198,The Harmonic Flow,1,0,0,3575
v7-s5-v197,v7,canon,198,The Path of Resonance,1,0,0,5218
v7-s6-v198,v7,canon,198,The Ouroboros Circuit,1,0,0,5092
v7-s3-v196,v7,canon,198,The Axiomatic Truth,1,0,0,3944
v7-s11-v182,v7,canon,198,The Digital Nexus,1,0,0,4371
v7-s13-v181,v7,canon,198,The Nexus Weave,1,0,0,4223
v7-s12-v195,v7,canon,198,The Lumina Umbra,1,0,0,4806
v7-s10-v196,v7,canon,198,The Null Core,1,0,0,2844
v7-s0-v196,v7,canon,199,The Azure Current,1,0,0,5223
v7-s7-v194,v7,canon,199,The Aethel Stream,1,0,0,1576
v7-s5-v198,v7,canon,199,The Path of Resonance,1,0,0,5218
v7-s11-v183,v7,canon,199,The Digital Nexus,1,0,0,4371
v7-s6-v199,v7,canon,199,The Ouroboros Circuit,1,0,0,5108
v7-s12-v196,v7,canon,199,The Lumina Umbra,1,0,0,4778
v7-s3-v197,v7,canon,199,The Axiomatic Truth,1,0,0,1302
v7-s14-v184,v7,canon,199,The Harmonic Flow,1,0,0,3581
v7-s1-v137,v7,canon,199,The Scribes of Aether,1,0,0,2839
v7-s13-v182,v7,canon,199,The Nexus Weave,1,0,0,4223
v7-s10-v197,v7,canon,199,The Null Core,1,0,0,2840
v7-s8-v62,v7,canon,200,The Unseen Weave,0,3,1,2879
v7-s9-v66,v7,canon,200,The Obsidian Plume,1,0,0,4682
v7-s7-v195,v7,canon,200,The Aethel Stream,1,0,0,1751
v7-s0-v197,v7,canon,200,The Azure Current,1,0,0,5224
v7-s12-v197,v7,canon,200,The Lumina Umbra,1,0,0,4799
v7-s5-v199,v7,canon,200,The Path of Resonance,1,0,0,5218
v7-s6-v200,v7,canon,200,The Ouroboros Circuit,1,0,0,5092
v7-s10-v198,v7,canon,200,The Null Core,1,0,0,2832
v7-s13-v183,v7,canon,200,The Nexus Weave,1,0,0,4223
v7-s14-v185,v7,canon,200,The Harmonic Flow,1,0,0,3599
v7-s11-v184,v7,canon,200,The Digital Nexus,1,0,0,4371
v7-s1-v138,v7,canon,200,The Scribes of Aether,1,3,1,4424
v7-s3-v198,v7,canon,200,The Axiomatic Truth,1,0,0,1301
v7-s3-v199,v7,canon,201,The Axiomatic Truth,1,0,0,3978
v7-s0-v198,v7,canon,201,The Azure Current,1,0,0,5225
v7-s2-v59,v7,canon,201,The Crimson Ascent,0,11,1,5755
v7-s7-v196,v7,canon,201,The Aethel Stream,1,0,0,1845
v7-s13-v184,v7,canon,201,The Nexus Weave,1,0,0,4223
v7-s5-v200,v7,canon,201,The Path of Resonance,1,0,0,5218
v7-s10-v199,v7,canon,201,The Null Core,1,0,0,2834
v7-s6-v201,v7,canon,201,The Ouroboros Circuit,1,0,0,5111
v7-s12-v198,v7,canon,201,The Lumina Umbra,1,0,0,4773
v7-s11-v185,v7,canon,201,The Digital Nexus,1,0,0,4371
v7-s1-v139,v7,canon,201,The Scribes of Aether,1,0,0,2839
v7-s14-v186,v7,canon,201,The Harmonic Flow,1,0,0,3603
v7-s8-v63,v7,canon,202,The Unseen Weave,0,3,1,2880
v7-s12-v199,v7,canon,202,The Lumina Umbra,1,0,0,4757
v7-s6-v202,v7,canon,202,The Ouroboros Circuit,1,0,0,5090
v7-s0-v199,v7,canon,202,The Azure Current,1,0,0,5226
v7-s13-v185,v7,canon,202,The Nexus Weave,1,0,0,4223
v7-s5-v201,v7,canon,202,The Path of Resonance,1,0,0,5219
v7-s7-v197,v7,canon,202,The Aethel Stream,1,0,0,2178
v7-s3-v200,v7,canon,202,The Axiomatic Truth,1,0,0,3950
v7-s10-v200,v7,canon,202,The Null Core,1,0,0,2840
v7-s1-v140,v7,canon,202,The Scribes of Aether,1,0,0,2839
v7-s11-v186,v7,canon,202,The Digital Nexus,1,0,0,4371
v7-s14-v187,v7,canon,202,The Harmonic Flow,1,1,1,4385
v7-s1-v141,v7,canon,203,The Scribes of Aether,1,0,0,2839
v7-s0-v200,v7,canon,203,The Azure Current,1,0,0,5225
v7-s5-v202,v7,canon,203,The Path of Resonance,1,0,0,5219
v7-s10-v201,v7,canon,203,The Null Core,1,0,0,2837
v7-s13-v186,v7,canon,203,The Nexus Weave,1,0,0,4223
v7-s6-v203,v7,canon,203,The Ouroboros Circuit,1,0,0,5108
v7-s7-v198,v7,canon,203,The Aethel Stream,1,0,0,2303
v7-s12-v200,v7,canon,203,The Lumina Umbra,1,0,0,4781
v7-s3-v201,v7,canon,203,The Axiomatic Truth,1,0,0,3978
v7-s14-v188,v7,canon,203,The Harmonic Flow,1,1,1,4391
v7-s11-v187,v7,canon,203,The Digital Nexus,1,0,0,4371
v7-s9-v67,v7,canon,204,The Obsidian Plume,1,0,0,4682
v7-s3-v202,v7,canon,204,The Axiomatic Truth,1,0,0,3952
v7-s8-v64,v7,canon,204,The Unseen Weave,0,3,1,2881
v7-s5-v203,v7,canon,204,The Path of Resonance,1,0,0,5219
v7-s0-v201,v7,canon,204,The Azure Current,1,0,0,5225
v7-s6-v204,v7,canon,204,The Ouroboros Circuit,1,0,0,5083
v7-s12-v201,v7,canon,204,The Lumina Umbra,1,0,0,4781
v7-s11-v188,v7,canon,204,The Digital Nexus,1,0,0,4371
v7-s7-v199,v7,canon,204,The Aethel Stream,1,0,0,2401
v7-s14-v189,v7,canon,204,The Harmonic Flow,1,1,1,4406
v7-s10-v202,v7,canon,204,The Null Core,1,0,0,2854
v7-s13-v187,v7,canon,204,The Nexus Weave,1,0,0,4223
v7-s1-v142,v7,canon,204,The Scribes of Aether,1,0,0,2839
v7-s0-v202,v7,canon,205,The Azure Current,1,0,0,5164
v7-s7-v200,v7,canon,205,The Aethel Stream,1,0,0,2503
v7-s6-v205,v7,canon,205,The Ouroboros Circuit,1,0,0,5094
v7-s13-v188,v7,canon,205,The Nexus Weave,1,0,0,4223
v7-s5-v204,v7,canon,205,The Path of Resonance,1,0,0,5219
v7-s12-v202,v7,canon,205,The Lumina Umbra,1,0,0,4778
v7-s3-v203,v7,canon,205,The Axiomatic Truth,1,0,0,1302
v7-s10-v203,v7,canon,205,The Null Core,1,0,0,2846
v7-s1-v143,v7,canon,205,The Scribes of Aether,1,0,0,2839
v7-s11-v189,v7,canon,205,The Digital Nexus,1,0,0,4371
v7-s14-v190,v7,canon,205,The Harmonic Flow,1,0,0,3653
v7-s8-v65,v7,canon,206,The Unseen Weave,0,3,1,2882
v7-s1-v144,v7,canon,206,The Scribes of Aether,1,0,0,2839
v7-s0-v203,v7,canon,206,The Azure Current,1,0,0,5225
v7-s10-v204,v7,canon,206,The Null Core,1,0,0,2827
v7-s7-v201,v7,canon,206,The Aethel Stream,1,0,0,2616
v7-s3-v204,v7,canon,206,The Axiomatic Truth,1,0,0,3955
v7-s5-v205,v7,canon,206,The Path of Resonance,1,0,0,5219
v7-s6-v206,v7,canon,206,The Ouroboros Circuit,1,0,0,5099
v7-s12-v203,v7,canon,206,The Lumina Umbra,1,0,0,4716
v7-s11-v190,v7,canon,206,The Digital Nexus,1,0,0,4371
v7-s13-v189,v7,canon,206,The Nexus Weave,1,0,0,4223
v7-s14-v191,v7,canon,206,The Harmonic Flow,1,0,0,3668
v7-s9-v68,v7,canon,207,The Obsidian Plume,1,0,0,4682
v7-s2-v60,v7,canon,207,The Crimson Ascent,1,11,1,5883
v7-s0-v204,v7,canon,207,The Azure Current,1,0,0,5226
v7-s7-v202,v7,canon,207,The Aethel Stream,1,0,0,3035
v7-s6-v207,v7,canon,207,The Ouroboros Circuit,1,0,0,5095
v7-s3-v205,v7,canon,207,The Axiomatic Truth,1,0,0,1302
v7-s14-v192,v7,canon,207,The Harmonic Flow,1,0,0,3669
v7-s5-v206,v7,canon,207,The Path of Resonance,1,0,0,5219
v7-s10-v205,v7,canon,207,The Null Core,1,0,0,2838
v7-s13-v190,v7,canon,207,The Nexus Weave,1,0,0,4223
v7-s12-v204,v7,canon,207,The Lumina Umbra,1,0,0,4736
v7-s11-v191,v7,canon,207,The Digital Nexus,1,0,0,4371
v7-s1-v145,v7,canon,207,The Scribes of Aether,1,3,1,4446
v7-s7-v203,v7,canon,208,The Aethel Stream,1,0,0,3176
v7-s8-v66,v7,canon,208,The Unseen Weave,0,3,1,2884
v7-s0-v205,v7,canon,208,The Azure Current,1,0,0,5227
v7-s5-v207,v7,canon,208,The Path of Resonance,1,0,0,5219
v7-s12-v205,v7,canon,208,The Lumina Umbra,1,0,0,4773
v7-s6-v208,v7,canon,208,The Ouroboros Circuit,1,0,0,5024
v7-s10-v206,v7,canon,208,The Null Core,1,0,0,2839
v7-s11-v192,v7,canon,208,The Digital Nexus,1,0,0,4371
v7-s14-v193,v7,canon,208,The Harmonic Flow,1,0,0,3693
v7-s1-v146,v7,canon,208,The Scribes of Aether,1,0,0,2998
v7-s3-v206,v7,canon,208,The Axiomatic Truth,1,0,0,3938
v7-s13-v191,v7,canon,208,The Nexus Weave,1,0,0,4223
v7-s7-v204,v7,canon,209,The Aethel Stream,1,0,0,3338
v7-s8-v67,v7,canon,209,The Unseen Weave,0,3,1,2884
v7-s2-v61,v7,canon,209,The Crimson Ascent,1,11,1,5929
v7-s0-v206,v7,canon,209,The Azure Current,1,0,0,5227
v7-s3-v207,v7,canon,209,The Axiomatic Truth,1,0,0,1302
v7-s10-v207,v7,canon,209,The Null Core,1,0,0,2852
v7-s6-v209,v7,canon,209,The Ouroboros Circuit,1,0,0,5019
v7-s5-v208,v7,canon,209,The Path of Resonance,1,0,0,5219
v7-s13-v192,v7,canon,209,The Nexus Weave,1,0,0,4223
v7-s12-v206,v7,canon,209,The Lumina Umbra,1,0,0,4725
v7-s14-v194,v7,canon,209,The Harmonic Flow,1,0,0,3701
v7-s1-v147,v7,canon,209,The Scribes of Aether,1,0,0,2998
v7-s11-v193,v7,canon,209,The Digital Nexus,1,0,0,4372
v7-s0-v207,v7,canon,210,The Azure Current,1,0,0,5227
v7-s5-v209,v7,canon,210,The Path of Resonance,1,0,0,5219
v7-s7-v205,v7,canon,210,The Aethel Stream,1,0,0,3631
v7-s3-v208,v7,canon,210,The Axiomatic Truth,1,0,0,1302
v7-s1-v148,v7,canon,210,The Scribes of Aether,1,0,0,2999
v7-s6-v210,v7,canon,210,The Ouroboros Circuit,1,0,0,5100
v7-s14-v195,v7,canon,210,The Harmonic Flow,1,0,0,3879
v7-s10-v208,v7,canon,210,The Null Core,1,0,0,2860
v7-s11-v194,v7,canon,210,The Digital Nexus,1,0,0,4372
v7-s13-v193,v7,canon,210,The Nexus Weave,1,0,0,4223
v7-s12-v207,v7,canon,210,The Lumina Umbra,1,0,0,4829
v7-s8-v68,v7,canon,211,The Unseen Weave,0,3,1,2884
v7-s6-v211,v7,canon,211,The Ouroboros Circuit,1,0,0,5102
v7-s1-v149,v7,canon,211,The Scribes of Aether,1,0,0,2999
v7-s11-v195,v7,canon,211,The Digital Nexus,1,0,0,4372
v7-s7-v206,v7,canon,211,The Aethel Stream,0,1,1,3677
v7-s0-v208,v7,canon,211,The Azure Current,1,0,0,5204
v7-s5-v210,v7,canon,211,The Path of Resonance,1,0,0,5219
v7-s10-v209,v7,canon,211,The Null Core,1,0,0,2860
v7-s12-v208,v7,canon,211,The Lumina Umbra,1,0,0,4827
v7-s3-v209,v7,canon,211,The Axiomatic Truth,1,0,0,1302
v7-s14-v196,v7,canon,211,The Harmonic Flow,1,0,0,3883
v7-s13-v194,v7,canon,211,The Nexus Weave,1,0,0,4223
v7-s7-v207,v7,canon,212,The Aethel Stream,0,1,1,3833
v7-s9-v69,v7,canon,212,The Obsidian Plume,1,0,0,4682
v7-s1-v150,v7,canon,212,The Scribes of Aether,1,0,0,2999
v7-s3-v210,v7,canon,212,The Axiomatic Truth,1,0,0,1302
v7-s2-v62,v7,canon,212,The Crimson Ascent,1,11,1,6175
v7-s5-v211,v7,canon,212,The Path of Resonance,1,0,0,5219
v7-s11-v196,v7,canon,212,The Digital Nexus,1,0,0,4372
v7-s0-v209,v7,canon,212,The Azure Current,1,0,0,5220
v7-s14-v197,v7,canon,212,The Harmonic Flow,1,0,0,4109
v7-s6-v212,v7,canon,212,The Ouroboros Circuit,1,0,0,5117
v7-s13-v195,v7,canon,212,The Nexus Weave,1,0,0,4223
v7-s12-v209,v7,canon,212,The Lumina Umbra,1,0,0,4834
v7-s10-v210,v7,canon,212,The Null Core,1,0,0,2847
v7-s0-v210,v7,canon,213,The Azure Current,1,0,0,5195
v7-s8-v69,v7,canon,213,The Unseen Weave,0,3,1,2884
v7-s10-v211,v7,canon,213,The Null Core,1,0,0,2864
v7-s5-v212,v7,canon,213,The Path of Resonance,1,0,0,5219
v7-s6-v213,v7,canon,213,The Ouroboros Circuit,1,0,0,5081
v7-s11-v197,v7,canon,213,The Digital Nexus,1,0,0,4372
v7-s3-v211,v7,canon,213,The Axiomatic Truth,1,0,0,1302
v7-s7-v208,v7,canon,213,The Aethel Stream,0,1,1,4010
v7-s1-v151,v7,canon,213,The Scribes of Aether,1,0,0,2999
v7-s13-v196,v7,canon,213,The Nexus Weave,1,0,0,4223
v7-s12-v210,v7,canon,213,The Lumina Umbra,1,0,0,4864
v7-s3-v212,v7,canon,214,The Axiomatic Truth,1,0,0,1302
v7-s1-v152,v7,canon,214,The Scribes of Aether,1,0,0,2999
v7-s5-v213,v7,canon,214,The Path of Resonance,1,0,0,5219
v7-s6-v214,v7,canon,214,The Ouroboros Circuit,1,0,0,5081
v7-s13-v197,v7,canon,214,The Nexus Weave,1,0,0,4223
v7-s7-v209,v7,canon,214,The Aethel Stream,0,1,1,4179
v7-s0-v211,v7,canon,214,The Azure Current,1,0,0,5220
v7-s11-v198,v7,canon,214,The Digital Nexus,1,0,0,4372
v7-s10-v212,v7,canon,214,The Null Core,1,0,0,2854
v7-s14-v198,v7,canon,214,The Harmonic Flow,1,0,0,4289
v7-s12-v211,v7,canon,214,The Lumina Umbra,1,0,0,4844
v7-s8-v70,v7,canon,215,The Unseen Weave,0,3,1,2884
v7-s7-v210,v7,canon,215,The Aethel Stream,0,1,1,4173
v7-s9-v70,v7,canon,215,The Obsidian Plume,1,0,0,4682
v7-s12-v212,v7,canon,215,The Lumina Umbra,1,0,0,4758
v7-s5-v214,v7,canon,215,The Path of Resonance,1,0,0,5219
v7-s0-v212,v7,canon,215,The Azure Current,1,0,0,5220
v7-s6-v215,v7,canon,215,The Ouroboros Circuit,1,0,0,5101
v7-s10-v213,v7,canon,215,The Null Core,1,0,0,2862
v7-s11-v199,v7,canon,215,The Digital Nexus,1,0,0,4372
v7-s3-v213,v7,canon,215,The Axiomatic Truth,1,0,0,1302
v7-s13-v198,v7,canon,215,The Nexus Weave,1,0,0,4223
v7-s1-v153,v7,canon,215,The Scribes of Aether,1,0,0,2999
v7-s3-v214,v7,canon,216,The Axiomatic Truth,1,0,0,1302
v7-s0-v213,v7,canon,216,The Azure Current,1,0,0,5223
v7-s7-v211,v7,canon,216,The Aethel Stream,0,1,1,4183
v7-s5-v215,v7,canon,216,The Path of Resonance,1,0,0,5219
v7-s6-v216,v7,canon,216,The Ouroboros Circuit,1,0,0,4908
v7-s11-v200,v7,canon,216,The Digital Nexus,1,0,0,4372
v7-s10-v214,v7,canon,216,The Null Core,1,0,0,2861
v7-s13-v199,v7,canon,216,The Nexus Weave,1,0,0,4223
v7-s14-v199,v7,canon,216,The Harmonic Flow,1,0,0,4267
v7-s1-v154,v7,canon,216,The Scribes of Aether,1,0,0,2999
v7-s12-v213,v7,canon,216,The Lumina Umbra,1,0,0,4837
v7-s2-v63,v7,canon,217,The Crimson Ascent,1,11,1,6340
v7-s7-v212,v7,canon,217,The Aethel Stream,0,1,1,4176
v7-s1-v155,v7,canon,217,The Scribes of Aether,1,0,0,2999
v7-s6-v217,v7,canon,217,The Ouroboros Circuit,1,0,0,5070
v7-s5-v216,v7,canon,217,The Path of Resonance,1,0,0,5219
v7-s0-v214,v7,canon,217,The Azure Current,1,0,0,5201
v7-s14-v200,v7,canon,217,The Harmonic Flow,1,0,0,4319
v7-s12-v214,v7,canon,217,The Lumina Umbra,1,0,0,4823
v7-s11-v201,v7,canon,217,The Digital Nexus,1,0,0,4372
v7-s13-v200,v7,canon,217,The Nexus Weave,1,0,0,4223
v7-s10-v215,v7,canon,217,The Null Core,1,0,0,2846
v7-s3-v215,v7,canon,217,The Axiomatic Truth,1,0,0,1302
v7-s8-v71,v7,canon,218,The Unseen Weave,0,3,1,2884
v7-s9-v71,v7,canon,218,The Obsidian Plume,1,0,0,4682
v7-s0-v215,v7,canon,218,The Azure Current,1,0,0,5199
v7-s10-v216,v7,canon,218,The Null Core,1,0,0,2857
v7-s7-v213,v7,canon,218,The Aethel Stream,0,1,1,4183
v7-s5-v217,v7,canon,218,The Path of Resonance,1,0,0,5219
v7-s13-v201,v7,canon,218,The Nexus Weave,1,0,0,4223
v7-s11-v202,v7,canon,218,The Digital Nexus,1,0,0,4372
v7-s12-v215,v7,canon,218,The Lumina Umbra,1,8,1,4882
v7-s6-v218,v7,canon,218,The Ouroboros Circuit,1,0,0,5024
v7-s14-v201,v7,canon,218,The Harmonic Flow,1,0,0,4181
v7-s3-v216,v7,canon,218,The Axiomatic Truth,1,0,0,1302
v7-s1-v156,v7,canon,218,The Scribes of Aether,1,0,0,2999
v7-s7-v214,v7,canon,219,The Aethel Stream,0,1,1,4175
v7-s3-v217,v7,canon,219,The Axiomatic Truth,1,0,0,1302
v7-s5-v218,v7,canon,219,The Path of Resonance,1,0,0,5219
v7-s1-v157,v7,canon,219,The Scribes of Aether,1,0,0,2999
v7-s0-v216,v7,canon,219,The Azure Current,1,0,0,5193
v7-s6-v219,v7,canon,219,The Ouroboros Circuit,1,0,0,5062
v7-s13-v202,v7,canon,219,The Nexus Weave,1,0,0,4223
v7-s11-v203,v7,canon,219,The Digital Nexus,1,0,0,4372
v7-s12-v216,v7,canon,219,The Lumina Umbra,1,5,1,1981
v7-s10-v217,v7,canon,219,The Null Core,1,0,0,2858
v7-s6-v220,v7,canon,220,The Ouroboros Circuit,1,0,0,5099
v7-s8-v72,v7,canon,220,The Unseen Weave,0,3,1,2884
v7-s0-v217,v7,canon,220,The Azure Current,1,0,0,5193
v7-s7-v215,v7,canon,220,The Aethel Stream,0,1,1,4180
v7-s14-v202,v7,canon,220,The Harmonic Flow,1,0,0,4205
v7-s5-v219,v7,canon,220,The Path of Resonance,1,0,0,5219
v7-s11-v204,v7,canon,220,The Digital Nexus,1,0,0,4372
v7-s1-v158,v7,canon,220,The Scribes of Aether,1,0,0,2999
v7-s10-v218,v7,canon,220,The Null Core,1,0,0,2864
v7-s13-v203,v7,canon,220,The Nexus Weave,1,0,0,4224
v7-s3-v218,v7,canon,220,The Axiomatic Truth,1,0,0,3956
v7-s12-v217,v7,canon,220,The Lumina Umbra,1,4,1,1406
v7-s1-v159,v7,canon,221,The Scribes of Aether,1,0,0,2999
v7-s0-v218,v7,canon,221,The Azure Current,1,0,0,5193
v7-s2-v64,v7,canon,221,The Crimson Ascent,1,11,1,6554
v7-s3-v219,v7,canon,221,The Axiomatic Truth,1,0,0,1302
v7-s7-v216,v7,canon,221,The Aethel Stream,0,1,1,4178
v7-s12-v218,v7,canon,221,The Lumina Umbra,0,2,1,929
v7-s13-v204,v7,canon,221,The Nexus Weave,1,0,0,4224
v7-s5-v220,v7,canon,221,The Path of Resonance,1,0,0,5219
v7-s10-v219,v7,canon,221,The Null Core,1,0,0,2859
v7-s6-v221,v7,canon,221,The Ouroboros Circuit,1,0,0,5092
v7-s11-v205,v7,canon,221,The Digital Nexus,1,0,0,4372
v7-s14-v203,v7,canon,221,The Harmonic Flow,1,0,0,4226
v7-s8-v73,v7,canon,222,The Unseen Weave,0,3,1,2884
v7-s9-v72,v7,canon,222,The Obsidian Plume,1,0,0,4670
v7-s3-v220,v7,canon,222,The Axiomatic Truth,1,0,0,1302
v7-s5-v221,v7,canon,222,The Path of Resonance,1,0,0,5219
v7-s13-v205,v7,canon,222,The Nexus Weave,1,0,0,4224
v7-s0-v219,v7,canon,222,The Azure Current,1,0,0,5183
v7-s7-v217,v7,canon,222,The Aethel Stream,0,1,1,4180
v7-s6-v222,v7,canon,222,The Ouroboros Circuit,1,0,0,5092
v7-s10-v220,v7,canon,222,The Null Core,1,0,0,2870
v7-s1-v160,v7,canon,222,The Scribes of Aether,1,0,0,2999
v7-s11-v206,v7,canon,222,The Digital Nexus,1,0,0,4372
v7-s12-v219,v7,canon,222,The Lumina Umbra,0,5,1,1617
v7-s2-v65,v7,canon,223,The Crimson Ascent,1,11,1,6378
v7-s3-v221,v7,canon,223,The Axiomatic Truth,1,0,0,1302
v7-s1-v161,v7,canon,223,The Scribes of Aether,1,0,0,2999
v7-s5-v222,v7,canon,223,The Path of Resonance,1,0,0,5219
v7-s6-v223,v7,canon,223,The Ouroboros Circuit,1,0,0,5120
v7-s7-v218,v7,canon,223,The Aethel Stream,0,1,1,4180
v7-s0-v220,v7,canon,223,The Azure Current,1,0,0,5193
v7-s10-v221,v7,canon,223,The Null Core,1,0,0,2869
v7-s13-v206,v7,canon,223,The Nexus Weave,1,0,0,4224
v7-s11-v207,v7,canon,223,The Digital Nexus,1,0,0,4372
v7-s12-v220,v7,canon,223,The Lumina Umbra,0,5,1,1617
v7-s8-v74,v7,canon,224,The Unseen Weave,0,3,1,2884
v7-s0-v221,v7,canon,224,The Azure Current,1,0,0,5193
v7-s6-v224,v7,canon,224,The Ouroboros Circuit,1,0,0,5101
v7-s11-v208,v7,canon,224,The Digital Nexus,1,0,0,4372
v7-s13-v207,v7,canon,224,The Nexus Weave,1,0,0,4224
v7-s7-v219,v7,canon,224,The Aethel Stream,0,1,1,4184
v7-s5-v223,v7,canon,224,The Path of Resonance,1,0,0,5219
v7-s10-v222,v7,canon,224,The Null Core,1,0,0,2872
v7-s12-v221,v7,canon,224,The Lumina Umbra,0,6,1,1946
v7-s1-v162,v7,canon,224,The Scribes of Aether,1,0,0,2999
v7-s3-v222,v7,canon,224,The Axiomatic Truth,1,0,0,1302
v7-s7-v220,v7,canon,225,The Aethel Stream,0,1,1,4178
v7-s6-v225,v7,canon,225,The Ouroboros Circuit,1,0,0,5119
v7-s1-v163,v7,canon,225,The Scribes of Aether,1,0,0,2999
v7-s2-v66,v7,canon,225,The Crimson Ascent,1,11,1,6467
v7-s5-v224,v7,canon,225,The Path of Resonance,1,0,0,5219
v7-s13-v208,v7,canon,225,The Nexus Weave,1,0,0,4224
v7-s0-v222,v7,canon,225,The Azure Current,1,0,0,5193
v7-s10-v223,v7,canon,225,The Null Core,1,0,0,2860
v7-s12-v222,v7,canon,225,The Lumina Umbra,0,6,1,2190
v7-s11-v209,v7,canon,225,The Digital Nexus,1,0,0,4372
v7-s3-v223,v7,canon,225,The Axiomatic Truth,1,0,0,1302
v7-s8-v75,v7,canon,226,The Unseen Weave,0,3,1,2884
v7-s0-v223,v7,canon,226,The Azure Current,1,0,0,5194
v7-s7-v221,v7,canon,226,The Aethel Stream,0,1,1,4188
v7-s5-v225,v7,canon,226,The Path of Resonance,1,0,0,5219
v7-s10-v224,v7,canon,226,The Null Core,1,0,0,2856
v7-s6-v226,v7,canon,226,The Ouroboros Circuit,1,0,0,5115
v7-s1-v164,v7,canon,226,The Scribes of Aether,1,0,0,2999
v7-s12-v223,v7,canon,226,The Lumina Umbra,0,6,1,2177
v7-s13-v209,v7,canon,226,The Nexus Weave,1,0,0,4275
v7-s11-v210,v7,canon,226,The Digital Nexus,1,0,0,4372
v7-s3-v224,v7,canon,226,The Axiomatic Truth,1,0,0,1302
v7-s2-v67,v7,canon,227,The Crimson Ascent,1,11,1,6390
v7-s1-v165,v7,canon,227,The Scribes of Aether,1,0,0,2999
v7-s5-v226,v7,canon,227,The Path of Resonance,1,0,0,5219
v7-s9-v73,v7,canon,227,The Obsidian Plume,1,0,0,4670
v7-s12-v224,v7,canon,227,The Lumina Umbra,0,7,1,2745
v7-s0-v224,v7,canon,227,The Azure Current,1,0,0,5194
v7-s3-v225,v7,canon,227,The Axiomatic Truth,1,0,0,1302
v7-s10-v225,v7,canon,227,The Null Core,1,0,0,2866
v7-s6-v227,v7,canon,227,The Ouroboros Circuit,1,0,0,5060
v7-s7-v222,v7,canon,227,The Aethel Stream,0,1,1,4181
v7-s13-v210,v7,canon,227,The Nexus Weave,1,0,0,4275
v7-s11-v211,v7,canon,227,The Digital Nexus,1,0,0,4372
v7-s6-v228,v7,canon,228,The Ouroboros Circuit,1,0,0,5071
v7-s8-v76,v7,canon,228,The Unseen Weave,0,3,1,2884
v7-s0-v225,v7,canon,228,The Azure Current,1,0,0,5194
v7-s3-v226,v7,canon,228,The Axiomatic Truth,1,0,0,1302
v7-s7-v223,v7,canon,228,The Aethel Stream,0,1,1,4189
v7-s1-v166,v7,canon,228,The Scribes of Aether,1,0,0,2999
v7-s13-v211,v7,canon,228,The Nexus Weave,1,0,0,4275
v7-s12-v225,v7,canon,228,The Lumina Umbra,0,8,1,3075
v7-s11-v212,v7,canon,228,The Digital Nexus,1,0,0,4356
v7-s5-v227,v7,canon,228,The Path of Resonance,1,0,0,5239
v7-s10-v226,v7,canon,228,The Null Core,1,0,0,2904
v7-s14-v204,v7,canon,228,The Harmonic Flow,1,0,0,4095
v7-s9-v74,v7,canon,229,The Obsidian Plume,1,0,0,4670
v7-s2-v68,v7,canon,229,The Crimson Ascent,1,11,1,6393
v7-s5-v228,v7,canon,229,The Path of Resonance,1,0,0,5236
v7-s12-v226,v7,canon,229,The Lumina Umbra,0,10,1,3749
v7-s13-v212,v7,canon,229,The Nexus Weave,1,0,0,4275
v7-s7-v224,v7,canon,229,The Aethel Stream,0,1,1,4184
v7-s0-v226,v7,canon,229,The Azure Current,1,0,0,5172
v7-s6-v229,v7,canon,229,The Ouroboros Circuit,1,0,0,5040
v7-s10-v227,v7,canon,229,The Null Core,1,0,0,2856
v7-s1-v167,v7,canon,229,The Scribes of Aether,1,0,0,2999
v7-s3-v227,v7,canon,229,The Axiomatic Truth,1,0,0,1302
v7-s0-v227,v7,canon,230,The Azure Current,1,0,0,5168
v7-s10-v228,v7,canon,230,The Null Core,1,0,0,2861
v7-s3-v228,v7,canon,230,The Axiomatic Truth,1,0,0,1302
v7-s5-v229,v7,canon,230,The Path of Resonance,1,0,0,5238
v7-s7-v225,v7,canon,230,The Aethel Stream,0,1,1,4187
v7-s6-v230,v7,canon,230,The Ouroboros Circuit,1,0,0,5068
v7-s1-v168,v7,canon,230,The Scribes of Aether,1,0,0,3000
v7-s13-v213,v7,canon,230,The Nexus Weave,1,0,0,4275
v7-s12-v227,v7,canon,230,The Lumina Umbra,1,12,1,4715
v7-s6-v231,v7,canon,231,The Ouroboros Circuit,1,0,0,5092
v7-s8-v77,v7,canon,231,The Unseen Weave,0,3,1,2884
v7-s5-v230,v7,canon,231,The Path of Resonance,1,0,0,5236
v7-s7-v226,v7,canon,231,The Aethel Stream,0,1,1,4188
v7-s0-v228,v7,canon,231,The Azure Current,1,0,0,5048
v7-s10-v229,v7,canon,231,The Null Core,1,0,0,2848
v7-s12-v228,v7,canon,231,The Lumina Umbra,1,12,1,4713
v7-s11-v213,v7,canon,231,The Digital Nexus,1,0,0,4356
v7-s3-v229,v7,canon,231,The Axiomatic Truth,1,0,0,1302
v7-s13-v214,v7,canon,231,The Nexus Weave,1,0,0,4275
v7-s1-v169,v7,canon,231,The Scribes of Aether,1,0,0,3002
v7-s9-v75,v7,canon,232,The Obsidian Plume,1,0,0,4670
v7-s1-v170,v7,canon,232,The Scribes of Aether,1,0,0,3004
v7-s0-v229,v7,canon,232,The Azure Current,1,0,0,5046
v7-s10-v230,v7,canon,232,The Null Core,1,0,0,2857
v7-s12-v229,v7,canon,232,The Lumina Umbra,1,11,1,4564
v7-s6-v232,v7,canon,232,The Ouroboros Circuit,1,0,0,5107
v7-s3-v230,v7,canon,232,The Axiomatic Truth,1,0,0,1302
v7-s5-v231,v7,canon,232,The Path of Resonance,1,0,0,5238
v7-s7-v227,v7,canon,232,The Aethel Stream,0,1,1,4189
v7-s13-v215,v7,canon,232,The Nexus Weave,1,0,0,4275
v7-s8-v78,v7,canon,233,The Unseen Weave,0,3,1,2883
v7-s2-v69,v7,canon,233,The Crimson Ascent,1,11,1,6595
v7-s0-v230,v7,canon,233,The Azure Current,1,0,0,5046
v7-s7-v228,v7,canon,233,The Aethel Stream,0,1,1,4189
v7-s10-v231,v7,canon,233,The Null Core,1,0,0,2844
v7-s5-v232,v7,canon,233,The Path of Resonance,1,0,0,5199
v7-s13-v216,v7,canon,233,The Nexus Weave,1,0,0,4275
v7-s1-v171,v7,canon,233,The Scribes of Aether,1,0,0,3004
v7-s6-v233,v7,canon,233,The Ouroboros Circuit,1,0,0,5107
v7-s3-v231,v7,canon,233,The Axiomatic Truth,1,0,0,1302
v7-s11-v214,v7,canon,233,The Digital Nexus,1,0,0,4455
v7-s12-v230,v7,canon,233,The Lumina Umbra,1,10,1,4629
v7-s9-v76,v7,canon,234,The Obsidian Plume,1,0,0,4670
v7-s3-v232,v7,canon,234,The Axiomatic Truth,1,0,0,1304
v7-s6-v234,v7,canon,234,The Ouroboros Circuit,1,0,0,5071
v7-s0-v231,v7,canon,234,The Azure Current,1,0,0,5046
v7-s7-v229,v7,canon,234,The Aethel Stream,0,1,1,4191
v7-s5-v233,v7,canon,234,The Path of Resonance,1,0,0,5201
v7-s13-v217,v7,canon,234,The Nexus Weave,1,0,0,4276
v7-s10-v232,v7,canon,234,The Null Core,1,0,0,2847
v7-s14-v205,v7,canon,234,The Harmonic Flow,1,0,0,4007
v7-s11-v215,v7,canon,234,The Digital Nexus,1,0,0,4455
v7-s12-v231,v7,canon,234,The Lumina Umbra,1,10,1,4674
v7-s1-v172,v7,canon,234,The Scribes of Aether,1,0,0,3004
v7-s8-v79,v7,canon,235,The Unseen Weave,0,3,1,2884
v7-s1-v173,v7,canon,235,The Scribes of Aether,1,0,0,3004
v7-s7-v230,v7,canon,235,The Aethel Stream,1,0,0,3377
v7-s5-v234,v7,canon,235,The Path of Resonance,1,0,0,5203
v7-s0-v232,v7,canon,235,The Azure Current,1,0,0,5046
v7-s3-v233,v7,canon,235,The Axiomatic Truth,1,0,0,1302
v7-s11-v216,v7,canon,235,The Digital Nexus,1,0,0,4455
v7-s13-v218,v7,canon,235,The Nexus Weave,1,0,0,4276
v7-s10-v233,v7,canon,235,The Null Core,1,0,0,2857
v7-s12-v232,v7,canon,235,The Lumina Umbra,1,9,1,4713
v7-s6-v235,v7,canon,235,The Ouroboros Circuit,1,0,0,5102
v7-s2-v70,v7,canon,236,The Crimson Ascent,1,11,1,5959
v7-s9-v77,v7,canon,236,The Obsidian Plume,1,0,0,4670
v7-s0-v233,v7,canon,236,The Azure Current,1,0,0,5025
v7-s5-v235,v7,canon,236,The Path of Resonance,1,0,0,5205
v7-s7-v231,v7,canon,236,The Aethel Stream,1,0,0,3399
v7-s6-v236,v7,canon,236,The Ouroboros Circuit,1,0,0,5097
v7-s10-v234,v7,canon,236,The Null Core,1,0,0,2852
v7-s3-v234,v7,canon,236,The Axiomatic Truth,1,0,0,1302
v7-s12-v233,v7,canon,236,The Lumina Umbra,1,9,1,4613
v7-s14-v206,v7,canon,236,The Harmonic Flow,1,0,0,4028
v7-s11-v217,v7,canon,236,The Digital Nexus,1,0,0,4456
v7-s13-v219,v7,canon,236,The Nexus Weave,1,0,0,4225
v7-s1-v174,v7,canon,236,The Scribes of Aether,1,0,0,3006
v7-s3-v235,v7,canon,237,The Axiomatic Truth,1,0,0,1302
v7-s8-v80,v7,canon,237,The Unseen Weave,0,3,1,2885
v7-s6-v237,v7,canon,237,The Ouroboros Circuit,1,0,0,5090
v7-s11-v218,v7,canon,237,The Digital Nexus,1,0,0,4456
v7-s7-v232,v7,canon,237,The Aethel Stream,1,0,0,3520
v7-s5-v236,v7,canon,237,The Path of Resonance,1,0,0,5207
v7-s10-v235,v7,canon,237,The Null Core,1,0,0,2855
v7-s13-v220,v7,canon,237,The Nexus Weave,1,0,0,4225
v7-s0-v234,v7,canon,237,The Azure Current,1,0,0,5068
v7-s1-v175,v7,canon,237,The Scribes of Aether,1,0,0,3006
v7-s12-v234,v7,canon,237,The Lumina Umbra,1,7,1,4354
v7-s14-v207,v7,canon,237,The Harmonic Flow,1,0,0,4032
v7-s2-v71,v7,canon,238,The Crimson Ascent,1,11,1,5991
v7-s1-v176,v7,canon,238,The Scribes of Aether,1,0,0,3006
v7-s7-v233,v7,canon,238,The Aethel Stream,1,0,0,3713
v7-s5-v237,v7,canon,238,The Path of Resonance,1,0,0,5209
v7-s6-v238,v7,canon,238,The Ouroboros Circuit,1,0,0,5033
v7-s3-v236,v7,canon,238,The Axiomatic Truth,1,0,0,1302
v7-s0-v235,v7,canon,238,The Azure Current,1,0,0,5215
v7-s10-v236,v7,canon,238,The Null Core,1,0,0,2847
v7-s13-v221,v7,canon,238,The Nexus Weave,1,0,0,4225
v7-s12-v235,v7,canon,238,The Lumina Umbra,1,7,1,4340
v7-s14-v208,v7,canon,238,The Harmonic Flow,1,0,0,3904
v7-s9-v78,v7,canon,239,The Obsidian Plume,1,0,0,4670
v7-s8-v81,v7,canon,239,The Unseen Weave,0,3,1,2885
v7-s5-v238,v7,canon,239,The Path of Resonance,1,0,0,5211
v7-s10-v237,v7,canon,239,The Null Core,1,0,0,2818
v7-s3-v237,v7,canon,239,The Axiomatic Truth,1,0,0,1302
v7-s0-v236,v7,canon,239,The Azure Current,1,0,0,5128
v7-s7-v234,v7,canon,239,The Aethel Stream,1,0,0,3709
v7-s12-v236,v7,canon,239,The Lumina Umbra,1,7,1,4344
v7-s13-v222,v7,canon,239,The Nexus Weave,1,0,0,4225
v7-s6-v239,v7,canon,239,The Ouroboros Circuit,1,0,0,5061
v7-s14-v209,v7,canon,239,The Harmonic Flow,1,0,0,3905
v7-s11-v219,v7,canon,239,The Digital Nexus,1,0,0,4367
v7-s1-v177,v7,canon,239,The Scribes of Aether,1,0,0,3007
v7-s6-v240,v7,canon,240,The Ouroboros Circuit,1,0,0,5045
v7-s2-v72,v7,canon,240,The Crimson Ascent,1,11,1,6057
v7-s1-v178,v7,canon,240,The Scribes of Aether,1,0,0,3007
v7-s5-v239,v7,canon,240,The Path of Resonance,1,0,0,5197
v7-s0-v237,v7,canon,240,The Azure Current,1,0,0,5144
v7-s7-v235,v7,canon,240,The Aethel Stream,1,0,0,3764
v7-s12-v237,v7,canon,240,The Lumina Umbra,1,6,1,4268
v7-s10-v238,v7,canon,240,The Null Core,1,0,0,2801
v7-s13-v223,v7,canon,240,The Nexus Weave,1,0,0,4225
v7-s3-v238,v7,canon,240,The Axiomatic Truth,1,0,0,1302
v7-s11-v220,v7,canon,240,The Digital Nexus,1,0,0,4456
v7-s9-v79,v7,canon,241,The Obsidian Plume,1,0,0,4670
v7-s3-v239,v7,canon,241,The Axiomatic Truth,1,0,0,1302
v7-s5-v240,v7,canon,241,The Path of Resonance,1,0,0,5188
v7-s0-v238,v7,canon,241,The Azure Current,1,0,0,5186
v7-s12-v238,v7,canon,241,The Lumina Umbra,1,6,1,4257
v7-s11-v221,v7,canon,241,The Digital Nexus,1,0,0,4367
v7-s7-v236,v7,canon,241,The Aethel Stream,1,0,0,3762
v7-s10-v239,v7,canon,241,The Null Core,1,0,0,2830
v7-s6-v241,v7,canon,241,The Ouroboros Circuit,1,0,0,5098
v7-s13-v224,v7,canon,241,The Nexus Weave,1,0,0,4225
v7-s1-v179,v7,canon,241,The Scribes of Aether,1,0,0,3007
v7-s14-v210,v7,canon,241,The Harmonic Flow,1,0,0,3935
v7-s0-v239,v7,canon,242,The Azure Current,1,0,0,5144
v7-s2-v73,v7,canon,242,The Crimson Ascent,1,11,1,6180
v7-s5-v241,v7,canon,242,The Path of Resonance,1,0,0,5188
v7-s6-v242,v7,canon,242,The Ouroboros Circuit,1,0,0,5061
v7-s11-v222,v7,canon,242,The Digital Nexus,1,0,0,4456
v7-s7-v237,v7,canon,242,The Aethel Stream,1,0,0,3766
v7-s3-v240,v7,canon,242,The Axiomatic Truth,1,0,0,1302
v7-s14-v211,v7,canon,242,The Harmonic Flow,1,0,0,3959
v7-s10-v240,v7,canon,242,The Null Core,1,0,0,2850
v7-s12-v239,v7,canon,242,The Lumina Umbra,1,6,1,4263
v7-s13-v225,v7,canon,242,The Nexus Weave,1,0,0,4225
v7-s1-v180,v7,canon,242,The Scribes of Aether,1,0,0,3007
v7-s8-v82,v7,canon,243,The Unseen Weave,0,4,1,3371
v7-s5-v242,v7,canon,243,The Path of Resonance,1,0,0,5188
v7-s6-v243,v7,canon,243,The Ouroboros Circuit,1,0,0,5079
v7-s0-v240,v7,canon,243,The Azure Current,1,0,0,5184
v7-s11-v223,v7,canon,243,The Digital Nexus,1,0,0,4456
v7-s12-v240,v7,canon,243,The Lumina Umbra,1,6,1,4273
v7-s10-v241,v7,canon,243,The Null Core,1,0,0,2850
v7-s7-v238,v7,canon,243,The Aethel Stream,1,0,0,3926
v7-s3-v241,v7,canon,243,The Axiomatic Truth,1,0,0,1302
v7-s13-v226,v7,canon,243,The Nexus Weave,1,0,0,4225
v7-s1-v181,v7,canon,243,The Scribes of Aether,1,0,0,3007
v7-s9-v80,v7,canon,244,The Obsidian Plume,1,0,0,4847
v7-s2-v74,v7,canon,244,The Crimson Ascent,1,11,1,6240
v7-s6-v244,v7,canon,244,The Ouroboros Circuit,1,0,0,5065
v7-s5-v243,v7,canon,244,The Path of Resonance,1,0,0,5188
v7-s10-v242,v7,canon,244,The Null Core,1,0,0,2830
v7-s0-v241,v7,canon,244,The Azure Current,1,0,0,5108
v7-s7-v239,v7,canon,244,The Aethel Stream,1,0,0,3934
v7-s3-v242,v7,canon,244,The Axiomatic Truth,1,0,0,1302
v7-s12-v241,v7,canon,244,The Lumina Umbra,1,6,1,4265
v7-s13-v227,v7,canon,244,The Nexus Weave,1,0,0,4225
v7-s1-v182,v7,canon,244,The Scribes of Aether,1,0,0,3007
v7-s1-v183,v7,canon,245,The Scribes of Aether,1,0,0,3007
v7-s3-v243,v7,canon,245,The Axiomatic Truth,1,0,0,3922
v7-s5-v244,v7,canon,245,The Path of Resonance,1,0,0,5153
v7-s6-v245,v7,canon,245,The Ouroboros Circuit,1,0,0,5063
v7-s13-v228,v7,canon,245,The Nexus Weave,1,0,0,4225
v7-s7-v240,v7,canon,245,The Aethel Stream,1,0,0,3931
v7-s12-v242,v7,canon,245,The Lumina Umbra,1,6,1,4251
v7-s0-v242,v7,canon,245,The Azure Current,1,0,0,5081
v7-s10-v243,v7,canon,245,The Null Core,1,0,0,2839
v7-s11-v224,v7,canon,245,The Digital Nexus,1,0,0,4369
v7-s2-v75,v7,canon,246,The Crimson Ascent,1,11,1,6488
v7-s8-v83,v7,canon,246,The Unseen Weave,0,4,1,3408
v7-s9-v81,v7,canon,246,The Obsidian Plume,1,0,0,5091
v7-s5-v245,v7,canon,246,The Path of Resonance,1,0,0,5184
v7-s6-v246,v7,canon,246,The Ouroboros Circuit,1,0,0,5057
v7-s0-v243,v7,canon,246,The Azure Current,1,0,0,5081
v7-s12-v243,v7,canon,246,The Lumina Umbra,1,6,1,4252
v7-s7-v241,v7,canon,246,The Aethel Stream,1,0,0,3767
v7-s13-v229,v7,canon,246,The Nexus Weave,1,0,0,4225
v7-s3-v244,v7,canon,246,The Axiomatic Truth,1,0,0,1305
v7-s10-v244,v7,canon,246,The Null Core,1,0,0,2832
v7-s1-v184,v7,canon,246,The Scribes of Aether,1,0,0,3007
v7-s11-v225,v7,canon,246,The Digital Nexus,1,0,0,4369
v7-s1-v185,v7,canon,247,The Scribes of Aether,1,0,0,3007
v7-s5-v246,v7,canon,247,The Path of Resonance,1,0,0,5188
v7-s0-v244,v7,canon,247,The Azure Current,1,0,0,5081
v7-s10-v245,v7,canon,247,The Null Core,1,0,0,2854
v7-s3-v245,v7,canon,247,The Axiomatic Truth,1,0,0,3923
v7-s13-v230,v7,canon,247,The Nexus Weave,1,0,0,4365
v7-s6-v247,v7,canon,247,The Ouroboros Circuit,1,0,0,5068
v7-s7-v242,v7,canon,247,The Aethel Stream,1,0,0,3933
v7-s11-v226,v7,canon,247,The Digital Nexus,1,0,0,4370
v7-s12-v244,v7,canon,247,The Lumina Umbra,1,6,1,4229
v7-s9-v82,v7,canon,248,The Obsidian Plume,1,0,0,5150
v7-s8-v84,v7,canon,248,The Unseen Weave,0,4,1,3441
v7-s3-v246,v7,canon,248,The Axiomatic Truth,1,0,0,3923
v7-s7-v243,v7,canon,248,The Aethel Stream,1,0,0,3936
v7-s0-v245,v7,canon,248,The Azure Current,1,0,0,5194
v7-s6-v248,v7,canon,248,The Ouroboros Circuit,1,0,0,5032
v7-s5-v247,v7,canon,248,The Path of Resonance,1,0,0,5188
v7-s10-v246,v7,canon,248,The Null Core,1,0,0,2839
v7-s13-v231,v7,canon,248,The Nexus Weave,1,0,0,4365
v7-s12-v245,v7,canon,248,The Lumina Umbra,1,6,1,4253
v7-s11-v227,v7,canon,248,The Digital Nexus,1,0,0,4374
v7-s1-v186,v7,canon,248,The Scribes of Aether,1,0,0,3007
v7-s1-v187,v7,canon,249,The Scribes of Aether,1,0,0,3007
v7-s6-v249,v7,canon,249,The Ouroboros Circuit,1,0,0,5078
v7-s2-v76,v7,canon,249,The Crimson Ascent,1,11,1,6519
v7-s13-v232,v7,canon,249,The Nexus Weave,1,0,0,4225
v7-s0-v246,v7,canon,249,The Azure Current,1,0,0,5054
v7-s5-v248,v7,canon,249,The Path of Resonance,1,0,0,5188
v7-s11-v228,v7,canon,249,The Digital Nexus,1,0,0,4375
v7-s10-v247,v7,canon,249,The Null Core,1,0,0,2836
v7-s7-v244,v7,canon,249,The Aethel Stream,1,0,0,3934
v7-s3-v247,v7,canon,249,The Axiomatic Truth,1,0,0,1302
v7-s12-v246,v7,canon,249,The Lumina Umbra,1,6,1,4267
v7-s3-v248,v7,canon,250,The Axiomatic Truth,1,0,0,1302
v7-s6-v250,v7,canon,250,The Ouroboros Circuit,1,0,0,5053
v7-s7-v245,v7,canon,250,The Aethel Stream,1,0,0,3770
v7-s5-v249,v7,canon,250,The Path of Resonance,1,0,0,5188
v7-s0-v247,v7,canon,250,The Azure Current,1,0,0,5126
v7-s12-v247,v7,canon,250,The Lumina Umbra,1,5,1,4219
v7-s13-v233,v7,canon,250,The Nexus Weave,1,0,0,4225
v7-s10-v248,v7,canon,250,The Null Core,1,0,0,2835
v7-s1-v188,v7,canon,250,The Scribes of Aether,1,0,0,3007
v7-s9-v83,v7,canon,251,The Obsidian Plume,1,0,0,5150
v7-s2-v77,v7,canon,251,The Crimson Ascent,1,11,1,6264
v7-s8-v85,v7,canon,251,The Unseen Weave,0,4,1,3460
v7-s7-v246,v7,canon,251,The Aethel Stream,1,0,0,3929
v7-s6-v251,v7,canon,251,The Ouroboros Circuit,1,0,0,5061
v7-s3-v249,v7,canon,251,The Axiomatic Truth,1,0,0,1302
v7-s0-v248,v7,canon,251,The Azure Current,1,0,0,5069
v7-s12-v248,v7,canon,251,The Lumina Umbra,1,6,1,4294
v7-s5-v250,v7,canon,251,The Path of Resonance,1,0,0,5188
v7-s11-v229,v7,canon,251,The Digital Nexus,1,0,0,4367
v7-s10-v249,v7,canon,251,The Null Core,1,0,0,2858
v7-s1-v189,v7,canon,251,The Scribes of Aether,1,0,0,3007
v7-s13-v234,v7,canon,251,The Nexus Weave,1,0,0,4225
v7-s6-v252,v7,canon,252,The Ouroboros Circuit,1,0,0,5086
v7-s3-v250,v7,canon,252,The Axiomatic Truth,1,0,0,1302
v7-s1-v190,v7,canon,252,The Scribes of Aether,1,0,0,3007
v7-s7-v247,v7,canon,252,The Aethel Stream,1,0,0,3935
v7-s11-v230,v7,canon,252,The Digital Nexus,1,0,0,4367
v7-s13-v235,v7,canon,252,The Nexus Weave,1,0,0,4225
v7-s5-v251,v7,canon,252,The Path of Resonance,1,0,0,5188
v7-s0-v249,v7,canon,252,The Azure Current,1,0,0,5026
v7-s12-v249,v7,canon,252,The Lumina Umbra,1,5,1,4194
v7-s10-v250,v7,canon,252,The Null Core,1,0,0,2823
v7-s9-v84,v7,canon,253,The Obsidian Plume,1,0,0,5150
v7-s0-v250,v7,canon,253,The Azure Current,1,0,0,5041
v7-s7-v248,v7,canon,253,The Aethel Stream,1,0,0,3929
v7-s5-v252,v7,canon,253,The Path of Resonance,1,0,0,5183
v7-s10-v251,v7,canon,253,The Null Core,1,0,0,2834
v7-s1-v191,v7,canon,253,The Scribes of Aether,1,0,0,3007
v7-s13-v236,v7,canon,253,The Nexus Weave,1,0,0,4225
v7-s3-v251,v7,canon,253,The Axiomatic Truth,1,0,0,1302
v7-s6-v253,v7,canon,253,The Ouroboros Circuit,1,0,0,5077
v7-s12-v250,v7,canon,253,The Lumina Umbra,1,6,1,4283
v7-s11-v231,v7,canon,253,The Digital Nexus,1,0,0,4367
v7-s8-v86,v7,canon,254,The Unseen Weave,0,4,1,3460
v7-s3-v252,v7,canon,254,The Axiomatic Truth,1,0,0,1302
v7-s7-v249,v7,canon,254,The Aethel Stream,1,0,0,3935
v7-s0-v251,v7,canon,254,The Azure Current,1,0,0,5042
v7-s5-v253,v7,canon,254,The Path of Resonance,1,0,0,5181
v7-s6-v254,v7,canon,254,The Ouroboros Circuit,1,0,0,5078
v7-s11-v232,v7,canon,254,The Digital Nexus,1,0,0,4367
v7-s13-v237,v7,canon,254,The Nexus Weave,1,0,0,4225
v7-s1-v192,v7,canon,254,The Scribes of Aether,1,0,0,3007
v7-s10-v252,v7,canon,254,The Null Core,1,0,0,2850
v7-s12-v251,v7,canon,254,The Lumina Umbra,1,6,1,4283
v7-s2-v78,v7,canon,255,The Crimson Ascent,1,11,1,6371
v7-s9-v85,v7,canon,255,The Obsidian Plume,1,0,0,5150
v7-s6-v255,v7,canon,255,The Ouroboros Circuit,1,0,0,5053
v7-s3-v253,v7,canon,255,The Axiomatic Truth,1,0,0,1302
v7-s7-v250,v7,canon,255,The Aethel Stream,1,0,0,3931
v7-s0-v252,v7,canon,255,The Azure Current,1,0,0,5023
v7-s5-v254,v7,canon,255,The Path of Resonance,1,0,0,5181
v7-s11-v233,v7,canon,255,The Digital Nexus,1,0,0,4367
v7-s12-v252,v7,canon,255,The Lumina Umbra,1,6,1,4287
v7-s10-v253,v7,canon,255,The Null Core,1,0,0,2834
v7-s13-v238,v7,canon,255,The Nexus Weave,1,0,0,4225
v7-s1-v193,v7,canon,255,The Scribes of Aether,1,0,0,3007
v7-s5-v255,v7,canon,256,The Path of Resonance,1,0,0,5182
v7-s13-v239,v7,canon,256,The Nexus Weave,1,0,0,4225
v7-s6-v256,v7,canon,256,The Ouroboros Circuit,1,0,0,5075
v7-s0-v253,v7,canon,256,The Azure Current,1,0,0,5041
v7-s7-v251,v7,canon,256,The Aethel Stream,1,0,0,3949
v7-s3-v254,v7,canon,256,The Axiomatic Truth,1,0,0,1302
v7-s10-v254,v7,canon,256,The Null Core,1,0,0,2847
v7-s12-v253,v7,canon,256,The Lumina Umbra,1,6,1,4278
v7-s11-v234,v7,canon,256,The Digital Nexus,1,0,0,4369
v7-s1-v194,v7,canon,256,The Scribes of Aether,1,0,0,3007
v7-s9-v86,v7,canon,257,The Obsidian Plume,1,0,0,5150
v7-s3-v255,v7,canon,257,The Axiomatic Truth,1,0,0,1302
v7-s2-v79,v7,canon,257,The Crimson Ascent,1,11,1,6551
v7-s8-v87,v7,canon,257,The Unseen Weave,0,4,1,3460
v7-s13-v240,v7,canon,257,The Nexus Weave,1,0,0,4225
v7-s7-v252,v7,canon,257,The Aethel Stream,1,0,0,3944
v7-s5-v256,v7,canon,257,The Path of Resonance,1,0,0,5182
v7-s10-v255,v7,canon,257,The Null Core,1,0,0,2836
v7-s0-v254,v7,canon,257,The Azure Current,1,0,0,5042
v7-s6-v257,v7,canon,257,The Ouroboros Circuit,1,0,0,5026
v7-s12-v254,v7,canon,257,The Lumina Umbra,1,6,1,4356
v7-s1-v195,v7,canon,257,The Scribes of Aether,1,0,0,3007
v7-s1-v196,v7,canon,258,The Scribes of Aether,1,1,1,4369
v7-s0-v255,v7,canon,258,The Azure Current,1,0,0,5042
v7-s5-v257,v7,canon,258,The Path of Resonance,1,0,0,5182
v7-s6-v258,v7,canon,258,The Ouroboros Circuit,1,0,0,5069
v7-s7-v253,v7,canon,258,The Aethel Stream,1,0,0,3949
v7-s10-v256,v7,canon,258,The Null Core,1,0,0,2843
v7-s3-v256,v7,canon,258,The Axiomatic Truth,1,0,0,1302
v7-s13-v241,v7,canon,258,The Nexus Weave,1,0,0,4225
v7-s12-v255,v7,canon,258,The Lumina Umbra,1,6,1,4323
v7-s11-v235,v7,canon,258,The Digital Nexus,1,0,0,4369
v7-s9-v87,v7,canon,259,The Obsidian Plume,1,0,0,5150
v7-s8-v88,v7,canon,259,The Unseen Weave,0,4,1,3459
v7-s0-v256,v7,canon,259,The Azure Current,1,0,0,5041
v7-s10-v257,v7,canon,259,The Null Core,1,0,0,2847
v7-s7-v254,v7,canon,259,The Aethel Stream,1,0,0,3945
v7-s5-v258,v7,canon,259,The Path of Resonance,1,0,0,5182
v7-s12-v256,v7,canon,259,The Lumina Umbra,1,6,1,4318
v7-s6-v259,v7,canon,259,The Ouroboros Circuit,1,0,0,5091
v7-s13-v242,v7,canon,259,The Nexus Weave,1,0,0,4225
v7-s3-v257,v7,canon,259,The Axiomatic Truth,1,0,0,1302
v7-s1-v197,v7,canon,259,The Scribes of Aether,1,1,1,4372
v7-s11-v236,v7,canon,259,The Digital Nexus,1,0,0,4369
v7-s2-v80,v7,canon,260,The Crimson Ascent,1,11,1,6370
v7-s3-v258,v7,canon,260,The Axiomatic Truth,1,0,0,1302
v7-s5-v259,v7,canon,260,The Path of Resonance,1,0,0,5182
v7-s7-v255,v7,canon,260,The Aethel Stream,1,0,0,3949
v7-s6-v260,v7,canon,260,The Ouroboros Circuit,1,0,0,5067
v7-s0-v257,v7,canon,260,The Azure Current,1,0,0,5014
v7-s12-v257,v7,canon,260,The Lumina Umbra,1,6,1,4300
v7-s1-v198,v7,canon,260,The Scribes of Aether,1,0,0,3008
v7-s13-v243,v7,canon,260,The Nexus Weave,1,0,0,4225
v7-s11-v237,v7,canon,260,The Digital Nexus,1,0,0,4369
v7-s10-v258,v7,canon,260,The Null Core,1,0,0,2834
v7-s6-v261,v7,canon,261,The Ouroboros Circuit,1,0,0,5067
v7-s9-v88,v7,canon,261,The Obsidian Plume,1,0,0,5150
v7-s5-v260,v7,canon,261,The Path of Resonance,1,0,0,5182
v7-s1-v199,v7,canon,261,The Scribes of Aether,1,0,0,4252
v7-s7-v256,v7,canon,261,The Aethel Stream,1,0,0,3948
v7-s0-v258,v7,canon,261,The Azure Current,1,0,0,5014
v7-s11-v238,v7,canon,261,The Digital Nexus,1,0,0,4372
v7-s13-v244,v7,canon,261,The Nexus Weave,1,0,0,4225
v7-s3-v259,v7,canon,261,The Axiomatic Truth,1,0,0,1302
v7-s12-v258,v7,canon,261,The Lumina Umbra,1,6,1,4292
v7-s10-v259,v7,canon,261,The Null Core,1,0,0,2859
v7-s8-v89,v7,canon,262,The Unseen Weave,0,4,1,3459
v7-s2-v81,v7,canon,262,The Crimson Ascent,1,11,1,6311
v7-s5-v261,v7,canon,262,The Path of Resonance,1,0,0,5182
v7-s6-v262,v7,canon,262,The Ouroboros Circuit,1,0,0,5062
v7-s7-v257,v7,canon,262,The Aethel Stream,1,0,0,3953
v7-s3-v260,v7,canon,262,The Axiomatic Truth,1,0,0,1302
v7-s0-v259,v7,canon,262,The Azure Current,1,0,0,5014
v7-s13-v245,v7,canon,262,The Nexus Weave,1,0,0,4225
v7-s10-v260,v7,canon,262,The Null Core,1,0,0,2836
v7-s12-v259,v7,canon,262,The Lumina Umbra,1,6,1,4329
v7-s1-v200,v7,canon,262,The Scribes of Aether,1,0,0,4254
v7-s6-v263,v7,canon,263,The Ouroboros Circuit,1,0,0,5089
v7-s5-v262,v7,canon,263,The Path of Resonance,1,0,0,5182
v7-s1-v201,v7,canon,263,The Scribes of Aether,1,0,0,4254
v7-s9-v89,v7,canon,263,The Obsidian Plume,1,0,0,5150
v7-s3-v261,v7,canon,263,The Axiomatic Truth,1,0,0,1302
v7-s7-v258,v7,canon,263,The Aethel Stream,1,0,0,3946
v7-s0-v260,v7,canon,263,The Azure Current,1,0,0,5014
v7-s12-v260,v7,canon,263,The Lumina Umbra,1,6,1,4293
v7-s10-v261,v7,canon,263,The Null Core,1,0,0,2850
v7-s7-v259,v7,canon,264,The Aethel Stream,1,0,0,3784
v7-s5-v263,v7,canon,264,The Path of Resonance,1,0,0,5182
v7-s0-v261,v7,canon,264,The Azure Current,1,0,0,5014
v7-s6-v264,v7,canon,264,The Ouroboros Circuit,1,0,0,5113
v7-s3-v262,v7,canon,264,The Axiomatic Truth,1,0,0,1302
v7-s11-v239,v7,canon,264,The Digital Nexus,1,0,0,4372
v7-s10-v262,v7,canon,264,The Null Core,1,0,0,2847
v7-s1-v202,v7,canon,264,The Scribes of Aether,1,0,0,4254
v7-s12-v261,v7,canon,264,The Lumina Umbra,1,6,1,4316
v7-s13-v246,v7,canon,264,The Nexus Weave,1,0,0,4225
v7-s9-v90,v7,canon,265,The Obsidian Plume,1,0,0,5150
v7-s6-v265,v7,canon,265,The Ouroboros Circuit,1,0,0,5067
v7-s1-v203,v7,canon,265,The Scribes of Aether,1,0,0,4254
v7-s5-v264,v7,canon,265,The Path of Resonance,1,0,0,5182
v7-s0-v262,v7,canon,265,The Azure Current,1,0,0,5014
v7-s3-v263,v7,canon,265,The Axiomatic Truth,1,0,0,1494
v7-s7-v260,v7,canon,265,The Aethel Stream,1,0,0,3781
v7-s10-v263,v7,canon,265,The Null Core,1,0,0,2838
v7-s12-v262,v7,canon,265,The Lumina Umbra,1,6,1,4300
v7-s11-v240,v7,canon,265,The Digital Nexus,1,0,0,4372
v7-s5-v265,v7,canon,266,The Path of Resonance,1,0,0,5058
v7-s8-v90,v7,canon,266,The Unseen Weave,0,4,1,3461
v7-s0-v263,v7,canon,266,The Azure Current,1,0,0,5006
v7-s11-v241,v7,canon,266,The Digital Nexus,1,0,0,4372
v7-s6-v266,v7,canon,266,The Ouroboros Circuit,1,0,0,5089
v7-s10-v264,v7,canon,266,The Null Core,1,0,0,2824
v7-s7-v261,v7,canon,266,The Aethel Stream,1,0,0,3786
v7-s3-v264,v7,canon,266,The Axiomatic Truth,1,0,0,1494
v7-s1-v204,v7,canon,266,The Scribes of Aether,1,0,0,4255
v7-s12-v263,v7,canon,266,The Lumina Umbra,1,6,1,4278
v7-s13-v247,v7,canon,266,The Nexus Weave,1,0,0,4225
v7-s9-v91,v7,canon,267,The Obsidian Plume,1,0,0,5150
v7-s2-v82,v7,canon,267,The Crimson Ascent,1,11,1,6301
v7-s12-v264,v7,canon,267,The Lumina Umbra,1,4,1,4237
v7-s7-v262,v7,canon,267,The Aethel Stream,1,0,0,3781
v7-s5-v266,v7,canon,267,The Path of Resonance,1,0,0,5058
v7-s0-v264,v7,canon,267,The Azure Current,1,0,0,5006
v7-s1-v205,v7,canon,267,The Scribes of Aether,1,0,0,4256
v7-s6-v267,v7,canon,267,The Ouroboros Circuit,1,0,0,5057
v7-s10-v265,v7,canon,267,The Null Core,1,0,0,2837
v7-s3-v265,v7,canon,267,The Axiomatic Truth,1,0,0,1494
v7-s11-v242,v7,canon,267,The Digital Nexus,1,0,0,4377
v7-s8-v91,v7,canon,268,The Unseen Weave,0,4,1,3457
v7-s6-v268,v7,canon,268,The Ouroboros Circuit,1,0,0,5040
v7-s0-v265,v7,canon,268,The Azure Current,1,0,0,5006
v7-s5-v267,v7,canon,268,The Path of Resonance,1,0,0,5058
v7-s12-v265,v7,canon,268,The Lumina Umbra,1,4,1,4262
v7-s10-v266,v7,canon,268,The Null Core,1,0,0,2881
v7-s1-v206,v7,canon,268,The Scribes of Aether,1,0,0,4257
v7-s7-v263,v7,canon,268,The Aethel Stream,1,0,0,3934
v7-s13-v248,v7,canon,268,The Nexus Weave,1,0,0,4225
v7-s11-v243,v7,canon,268,The Digital Nexus,1,0,0,4377
v7-s3-v266,v7,canon,268,The Axiomatic Truth,1,0,0,1666
v7-s7-v264,v7,canon,269,The Aethel Stream,1,0,0,3781
v7-s2-v83,v7,canon,269,The Crimson Ascent,1,11,1,6211
v7-s3-v267,v7,canon,269,The Axiomatic Truth,1,0,0,1879
v7-s9-v92,v7,canon,269,The Obsidian Plume,1,0,0,5150
v7-s11-v244,v7,canon,269,The Digital Nexus,1,0,0,4377
v7-s5-v268,v7,canon,269,The Path of Resonance,1,0,0,5058
v7-s0-v266,v7,canon,269,The Azure Current,1,0,0,5006
v7-s13-v249,v7,canon,269,The Nexus Weave,1,0,0,4225
v7-s6-v269,v7,canon,269,The Ouroboros Circuit,1,0,0,5088
v7-s12-v266,v7,canon,269,The Lumina Umbra,1,3,1,4254
v7-s1-v207,v7,canon,269,The Scribes of Aether,1,0,0,4257
v7-s10-v267,v7,canon,269,The Null Core,1,0,0,2840
v7-s6-v270,v7,canon,270,The Ouroboros Circuit,1,0,0,5075
v7-s10-v268,v7,canon,270,The Null Core,1,0,0,2821
v7-s12-v267,v7,canon,270,The Lumina Umbra,1,4,1,4315
v7-s7-v265,v7,canon,270,The Aethel Stream,1,0,0,3786
v7-s5-v269,v7,canon,270,The Path of Resonance,1,0,0,5058
v7-s3-v268,v7,canon,270,The Axiomatic Truth,1,0,0,1879
v7-s0-v267,v7,canon,270,The Azure Current,1,0,0,5006
v7-s1-v208,v7,canon,270,The Scribes of Aether,1,0,0,4257
v7-s3-v269,v7,canon,271,The Axiomatic Truth,1,0,0,1879
v7-s2-v84,v7,canon,271,The Crimson Ascent,1,11,1,6278
v7-s1-v209,v7,canon,271,The Scribes of Aether,1,0,0,4257
v7-s9-v93,v7,canon,271,The Obsidian Plume,1,0,0,5199
v7-s5-v270,v7,canon,271,The Path of Resonance,1,0,0,5058
v7-s6-v271,v7,canon,271,The Ouroboros Circuit,1,0,0,5097
v7-s0-v268,v7,canon,271,The Azure Current,1,0,0,5006
v7-s10-v269,v7,canon,271,The Null Core,1,0,0,2848
v7-s12-v268,v7,canon,271,The Lumina Umbra,1,3,1,4309
v7-s7-v266,v7,canon,271,The Aethel Stream,1,0,0,3960
v7-s13-v250,v7,canon,271,The Nexus Weave,1,0,0,4225
v7-s6-v272,v7,canon,272,The Ouroboros Circuit,1,0,0,5075
v7-s8-v92,v7,canon,272,The Unseen Weave,0,4,1,3460
v7-s5-v271,v7,canon,272,The Path of Resonance,1,0,0,5058
v7-s0-v269,v7,canon,272,The Azure Current,1,0,0,5006
v7-s7-v267,v7,canon,272,The Aethel Stream,1,0,0,3787
v7-s1-v210,v7,canon,272,The Scribes of Aether,1,0,0,4257
v7-s13-v251,v7,canon,272,The Nexus Weave,1,0,0,4128
v7-s3-v270,v7,canon,272,The Axiomatic Truth,1,0,0,1879
v7-s12-v269,v7,canon,272,The Lumina Umbra,1,3,1,4264
v7-s10-v270,v7,canon,272,The Null Core,1,0,0,2828
v7-s9-v94,v7,canon,273,The Obsidian Plume,1,0,0,5199
v7-s3-v271,v7,canon,273,The Axiomatic Truth,1,0,0,2066
v7-s2-v85,v7,canon,273,The Crimson Ascent,1,11,1,6295
v7-s6-v273,v7,canon,273,The Ouroboros Circuit,1,0,0,5078
v7-s7-v268,v7,canon,273,The Aethel Stream,1,0,0,3781
v7-s12-v270,v7,canon,273,The Lumina Umbra,1,3,1,4292
v7-s0-v270,v7,canon,273,The Azure Current,1,0,0,5006
v7-s5-v272,v7,canon,273,The Path of Resonance,1,0,0,5058
v7-s1-v211,v7,canon,273,The Scribes of Aether,1,0,0,4257
v7-s10-v271,v7,canon,273,The Null Core,1,0,0,2836
v7-s6-v274,v7,canon,274,The Ouroboros Circuit,1,0,0,5007
v7-s5-v273,v7,canon,274,The Path of Resonance,1,0,0,5059
v7-s7-v269,v7,canon,274,The Aethel Stream,1,0,0,3788
v7-s0-v271,v7,canon,274,The Azure Current,1,0,0,5006
v7-s12-v271,v7,canon,274,The Lumina Umbra,1,3,1,4278
v7-s1-v212,v7,canon,274,The Scribes of Aether,1,0,0,4255
v7-s3-v272,v7,canon,274,The Axiomatic Truth,1,0,0,2170
v7-s10-v272,v7,canon,274,The Null Core,1,0,0,2824
v7-s2-v86,v7,canon,275,The Crimson Ascent,1,11,1,6283
v7-s8-v93,v7,canon,275,The Unseen Weave,0,4,1,3461
v7-s1-v213,v7,canon,275,The Scribes of Aether,1,0,0,4257
v7-s9-v95,v7,canon,275,The Obsidian Plume,1,0,0,5199
v7-s5-v274,v7,canon,275,The Path of Resonance,1,0,0,5059
v7-s7-v270,v7,canon,275,The Aethel Stream,1,0,0,3921
v7-s12-v272,v7,canon,275,The Lumina Umbra,1,3,1,4307
v7-s10-v273,v7,canon,275,The Null Core,1,0,0,2843
v7-s0-v272,v7,canon,275,The Azure Current,1,0,0,5006
v7-s3-v273,v7,canon,275,The Axiomatic Truth,1,0,0,2299
v7-s6-v275,v7,canon,275,The Ouroboros Circuit,1,0,0,5067
v7-s9-v96,v7,canon,276,The Obsidian Plume,1,0,0,5199
v7-s5-v275,v7,canon,276,The Path of Resonance,1,0,0,5059
v7-s6-v276,v7,canon,276,The Ouroboros Circuit,1,0,0,5032
v7-s3-v274,v7,canon,276,The Axiomatic Truth,1,0,0,2499
v7-s0-v273,v7,canon,276,The Azure Current,1,0,0,5006
v7-s12-v273,v7,canon,276,The Lumina Umbra,1,3,1,4319
v7-s1-v214,v7,canon,276,The Scribes of Aether,1,0,0,4257
v7-s7-v271,v7,canon,276,The Aethel Stream,1,0,0,3925
v7-s13-v252,v7,canon,276,The Nexus Weave,1,0,0,4129
v7-s10-v274,v7,canon,276,The Null Core,1,0,0,2837
v7-s8-v94,v7,canon,277,The Unseen Weave,0,4,1,3462
v7-s9-v97,v7,canon,277,The Obsidian Plume,1,0,0,5199
v7-s2-v87,v7,canon,277,The Crimson Ascent,1,11,1,6271
v7-s5-v276,v7,canon,277,The Path of Resonance,1,0,0,5059
v7-s7-v272,v7,canon,277,The Aethel Stream,1,0,0,3921
v7-s0-v274,v7,canon,277,The Azure Current,1,0,0,5017
v7-s10-v275,v7,canon,277,The Null Core,1,0,0,2820
v7-s3-v275,v7,canon,277,The Axiomatic Truth,1,0,0,2499
v7-s12-v274,v7,canon,277,The Lumina Umbra,1,3,1,4307
v7-s6-v277,v7,canon,277,The Ouroboros Circuit,1,0,0,4632
v7-s13-v253,v7,canon,277,The Nexus Weave,1,0,0,4156
v7-s1-v215,v7,canon,277,The Scribes of Aether,1,0,0,3013
v7-s3-v276,v7,canon,278,The Axiomatic Truth,1,0,0,2499
v7-s1-v216,v7,canon,278,The Scribes of Aether,1,0,0,4257
v7-s5-v277,v7,canon,278,The Path of Resonance,1,0,0,5059
v7-s6-v278,v7,canon,278,The Ouroboros Circuit,1,0,0,4851
v7-s9-v98,v7,canon,278,The Obsidian Plume,1,0,0,5251
v7-s0-v275,v7,canon,278,The Azure Current,1,0,0,5018
v7-s7-v273,v7,canon,278,The Aethel Stream,1,0,0,3923
v7-s10-v276,v7,canon,278,The Null Core,1,0,0,2825
v7-s12-v275,v7,canon,278,The Lumina Umbra,1,3,1,4312
v7-s13-v254,v7,canon,278,The Nexus Weave,1,0,0,4156
v7-s11-v245,v7,canon,278,The Digital Nexus,1,0,0,4385
v7-s2-v88,v7,canon,279,The Crimson Ascent,1,11,1,6278
v7-s8-v95,v7,canon,279,The Unseen Weave,0,4,1,3470
v7-s9-v99,v7,canon,279,The Obsidian Plume,1,0,0,5140
v7-s5-v278,v7,canon,279,The Path of Resonance,1,0,0,5059
v7-s6-v279,v7,canon,279,The Ouroboros Circuit,1,0,0,4863
v7-s3-v277,v7,canon,279,The Axiomatic Truth,1,0,0,2499
v7-s0-v276,v7,canon,279,The Azure Current,1,0,0,5018
v7-s7-v274,v7,canon,279,The Aethel Stream,1,0,0,3921
v7-s1-v217,v7,canon,279,The Scribes of Aether,1,0,0,4253
v7-s13-v255,v7,canon,279,The Nexus Weave,1,0,0,4156
v7-s12-v276,v7,canon,279,The Lumina Umbra,1,2,1,4209
v7-s11-v246,v7,canon,279,The Digital Nexus,1,0,0,4385
v7-s10-v277,v7,canon,279,The Null Core,1,0,0,2846
v7-s9-v100,v7,canon,280,The Obsidian Plume,1,0,0,5199
v7-s3-v278,v7,canon,280,The Axiomatic Truth,1,0,0,2499
v7-s6-v280,v7,canon,280,The Ouroboros Circuit,1,0,0,4864
v7-s5-v279,v7,canon,280,The Path of Resonance,1,0,0,5059
v7-s10-v278,v7,canon,280,The Null Core,1,0,0,2822
v7-s0-v277,v7,canon,280,The Azure Current,1,0,0,5018
v7-s7-v275,v7,canon,280,The Aethel Stream,1,0,0,3927
v7-s1-v218,v7,canon,280,The Scribes of Aether,1,0,0,4257
v7-s12-v277,v7,canon,280,The Lumina Umbra,1,3,1,4303
v7-s13-v256,v7,canon,280,The Nexus Weave,1,0,0,4156
v7-s8-v96,v7,canon,281,The Unseen Weave,0,4,1,3473
v7-s9-v101,v7,canon,281,The Obsidian Plume,1,0,0,5140
v7-s7-v276,v7,canon,281,The Aethel Stream,1,0,0,3923
v7-s0-v278,v7,canon,281,The Azure Current,1,0,0,5019
v7-s5-v280,v7,canon,281,The Path of Resonance,1,0,0,5059
v7-s13-v257,v7,canon,281,The Nexus Weave,1,0,0,4226
v7-s6-v281,v7,canon,281,The Ouroboros Circuit,1,0,0,4812
v7-s3-v279,v7,canon,281,The Axiomatic Truth,1,0,0,2653
v7-s11-v247,v7,canon,281,The Digital Nexus,1,0,0,4342
v7-s12-v278,v7,canon,281,The Lumina Umbra,1,3,1,4273
v7-s10-v279,v7,canon,281,The Null Core,1,0,0,2824
v7-s1-v219,v7,canon,281,The Scribes of Aether,1,0,0,4257
v7-s5-v281,v7,canon,282,The Path of Resonance,1,0,0,5059
v7-s9-v102,v7,canon,282,The Obsidian Plume,1,0,0,5199
v7-s1-v220,v7,canon,282,The Scribes of Aether,1,0,0,4259
v7-s3-v280,v7,canon,282,The Axiomatic Truth,1,0,0,2653
v7-s7-v277,v7,canon,282,The Aethel Stream,1,0,0,3927
v7-s6-v282,v7,canon,282,The Ouroboros Circuit,1,0,0,4879
v7-s0-v279,v7,canon,282,The Azure Current,1,0,0,5019
v7-s12-v279,v7,canon,282,The Lumina Umbra,1,3,1,4280
v7-s10-v280,v7,canon,282,The Null Core,1,0,0,2835
v7-s13-v258,v7,canon,282,The Nexus Weave,1,0,0,4226
v7-s6-v283,v7,canon,283,The Ouroboros Circuit,1,0,0,4775
v7-s9-v103,v7,canon,283,The Obsidian Plume,1,0,0,5199
v7-s5-v282,v7,canon,283,The Path of Resonance,1,0,0,5059
v7-s13-v259,v7,canon,283,The Nexus Weave,1,0,0,4129
v7-s7-v278,v7,canon,283,The Aethel Stream,1,0,0,3925
v7-s12-v280,v7,canon,283,The Lumina Umbra,1,3,1,4264
v7-s3-v281,v7,canon,283,The Axiomatic Truth,1,0,0,2653
v7-s0-v280,v7,canon,283,The Azure Current,1,0,0,5019
v7-s10-v281,v7,canon,283,The Null Core,1,0,0,2833
v7-s1-v221,v7,canon,283,The Scribes of Aether,1,0,0,4259
v7-s11-v248,v7,canon,283,The Digital Nexus,1,0,0,4342
v7-s7-v279,v7,canon,284,The Aethel Stream,1,0,0,3935
v7-s2-v89,v7,canon,284,The Crimson Ascent,1,11,1,6188
v7-s9-v104,v7,canon,284,The Obsidian Plume,1,0,0,5140
v7-s6-v284,v7,canon,284,The Ouroboros Circuit,1,0,0,4807
v7-s5-v283,v7,canon,284,The Path of Resonance,1,0,0,5059
v7-s0-v281,v7,canon,284,The Azure Current,1,0,0,5019
v7-s3-v282,v7,canon,284,The Axiomatic Truth,1,0,0,2653
v7-s1-v222,v7,canon,284,The Scribes of Aether,1,0,0,4259
v7-s13-v260,v7,canon,284,The Nexus Weave,1,0,0,4226
v7-s10-v282,v7,canon,284,The Null Core,1,0,0,2834
v7-s11-v249,v7,canon,284,The Digital Nexus,1,0,0,4342
v7-s12-v281,v7,canon,284,The Lumina Umbra,1,3,1,4283
v7-s9-v105,v7,canon,285,The Obsidian Plume,1,0,0,4858
v7-s10-v283,v7,canon,285,The Null Core,1,0,0,2833
v7-s0-v282,v7,canon,285,The Azure Current,1,0,0,5019
v7-s7-v280,v7,canon,285,The Aethel Stream,1,0,0,3933
v7-s3-v283,v7,canon,285,The Axiomatic Truth,1,0,0,2754
v7-s1-v223,v7,canon,285,The Scribes of Aether,1,0,0,4259
v7-s6-v285,v7,canon,285,The Ouroboros Circuit,1,0,0,4865
v7-s5-v284,v7,canon,285,The Path of Resonance,1,0,0,5059
v7-s13-v261,v7,canon,285,The Nexus Weave,1,0,0,4226
v7-s12-v282,v7,canon,285,The Lumina Umbra,1,3,1,4303
v7-s1-v224,v7,canon,286,The Scribes of Aether,1,0,0,4259
v7-s5-v285,v7,canon,286,The Path of Resonance,1,0,0,5059
v7-s8-v97,v7,canon,286,The Unseen Weave,0,4,1,3473
v7-s6-v286,v7,canon,286,The Ouroboros Circuit,1,0,0,4785
v7-s0-v283,v7,canon,286,The Azure Current,1,0,0,5019
v7-s12-v283,v7,canon,286,The Lumina Umbra,1,3,1,4257
v7-s3-v284,v7,canon,286,The Axiomatic Truth,1,0,0,2778
v7-s7-v281,v7,canon,286,The Aethel Stream,1,0,0,3937
v7-s13-v262,v7,canon,286,The Nexus Weave,1,0,0,4226
v7-s11-v250,v7,canon,286,The Digital Nexus,1,0,0,4342
v7-s10-v284,v7,canon,286,The Null Core,1,0,0,2840
v7-s9-v106,v7,canon,287,The Obsidian Plume,1,0,0,4776
v7-s0-v284,v7,canon,287,The Azure Current,1,0,0,5019
v7-s5-v286,v7,canon,287,The Path of Resonance,1,0,0,5059
v7-s6-v287,v7,canon,287,The Ouroboros Circuit,1,0,0,4824
v7-s7-v282,v7,canon,287,The Aethel Stream,1,0,0,3933
v7-s1-v225,v7,canon,287,The Scribes of Aether,1,0,0,4259
v7-s12-v284,v7,canon,287,The Lumina Umbra,1,0,0,4112
v7-s11-v251,v7,canon,287,The Digital Nexus,1,0,0,4342
v7-s3-v285,v7,canon,287,The Axiomatic Truth,1,0,0,2934
v7-s13-v263,v7,canon,287,The Nexus Weave,1,0,0,4227
v7-s10-v285,v7,canon,287,The Null Core,1,0,0,2841
v7-s9-v107,v7,canon,288,The Obsidian Plume,1,0,0,4616
v7-s8-v98,v7,canon,288,The Unseen Weave,0,4,1,3473
v7-s2-v90,v7,canon,288,The Crimson Ascent,1,11,1,6471
v7-s6-v288,v7,canon,288,The Ouroboros Circuit,1,0,0,4864
v7-s5-v287,v7,canon,288,The Path of Resonance,1,0,0,5059
v7-s0-v285,v7,canon,288,The Azure Current,1,0,0,5019
v7-s3-v286,v7,canon,288,The Axiomatic Truth,1,0,0,3066
v7-s7-v283,v7,canon,288,The Aethel Stream,1,0,0,3935
v7-s1-v226,v7,canon,288,The Scribes of Aether,1,0,0,4259
v7-s12-v285,v7,canon,288,The Lumina Umbra,1,0,0,4026
v7-s11-v252,v7,canon,288,The Digital Nexus,1,0,0,4342
v7-s10-v286,v7,canon,288,The Null Core,1,0,0,2820
v7-s2-v91,v7,canon,289,The Crimson Ascent,1,11,1,6443
v7-s9-v108,v7,canon,289,The Obsidian Plume,1,0,0,4518
v7-s7-v284,v7,canon,289,The Aethel Stream,1,0,0,3933
v7-s0-v286,v7,canon,289,The Azure Current,1,0,0,5019
v7-s3-v287,v7,canon,289,The Axiomatic Truth,1,0,0,3164
v7-s11-v253,v7,canon,289,The Digital Nexus,1,0,0,4342
v7-s5-v288,v7,canon,289,The Path of Resonance,1,0,0,5059
v7-s10-v287,v7,canon,289,The Null Core,1,0,0,2822
v7-s12-v286,v7,canon,289,The Lumina Umbra,1,0,0,3853
v7-s6-v289,v7,canon,289,The Ouroboros Circuit,1,0,0,4840
v7-s13-v264,v7,canon,289,The Nexus Weave,1,0,0,4227
v7-s1-v227,v7,canon,289,The Scribes of Aether,1,0,0,4259
v7-s8-v99,v7,canon,290,The Unseen Weave,0,4,1,3473
v7-s9-v109,v7,canon,290,The Obsidian Plume,1,0,0,4501
v7-s1-v228,v7,canon,290,The Scribes of Aether,1,0,0,4259
v7-s6-v290,v7,canon,290,The Ouroboros Circuit,1,0,0,4869
v7-s2-v92,v7,canon,290,The Crimson Ascent,1,11,1,6190
v7-s5-v289,v7,canon,290,The Path of Resonance,1,0,0,5059
v7-s10-v288,v7,canon,290,The Null Core,1,0,0,2820
v7-s7-v285,v7,canon,290,The Aethel Stream,1,0,0,3937
v7-s12-v287,v7,canon,290,The Lumina Umbra,1,0,0,3855
v7-s3-v288,v7,canon,290,The Axiomatic Truth,1,0,0,3495
v7-s0-v287,v7,canon,290,The Azure Current,1,0,0,5019
v7-s11-v254,v7,canon,290,The Digital Nexus,1,0,0,4342
v7-s13-v265,v7,canon,290,The Nexus Weave,1,0,0,4227
v7-s2-v93,v7,canon,291,The Crimson Ascent,1,11,1,6180
v7-s9-v110,v7,canon,291,The Obsidian Plume,1,0,0,4438
v7-s3-v289,v7,canon,291,The Axiomatic Truth,1,0,0,3495
v7-s0-v288,v7,canon,291,The Azure Current,1,0,0,5019
v7-s7-v286,v7,canon,291,The Aethel Stream,1,0,0,3933
v7-s1-v229,v7,canon,291,The Scribes of Aether,1,0,0,4259
v7-s5-v290,v7,canon,291,The Path of Resonance,1,0,0,5059
v7-s10-v289,v7,canon,291,The Null Core,1,0,0,2828
v7-s13-v266,v7,canon,291,The Nexus Weave,1,0,0,4279
v7-s6-v291,v7,canon,291,The Ouroboros Circuit,1,0,0,4843
v7-s11-v255,v7,canon,291,The Digital Nexus,1,0,0,4342
v7-s12-v288,v7,canon,291,The Lumina Umbra,1,0,0,3853
v7-s2-v94,v7,canon,292,The Crimson Ascent,1,11,1,6240
v7-s8-v100,v7,canon,292,The Unseen Weave,0,4,1,3488
v7-s9-v111,v7,canon,292,The Obsidian Plume,1,0,0,4630
v7-s11-v256,v7,canon,292,The Digital Nexus,1,0,0,4342
v7-s5-v291,v7,canon,292,The Path of Resonance,1,0,0,5059
v7-s10-v290,v7,canon,292,The Null Core,1,0,0,2832
v7-s7-v287,v7,canon,292,The Aethel Stream,1,0,0,3940
v7-s3-v290,v7,canon,292,The Axiomatic Truth,1,0,0,3993
v7-s0-v289,v7,canon,292,The Azure Current,1,0,0,5019
v7-s6-v292,v7,canon,292,The Ouroboros Circuit,1,0,0,4859
v7-s13-v267,v7,canon,292,The Nexus Weave,1,0,0,4279
v7-s12-v289,v7,canon,292,The Lumina Umbra,1,0,0,3846
v7-s1-v230,v7,canon,292,The Scribes of Aether,1,0,0,4259
v7-s3-v291,v7,canon,293,The Axiomatic Truth,1,0,0,3993
v7-s2-v95,v7,canon,293,The Crimson Ascent,1,11,1,6260
v7-s9-v112,v7,canon,293,The Obsidian Plume,1,0,0,4436
v7-s6-v293,v7,canon,293,The Ouroboros Circuit,1,0,0,4864
v7-s5-v292,v7,canon,293,The Path of Resonance,1,0,0,5059
v7-s0-v290,v7,canon,293,The Azure Current,1,0,0,5019
v7-s13-v268,v7,canon,293,The Nexus Weave,1,0,0,4279
v7-s12-v290,v7,canon,293,The Lumina Umbra,1,0,0,3865
v7-s7-v288,v7,canon,293,The Aethel Stream,1,0,0,3935
v7-s1-v231,v7,canon,293,The Scribes of Aether,1,0,0,4259
v7-s10-v291,v7,canon,293,The Null Core,1,0,0,2832
v7-s11-v257,v7,canon,293,The Digital Nexus,1,0,0,4342
v7-s7-v289,v7,canon,294,The Aethel Stream,1,0,0,3939
v7-s6-v294,v7,canon,294,The Ouroboros Circuit,1,0,0,4814
v7-s2-v96,v7,canon,294,The Crimson Ascent,1,11,1,6312
v7-s0-v291,v7,canon,294,The Azure Current,1,0,0,5019
v7-s3-v292,v7,canon,294,The Axiomatic Truth,1,0,0,4485
v7-s5-v293,v7,canon,294,The Path of Resonance,1,0,0,5060
v7-s10-v292,v7,canon,294,The Null Core,1,0,0,2844
v7-s11-v258,v7,canon,294,The Digital Nexus,1,0,0,4342
v7-s12-v291,v7,canon,294,The Lumina Umbra,1,0,0,3873
v7-s13-v269,v7,canon,294,The Nexus Weave,1,0,0,4279
v7-s1-v232,v7,canon,294,The Scribes of Aether,1,0,0,4259
v7-s8-v101,v7,canon,295,The Unseen Weave,0,4,1,3488
v7-s1-v233,v7,canon,295,The Scribes of Aether,1,0,0,4259
v7-s9-v113,v7,canon,295,The Obsidian Plume,1,0,0,4129
v7-s2-v97,v7,canon,295,The Crimson Ascent,1,11,1,6220
v7-s3-v293,v7,canon,295,The Axiomatic Truth,1,0,0,4485
v7-s6-v295,v7,canon,295,The Ouroboros Circuit,1,0,0,4814
v7-s7-v290,v7,canon,295,The Aethel Stream,1,0,0,3938
v7-s13-v270,v7,canon,295,The Nexus Weave,1,0,0,4279
v7-s5-v294,v7,canon,295,The Path of Resonance,1,0,0,5060
v7-s10-v293,v7,canon,295,The Null Core,1,0,0,2856
v7-s0-v292,v7,canon,295,The Azure Current,1,0,0,5019
v7-s12-v292,v7,canon,295,The Lumina Umbra,1,0,0,4052
v7-s11-v259,v7,canon,295,The Digital Nexus,1,0,0,4342
v7-s6-v296,v7,canon,296,The Ouroboros Circuit,1,0,0,4859
v7-s2-v98,v7,canon,296,The Crimson Ascent,1,11,1,6362
v7-s9-v114,v7,canon,296,The Obsidian Plume,1,0,0,4042
v7-s5-v295,v7,canon,296,The Path of Resonance,1,0,0,5060
v7-s0-v293,v7,canon,296,The Azure Current,1,0,0,5019
v7-s7-v291,v7,canon,296,The Aethel Stream,1,0,0,3942
v7-s10-v294,v7,canon,296,The Null Core,1,0,0,2832
v7-s12-v293,v7,canon,296,The Lumina Umbra,1,0,0,4055
v7-s3-v294,v7,canon,296,The Axiomatic Truth,1,0,0,4485
v7-s1-v234,v7,canon,296,The Scribes of Aether,1,0,0,4259
v7-s11-v260,v7,canon,296,The Digital Nexus,1,0,0,4343
v7-s0-v294,v7,canon,297,The Azure Current,1,0,0,5019
v7-s6-v297,v7,canon,297,The Ouroboros Circuit,1,0,0,4805
v7-s2-v99,v7,canon,297,The Crimson Ascent,1,11,1,6226
v7-s8-v102,v7,canon,297,The Unseen Weave,0,4,1,3488
v7-s9-v115,v7,canon,297,The Obsidian Plume,1,0,0,4038
v7-s7-v292,v7,canon,297,The Aethel Stream,1,0,0,3938
v7-s1-v235,v7,canon,297,The Scribes of Aether,1,0,0,4259
v7-s5-v296,v7,canon,297,The Path of Resonance,1,0,0,5060
v7-s12-v294,v7,canon,297,The Lumina Umbra,1,0,0,4124
v7-s3-v295,v7,canon,297,The Axiomatic Truth,1,0,0,4654
v7-s10-v295,v7,canon,297,The Null Core,1,0,0,2849
v7-s9-v116,v7,canon,298,The Obsidian Plume,1,0,0,4146
v7-s6-v298,v7,canon,298,The Ouroboros Circuit,1,0,0,4858
v7-s2-v100,v7,canon,298,The Crimson Ascent,1,11,1,6176
v7-s7-v293,v7,canon,298,The Aethel Stream,1,0,0,3942
v7-s5-v297,v7,canon,298,The Path of Resonance,1,0,0,5060
v7-s0-v295,v7,canon,298,The Azure Current,1,0,0,5019
v7-s1-v236,v7,canon,298,The Scribes of Aether,1,0,0,4259
v7-s12-v295,v7,canon,298,The Lumina Umbra,1,0,0,4160
v7-s10-v296,v7,canon,298,The Null Core,1,0,0,2837
v7-s3-v296,v7,canon,298,The Axiomatic Truth,1,0,0,4654
v7-s13-v271,v7,canon,298,The Nexus Weave,1,0,0,4121
v7-s8-v103,v7,canon,299,The Unseen Weave,0,4,1,3488
v7-s2-v101,v7,canon,299,The Crimson Ascent,1,11,1,6116
v7-s9-v117,v7,canon,299,The Obsidian Plume,1,0,0,3989
v7-s5-v298,v7,canon,299,The Path of Resonance,1,0,0,5060
v7-s6-v299,v7,canon,299,The Ouroboros Circuit,1,0,0,4833
v7-s1-v237,v7,canon,299,The Scribes of Aether,1,0,0,4259
v7-s7-v294,v7,canon,299,The Aethel Stream,1,0,0,3938
v7-s12-v296,v7,canon,299,The Lumina Umbra,1,0,0,4290
v7-s10-v297,v7,canon,299,The Null Core,1,0,0,2843
v7-s0-v296,v7,canon,299,The Azure Current,1,0,0,5019
v7-s13-v272,v7,canon,299,The Nexus Weave,1,0,0,4121
v7-s3-v297,v7,canon,299,The Axiomatic Truth,1,0,0,4648
v7-s6-v300,v7,canon,300,The Ouroboros Circuit,1,0,0,4779
v7-s2-v102,v7,canon,300,The Crimson Ascent,1,11,1,6072
v7-s7-v295,v7,canon,300,The Aethel Stream,1,0,0,3942
v7-s13-v273,v7,canon,300,The Nexus Weave,1,0,0,4121
v7-s5-v299,v7,canon,300,The Path of Resonance,1,0,0,5053
v7-s0-v297,v7,canon,300,The Azure Current,1,0,0,5019
v7-s3-v298,v7,canon,300,The Axiomatic Truth,1,0,0,4648
v7-s1-v238,v7,canon,300,The Scribes of Aether,1,0,0,4259
v7-s12-v297,v7,canon,300,The Lumina Umbra,1,0,0,4279
v7-s10-v298,v7,canon,300,The Null Core,1,0,0,2842
v7-s9-v118,v7,canon,301,The Obsidian Plume,1,0,0,4077
v7-s6-v301,v7,canon,301,The Ouroboros Circuit,1,0,0,4869
v7-s7-v296,v7,canon,301,The Aethel Stream,1,0,0,3939
v7-s5-v300,v7,canon,301,The Path of Resonance,1,0,0,5053
v7-s3-v299,v7,canon,301,The Axiomatic Truth,1,0,0,4648
v7-s13-v274,v7,canon,301,The Nexus Weave,1,0,0,4227
v7-s1-v239,v7,canon,301,The Scribes of Aether,1,0,0,4259
v7-s10-v299,v7,canon,301,The Null Core,1,0,0,2848
v7-s0-v298,v7,canon,301,The Azure Current,1,0,0,5019
v7-s12-v298,v7,canon,301,The Lumina Umbra,1,0,0,4270
v7-s2-v103,v7,canon,302,The Crimson Ascent,1,11,1,6067
v7-s6-v302,v7,canon,302,The Ouroboros Circuit,1,0,0,4895
v7-s0-v299,v7,canon,302,The Azure Current,1,0,0,5019
v7-s13-v275,v7,canon,302,The Nexus Weave,1,0,0,4287
v7-s5-v301,v7,canon,302,The Path of Resonance,1,0,0,5053
v7-s7-v297,v7,canon,302,The Aethel Stream,1,0,0,3943
v7-s3-v300,v7,canon,302,The Axiomatic Truth,1,0,0,4853
v7-s10-v300,v7,canon,302,The Null Core,1,0,0,2842
v7-s12-v299,v7,canon,302,The Lumina Umbra,1,0,0,4295
v7-s1-v240,v7,canon,302,The Scribes of Aether,1,0,0,4259
v7-s8-v104,v7,canon,303,The Unseen Weave,0,4,1,3488
v7-s7-v298,v7,canon,303,The Aethel Stream,1,0,0,3935
v7-s1-v241,v7,canon,303,The Scribes of Aether,1,0,0,4259
v7-s6-v303,v7,canon,303,The Ouroboros Circuit,1,0,0,4861
v7-s5-v302,v7,canon,303,The Path of Resonance,1,0,0,5053
v7-s13-v276,v7,canon,303,The Nexus Weave,1,0,0,4227
v7-s0-v300,v7,canon,303,The Azure Current,1,0,0,5019
v7-s12-v300,v7,canon,303,The Lumina Umbra,1,0,0,4258
v7-s3-v301,v7,canon,303,The Axiomatic Truth,1,0,0,4852
v7-s10-v301,v7,canon,303,The Null Core,1,0,0,2849
v7-s8-v105,v7,canon,304,The Unseen Weave,0,4,1,3488
v7-s6-v304,v7,canon,304,The Ouroboros Circuit,1,0,0,4880
v7-s12-v301,v7,canon,304,The Lumina Umbra,1,0,0,4222
v7-s13-v277,v7,canon,304,The Nexus Weave,1,0,0,4287
v7-s0-v301,v7,canon,304,The Azure Current,1,0,0,5019
v7-s7-v299,v7,canon,304,The Aethel Stream,1,0,0,3941
v7-s3-v302,v7,canon,304,The Axiomatic Truth,1,0,0,4852
v7-s5-v303,v7,canon,304,The Path of Resonance,1,0,0,5054
v7-s10-v302,v7,canon,304,The Null Core,1,0,0,2835
v7-s1-v242,v7,canon,304,The Scribes of Aether,1,0,0,4259
v7-s7-v300,v7,canon,305,The Aethel Stream,1,0,0,3937
v7-s1-v243,v7,canon,305,The Scribes of Aether,1,0,0,4259
v7-s8-v106,v7,canon,305,The Unseen Weave,0,4,1,3488
v7-s6-v305,v7,canon,305,The Ouroboros Circuit,1,0,0,4877
v7-s9-v119,v7,canon,305,The Obsidian Plume,1,0,0,4059
v7-s0-v302,v7,canon,305,The Azure Current,1,0,0,5019
v7-s5-v304,v7,canon,305,The Path of Resonance,1,0,0,5054
v7-s10-v303,v7,canon,305,The Null Core,1,0,0,2858
v7-s3-v303,v7,canon,305,The Axiomatic Truth,1,0,0,4852
v7-s12-v302,v7,canon,305,The Lumina Umbra,1,0,0,4203
v7-s13-v278,v7,canon,305,The Nexus Weave,1,0,0,4227
v7-s2-v104,v7,canon,306,The Crimson Ascent,1,11,1,6232
v7-s0-v303,v7,canon,306,The Azure Current,1,0,0,5019
v7-s6-v306,v7,canon,306,The Ouroboros Circuit,1,0,0,4845
v7-s8-v107,v7,canon,306,The Unseen Weave,0,4,1,3488
v7-s9-v120,v7,canon,306,The Obsidian Plume,1,0,0,4102
v7-s10-v304,v7,canon,306,The Null Core,1,0,0,2836
v7-s5-v305,v7,canon,306,The Path of Resonance,1,0,0,5054
v7-s7-v301,v7,canon,306,The Aethel Stream,1,0,0,3943
v7-s3-v304,v7,canon,306,The Axiomatic Truth,1,0,0,4852
v7-s12-v303,v7,canon,306,The Lumina Umbra,1,0,0,4204
v7-s1-v244,v7,canon,306,The Scribes of Aether,1,0,0,4259
v7-s13-v279,v7,canon,306,The Nexus Weave,1,0,0,4286
v7-s9-v121,v7,canon,307,The Obsidian Plume,1,0,0,4057
v7-s6-v307,v7,canon,307,The Ouroboros Circuit,1,0,0,4867
v7-s8-v108,v7,canon,307,The Unseen Weave,0,4,1,3489
v7-s10-v305,v7,canon,307,The Null Core,1,0,0,2832
v7-s3-v305,v7,canon,307,The Axiomatic Truth,1,0,0,4852
v7-s7-v302,v7,canon,307,The Aethel Stream,1,0,0,3939
v7-s0-v304,v7,canon,307,The Azure Current,1,0,0,5019
v7-s5-v306,v7,canon,307,The Path of Resonance,1,0,0,5054
v7-s13-v280,v7,canon,307,The Nexus Weave,1,0,0,4286
v7-s1-v245,v7,canon,307,The Scribes of Aether,1,0,0,4259
v7-s9-v122,v7,canon,308,The Obsidian Plume,1,0,0,4032
v7-s6-v308,v7,canon,308,The Ouroboros Circuit,1,0,0,4824
v7-s7-v303,v7,canon,308,The Aethel Stream,1,0,0,3943
v7-s0-v305,v7,canon,308,The Azure Current,1,0,0,5019
v7-s5-v307,v7,canon,308,The Path of Resonance,1,0,0,5054
v7-s3-v306,v7,canon,308,The Axiomatic Truth,1,0,0,4852
v7-s13-v281,v7,canon,308,The Nexus Weave,1,0,0,4286
v7-s1-v246,v7,canon,308,The Scribes of Aether,1,0,0,4259
v7-s10-v306,v7,canon,308,The Null Core,1,0,0,2838
v7-s8-v109,v7,canon,309,The Unseen Weave,0,4,1,3489
v7-s0-v306,v7,canon,309,The Azure Current,1,0,0,5019
v7-s9-v123,v7,canon,309,The Obsidian Plume,1,0,0,4034
v7-s3-v307,v7,canon,309,The Axiomatic Truth,1,0,0,4852
v7-s5-v308,v7,canon,309,The Path of Resonance,1,0,0,5054
v7-s7-v304,v7,canon,309,The Aethel Stream,1,0,0,3939
v7-s6-v309,v7,canon,309,The Ouroboros Circuit,1,0,0,4904
v7-s10-v307,v7,canon,309,The Null Core,1,0,0,2846
v7-s13-v282,v7,canon,309,The Nexus Weave,1,0,0,4286
v7-s1-v247,v7,canon,309,The Scribes of Aether,1,0,0,4259
v7-s1-v248,v7,canon,310,The Scribes of Aether,1,0,0,4259
v7-s9-v124,v7,canon,310,The Obsidian Plume,1,0,0,3992
v7-s0-v307,v7,canon,310,The Azure Current,1,0,0,5019
v7-s5-v309,v7,canon,310,The Path of Resonance,1,0,0,5054
v7-s7-v305,v7,canon,310,The Aethel Stream,1,0,0,3943
v7-s10-v308,v7,canon,310,The Null Core,1,0,0,2838
v7-s11-v261,v7,canon,310,The Digital Nexus,1,0,0,4199
v7-s13-v283,v7,canon,310,The Nexus Weave,1,0,0,4286
v7-s6-v310,v7,canon,310,The Ouroboros Circuit,1,0,0,4869
v7-s3-v308,v7,canon,310,The Axiomatic Truth,1,0,0,3944
v7-s2-v105,v7,canon,311,The Crimson Ascent,1,11,1,6236
v7-s8-v110,v7,canon,311,The Unseen Weave,0,4,1,3489
v7-s9-v125,v7,canon,311,The Obsidian Plume,1,0,0,4018
v7-s6-v311,v7,canon,311,The Ouroboros Circuit,1,0,0,4847
v7-s7-v306,v7,canon,311,The Aethel Stream,1,0,0,3939
v7-s13-v284,v7,canon,311,The Nexus Weave,1,0,0,4286
v7-s0-v308,v7,canon,311,The Azure Current,1,0,0,5019
v7-s5-v310,v7,canon,311,The Path of Resonance,1,0,0,5054
v7-s10-v309,v7,canon,311,The Null Core,1,0,0,2841
v7-s1-v249,v7,canon,311,The Scribes of Aether,1,0,0,4259
v7-s3-v309,v7,canon,311,The Axiomatic Truth,1,0,0,4858
v7-s1-v250,v7,canon,312,The Scribes of Aether,1,0,0,4259
v7-s9-v126,v7,canon,312,The Obsidian Plume,1,0,0,4018
v7-s0-v309,v7,canon,312,The Azure Current,1,0,0,5019
v7-s3-v310,v7,canon,312,The Axiomatic Truth,1,0,0,4952
v7-s7-v307,v7,canon,312,The Aethel Stream,1,0,0,3943
v7-s13-v285,v7,canon,312,The Nexus Weave,1,0,0,4286
v7-s5-v311,v7,canon,312,The Path of Resonance,1,0,0,5054
v7-s6-v312,v7,canon,312,The Ouroboros Circuit,1,0,0,4899
v7-s10-v310,v7,canon,312,The Null Core,1,0,0,2838
v7-s8-v111,v7,canon,313,The Unseen Weave,0,4,1,3491
v7-s6-v313,v7,canon,313,The Ouroboros Circuit,1,0,0,4851
v7-s9-v127,v7,canon,313,The Obsidian Plume,1,0,0,4018
v7-s2-v106,v7,canon,313,The Crimson Ascent,1,11,1,6239
v7-s13-v286,v7,canon,313,The Nexus Weave,1,0,0,4286
v7-s5-v312,v7,canon,313,The Path of Resonance,1,0,0,5054
v7-s1-v251,v7,canon,313,The Scribes of Aether,1,0,0,4259
v7-s7-v308,v7,canon,313,The Aethel Stream,1,0,0,3939
v7-s0-v310,v7,canon,313,The Azure Current,1,0,0,5019
v7-s3-v311,v7,canon,313,The Axiomatic Truth,1,0,0,4858
v7-s10-v311,v7,canon,313,The Null Core,1,0,0,2859
v7-s6-v314,v7,canon,314,The Ouroboros Circuit,1,0,0,4865
v7-s3-v312,v7,canon,314,The Axiomatic Truth,1,0,0,4858
v7-s7-v309,v7,canon,314,The Aethel Stream,1,0,0,3945
v7-s9-v128,v7,canon,314,The Obsidian Plume,1,0,0,4018
v7-s0-v311,v7,canon,314,The Azure Current,1,0,0,5019
v7-s5-v313,v7,canon,314,The Path of Resonance,1,0,0,5055
v7-s13-v287,v7,canon,314,The Nexus Weave,1,0,0,4286
v7-s10-v312,v7,canon,314,The Null Core,1,0,0,2834
v7-s1-v252,v7,canon,314,The Scribes of Aether,1,0,0,4259
v7-s6-v315,v7,canon,315,The Ouroboros Circuit,1,0,0,4879
v7-s9-v129,v7,canon,315,The Obsidian Plume,1,0,0,4061
v7-s2-v107,v7,canon,315,The Crimson Ascent,1,11,1,6236
v7-s7-v310,v7,canon,315,The Aethel Stream,1,0,0,3793
v7-s11-v262,v7,canon,315,The Digital Nexus,1,0,0,4288
v7-s0-v312,v7,canon,315,The Azure Current,1,0,0,5019
v7-s5-v314,v7,canon,315,The Path of Resonance,1,0,0,5055
v7-s13-v288,v7,canon,315,The Nexus Weave,1,0,0,4286
v7-s3-v313,v7,canon,315,The Axiomatic Truth,1,0,0,4858
v7-s1-v253,v7,canon,315,The Scribes of Aether,1,0,0,4259
v7-s10-v313,v7,canon,315,The Null Core,1,0,0,2845
v7-s8-v112,v7,canon,316,The Unseen Weave,0,4,1,3494
v7-s9-v130,v7,canon,316,The Obsidian Plume,1,0,0,4021
v7-s0-v313,v7,canon,316,The Azure Current,1,0,0,5019
v7-s5-v315,v7,canon,316,The Path of Resonance,1,0,0,5055
v7-s7-v311,v7,canon,316,The Aethel Stream,1,0,0,3797
v7-s6-v316,v7,canon,316,The Ouroboros Circuit,1,0,0,4795
v7-s3-v314,v7,canon,316,The Axiomatic Truth,1,0,0,4858
v7-s10-v314,v7,canon,316,The Null Core,1,0,0,2852
v7-s1-v254,v7,canon,316,The Scribes of Aether,1,0,0,4259
v7-s9-v131,v7,canon,317,The Obsidian Plume,1,0,0,4081
v7-s7-v312,v7,canon,317,The Aethel Stream,1,0,0,3793
v7-s6-v317,v7,canon,317,The Ouroboros Circuit,1,0,0,4861
v7-s2-v108,v7,canon,317,The Crimson Ascent,1,11,1,6272
v7-s5-v316,v7,canon,317,The Path of Resonance,1,0,0,5055
v7-s10-v315,v7,canon,317,The Null Core,1,0,0,2837
v7-s0-v314,v7,canon,317,The Azure Current,1,0,0,5019
v7-s13-v289,v7,canon,317,The Nexus Weave,1,0,0,4292
v7-s3-v315,v7,canon,317,The Axiomatic Truth,1,0,0,4858
v7-s11-v263,v7,canon,317,The Digital Nexus,1,0,0,4288
v7-s1-v255,v7,canon,317,The Scribes of Aether,1,0,0,4259
v7-s6-v318,v7,canon,318,The Ouroboros Circuit,1,0,0,4881
v7-s5-v317,v7,canon,318,The Path of Resonance,1,0,0,5055
v7-s8-v113,v7,canon,318,The Unseen Weave,0,4,1,3495
v7-s9-v132,v7,canon,318,The Obsidian Plume,1,0,0,4063
v7-s0-v315,v7,canon,318,The Azure Current,1,0,0,5019
v7-s13-v290,v7,canon,318,The Nexus Weave,1,0,0,4233
v7-s7-v313,v7,canon,318,The Aethel Stream,1,0,0,3994
v7-s10-v316,v7,canon,318,The Null Core,1,0,0,2840
v7-s1-v256,v7,canon,318,The Scribes of Aether,1,0,0,4259
v7-s3-v316,v7,canon,318,The Axiomatic Truth,1,0,0,4858
v7-s6-v319,v7,canon,319,The Ouroboros Circuit,1,0,0,4893
v7-s2-v109,v7,canon,319,The Crimson Ascent,1,11,1,6278
v7-s9-v133,v7,canon,319,The Obsidian Plume,1,0,0,4060
v7-s1-v257,v7,canon,319,The Scribes of Aether,1,0,0,4259
v7-s10-v317,v7,canon,319,The Null Core,1,0,0,2859
v7-s5-v318,v7,canon,319,The Path of Resonance,1,0,0,5055
v7-s0-v316,v7,canon,319,The Azure Current,1,0,0,5019
v7-s3-v317,v7,canon,319,The Axiomatic Truth,1,0,0,4858
v7-s7-v314,v7,canon,319,The Aethel Stream,1,0,0,3793
v7-s13-v291,v7,canon,319,The Nexus Weave,1,0,0,4292
v7-s9-v134,v7,canon,320,The Obsidian Plume,1,0,0,3714
v7-s8-v114,v7,canon,320,The Unseen Weave,0,4,1,3495
v7-s5-v319,v7,canon,320,The Path of Resonance,1,0,0,5055
v7-s6-v320,v7,canon,320,The Ouroboros Circuit,1,0,0,4892
v7-s0-v317,v7,canon,320,The Azure Current,1,0,0,5019
v7-s7-v315,v7,canon,320,The Aethel Stream,1,0,0,3993
v7-s3-v318,v7,canon,320,The Axiomatic Truth,1,0,0,4858
v7-s13-v292,v7,canon,320,The Nexus Weave,1,0,0,4292
v7-s10-v318,v7,canon,320,The Null Core,1,0,0,2836
v7-s1-v258,v7,canon,320,The Scribes of Aether,1,0,0,4259
v7-s6-v321,v7,canon,321,The Ouroboros Circuit,1,0,0,4006
v7-s2-v110,v7,canon,321,The Crimson Ascent,1,11,1,6148
v7-s9-v135,v7,canon,321,The Obsidian Plume,1,0,0,3714
v7-s0-v318,v7,canon,321,The Azure Current,1,0,0,5019
v7-s10-v319,v7,canon,321,The Null Core,1,0,0,2822
v7-s5-v320,v7,canon,321,The Path of Resonance,1,0,0,5055
v7-s7-v316,v7,canon,321,The Aethel Stream,1,0,0,3793
v7-s13-v293,v7,canon,321,The Nexus Weave,1,0,0,4292
v7-s3-v319,v7,canon,321,The Axiomatic Truth,1,0,0,4858
v7-s11-v264,v7,canon,321,The Digital Nexus,1,0,0,4288
v7-s1-v259,v7,canon,321,The Scribes of Aether,1,0,0,4259
v7-s8-v115,v7,canon,322,The Unseen Weave,0,4,1,3495
v7-s6-v322,v7,canon,322,The Ouroboros Circuit,1,0,0,4228
v7-s0-v319,v7,canon,322,The Azure Current,1,0,0,5019
v7-s10-v320,v7,canon,322,The Null Core,1,0,0,2836
v7-s5-v321,v7,canon,322,The Path of Resonance,1,0,0,5055
v7-s7-v317,v7,canon,322,The Aethel Stream,1,0,0,3798
v7-s1-v260,v7,canon,322,The Scribes of Aether,1,0,0,4259
v7-s3-v320,v7,canon,322,The Axiomatic Truth,1,0,0,4858
v7-s13-v294,v7,canon,322,The Nexus Weave,1,0,0,4292
v7-s2-v111,v7,canon,323,The Crimson Ascent,1,11,1,6235
v7-s6-v323,v7,canon,323,The Ouroboros Circuit,1,0,0,4177
v7-s0-v320,v7,canon,323,The Azure Current,1,0,0,5019
v7-s10-v321,v7,canon,323,The Null Core,1,0,0,2858
v7-s5-v322,v7,canon,323,The Path of Resonance,1,0,0,5055
v7-s1-v261,v7,canon,323,The Scribes of Aether,1,0,0,4259
v7-s7-v318,v7,canon,323,The Aethel Stream,1,0,0,3990
v7-s13-v295,v7,canon,323,The Nexus Weave,1,0,0,4292
v7-s3-v321,v7,canon,323,The Axiomatic Truth,1,0,0,4858
v7-s6-v324,v7,canon,324,The Ouroboros Circuit,1,0,0,4229
v7-s8-v116,v7,canon,324,The Unseen Weave,0,4,1,3494
v7-s1-v262,v7,canon,324,The Scribes of Aether,1,0,0,4259
v7-s0-v321,v7,canon,324,The Azure Current,1,0,0,5019
v7-s9-v136,v7,canon,324,The Obsidian Plume,1,0,0,3714
v7-s7-v319,v7,canon,324,The Aethel Stream,1,0,0,3796
v7-s5-v323,v7,canon,324,The Path of Resonance,1,0,0,5056
v7-s10-v322,v7,canon,324,The Null Core,1,0,0,2854
v7-s3-v322,v7,canon,324,The Axiomatic Truth,1,0,0,4858
v7-s11-v265,v7,canon,324,The Digital Nexus,1,0,0,4288
v7-s13-v296,v7,canon,324,The Nexus Weave,1,0,0,4292
v7-s9-v137,v7,canon,325,The Obsidian Plume,1,0,0,3714
v7-s2-v112,v7,canon,325,The Crimson Ascent,1,11,1,6438
v7-s6-v325,v7,canon,325,The Ouroboros Circuit,1,0,0,4218
v7-s7-v320,v7,canon,325,The Aethel Stream,1,0,0,3794
v7-s5-v324,v7,canon,325,The Path of Resonance,1,0,0,5056
v7-s0-v322,v7,canon,325,The Azure Current,1,0,0,5019
v7-s3-v323,v7,canon,325,The Axiomatic Truth,1,0,0,4858
v7-s11-v266,v7,canon,325,The Digital Nexus,1,0,0,4288
v7-s10-v323,v7,canon,325,The Null Core,1,0,0,2847
v7-s13-v297,v7,canon,325,The Nexus Weave,1,0,0,4292
v7-s1-v263,v7,canon,325,The Scribes of Aether,1,0,0,4259
v7-s6-v326,v7,canon,326,The Ouroboros Circuit,1,0,0,4246
v7-s1-v264,v7,canon,326,The Scribes of Aether,1,0,0,4259
v7-s2-v113,v7,canon,326,The Crimson Ascent,1,11,1,6096
v7-s10-v324,v7,canon,326,The Null Core,1,0,0,2845
v7-s7-v321,v7,canon,326,The Aethel Stream,1,0,0,3978
v7-s5-v325,v7,canon,326,The Path of Resonance,1,0,0,5054
v7-s0-v323,v7,canon,326,The Azure Current,1,0,0,5019
v7-s13-v298,v7,canon,326,The Nexus Weave,1,0,0,4292
v7-s3-v324,v7,canon,326,The Axiomatic Truth,1,0,0,3943
v7-s9-v138,v7,canon,327,The Obsidian Plume,1,0,0,3712
v7-s2-v114,v7,canon,327,The Crimson Ascent,1,11,1,6183
v7-s6-v327,v7,canon,327,The Ouroboros Circuit,1,0,0,4189
v7-s0-v324,v7,canon,327,The Azure Current,1,0,0,5019
v7-s5-v326,v7,canon,327,The Path of Resonance,1,0,0,5054
v7-s11-v267,v7,canon,327,The Digital Nexus,1,0,0,4288
v7-s7-v322,v7,canon,327,The Aethel Stream,1,0,0,3976
v7-s10-v325,v7,canon,327,The Null Core,1,0,0,2835
v7-s1-v265,v7,canon,327,The Scribes of Aether,1,0,0,4259
v7-s13-v299,v7,canon,327,The Nexus Weave,1,0,0,4292
v7-s3-v325,v7,canon,327,The Axiomatic Truth,1,0,0,3986
v7-s1-v266,v7,canon,328,The Scribes of Aether,1,0,0,4259
v7-s6-v328,v7,canon,328,The Ouroboros Circuit,1,0,0,4232
v7-s2-v115,v7,canon,328,The Crimson Ascent,1,11,1,6358
v7-s8-v117,v7,canon,328,The Unseen Weave,0,5,1,3775
v7-s7-v323,v7,canon,328,The Aethel Stream,1,0,0,3800
v7-s5-v327,v7,canon,328,The Path of Resonance,1,0,0,5055
v7-s0-v325,v7,canon,328,The Azure Current,1,0,0,5019
v7-s13-v300,v7,canon,328,The Nexus Weave,1,0,0,4292
v7-s10-v326,v7,canon,328,The Null Core,1,0,0,2825
v7-s3-v326,v7,canon,328,The Axiomatic Truth,1,0,0,3934
v7-s9-v139,v7,canon,329,The Obsidian Plume,1,0,0,3740
v7-s10-v327,v7,canon,329,The Null Core,1,0,0,2850
v7-s5-v328,v7,canon,329,The Path of Resonance,1,0,0,5055
v7-s13-v301,v7,canon,329,The Nexus Weave,1,0,0,4292
v7-s0-v326,v7,canon,329,The Azure Current,1,0,0,5019
v7-s7-v324,v7,canon,329,The Aethel Stream,1,0,0,3969
v7-s11-v268,v7,canon,329,The Digital Nexus,1,0,0,4275
v7-s6-v329,v7,canon,329,The Ouroboros Circuit,1,0,0,4191
v7-s3-v327,v7,canon,329,The Axiomatic Truth,1,0,0,4885
v7-s1-v267,v7,canon,329,The Scribes of Aether,1,0,0,4259
v7-s2-v116,v7,canon,330,The Crimson Ascent,1,11,1,6159
v7-s3-v328,v7,canon,330,The Axiomatic Truth,1,0,0,4893
v7-s6-v330,v7,canon,330,The Ouroboros Circuit,1,0,0,4171
v7-s1-v268,v7,canon,330,The Scribes of Aether,1,0,0,4259
v7-s8-v118,v7,canon,330,The Unseen Weave,1,5,1,4022
v7-s11-v269,v7,canon,330,The Digital Nexus,1,0,0,4288
v7-s13-v302,v7,canon,330,The Nexus Weave,1,0,0,4292
v7-s5-v329,v7,canon,330,The Path of Resonance,1,0,0,5055
v7-s0-v327,v7,canon,330,The Azure Current,1,0,0,5019
v7-s7-v325,v7,canon,330,The Aethel Stream,1,0,0,3804
v7-s10-v328,v7,canon,330,The Null Core,1,0,0,2831
v7-s9-v140,v7,canon,331,The Obsidian Plume,1,0,0,3759
v7-s5-v330,v7,canon,331,The Path of Resonance,1,0,0,5055
v7-s0-v328,v7,canon,331,The Azure Current,1,0,0,5020
v7-s7-v326,v7,canon,331,The Aethel Stream,1,0,0,3973
v7-s13-v303,v7,canon,331,The Nexus Weave,1,0,0,4233
v7-s6-v331,v7,canon,331,The Ouroboros Circuit,1,0,0,4247
v7-s10-v329,v7,canon,331,The Null Core,1,0,0,2835
v7-s1-v269,v7,canon,331,The Scribes of Aether,1,0,0,4259
v7-s8-v119,v7,canon,332,The Unseen Weave,1,6,1,4070
v7-s1-v270,v7,canon,332,The Scribes of Aether,1,0,0,4259
v7-s2-v117,v7,canon,332,The Crimson Ascent,1,11,1,6363
v7-s6-v332,v7,canon,332,The Ouroboros Circuit,1,0,0,4186
v7-s5-v331,v7,canon,332,The Path of Resonance,1,0,0,5055
v7-s10-v330,v7,canon,332,The Null Core,1,0,0,2840
v7-s13-v304,v7,canon,332,The Nexus Weave,1,0,0,4314
v7-s0-v329,v7,canon,332,The Azure Current,1,0,0,5020
v7-s7-v327,v7,canon,332,The Aethel Stream,1,0,0,3806
v7-s11-v270,v7,canon,332,The Digital Nexus,1,0,0,4288
v7-s3-v329,v7,canon,332,The Axiomatic Truth,1,0,0,4814
v7-s2-v118,v7,canon,333,The Crimson Ascent,1,11,1,6176
v7-s9-v141,v7,canon,333,The Obsidian Plume,1,0,0,3777
v7-s6-v333,v7,canon,333,The Ouroboros Circuit,1,0,0,4219
v7-s1-v271,v7,canon,333,The Scribes of Aether,1,0,0,4259
v7-s7-v328,v7,canon,333,The Aethel Stream,1,0,0,3973
v7-s0-v330,v7,canon,333,The Azure Current,1,0,0,5020
v7-s13-v305,v7,canon,333,The Nexus Weave,1,0,0,4233
v7-s5-v332,v7,canon,333,The Path of Resonance,1,0,0,5055
v7-s10-v331,v7,canon,333,The Null Core,1,0,0,2848
v7-s11-v271,v7,canon,333,The Digital Nexus,1,0,0,4288
v7-s7-v329,v7,canon,334,The Aethel Stream,1,0,0,3806
v7-s6-v334,v7,canon,334,The Ouroboros Circuit,1,0,0,4229
v7-s8-v120,v7,canon,334,The Unseen Weave,1,7,1,4093
v7-s2-v119,v7,canon,334,The Crimson Ascent,1,11,1,6131
v7-s10-v332,v7,canon,334,The Null Core,1,0,0,2836
v7-s11-v272,v7,canon,334,The Digital Nexus,1,0,0,4288
v7-s0-v331,v7,canon,334,The Azure Current,1,0,0,5020
v7-s5-v333,v7,canon,334,The Path of Resonance,1,0,0,5056
v7-s13-v306,v7,canon,334,The Nexus Weave,1,0,0,4314
v7-s3-v330,v7,canon,334,The Axiomatic Truth,1,0,0,4522
v7-s1-v272,v7,canon,334,The Scribes of Aether,1,0,0,4259
v7-s1-v273,v7,canon,335,The Scribes of Aether,1,0,0,4259
v7-s2-v120,v7,canon,335,The Crimson Ascent,1,11,1,6107
v7-s0-v332,v7,canon,335,The Azure Current,1,0,0,5020
v7-s6-v335,v7,canon,335,The Ouroboros Circuit,1,0,0,4232
v7-s7-v330,v7,canon,335,The Aethel Stream,1,0,0,3974
v7-s3-v331,v7,canon,335,The Axiomatic Truth,1,0,0,4764
v7-s5-v334,v7,canon,335,The Path of Resonance,1,0,0,5056
v7-s10-v333,v7,canon,335,The Null Core,1,0,0,2833
v7-s8-v121,v7,canon,335,The Unseen Weave,0,3,1,1133
v7-s11-v273,v7,canon,335,The Digital Nexus,1,0,0,4288
v7-s2-v121,v7,canon,336,The Crimson Ascent,1,11,1,6107
v7-s7-v331,v7,canon,336,The Aethel Stream,1,0,0,3807
v7-s0-v333,v7,canon,336,The Azure Current,1,0,0,5020
v7-s5-v335,v7,canon,336,The Path of Resonance,1,0,0,5056
v7-s3-v332,v7,canon,336,The Axiomatic Truth,1,0,0,4764
v7-s10-v334,v7,canon,336,The Null Core,1,0,0,2824
v7-s6-v336,v7,canon,336,The Ouroboros Circuit,1,0,0,4201
v7-s13-v307,v7,canon,336,The Nexus Weave,1,0,0,4314
v7-s1-v274,v7,canon,336,The Scribes of Aether,1,0,0,4259
v7-s8-v122,v7,canon,336,The Unseen Weave,0,5,1,1284
v7-s11-v274,v7,canon,336,The Digital Nexus,1,0,0,4288
v7-s2-v122,v7,canon,337,The Crimson Ascent,1,11,1,6107
v7-s5-v336,v7,canon,337,The Path of Resonance,1,0,0,5056
v7-s9-v142,v7,canon,337,The Obsidian Plume,1,0,0,3720
v7-s8-v123,v7,canon,337,The Unseen Weave,0,7,1,1433
v7-s0-v334,v7,canon,337,The Azure Current,1,0,0,5020
v7-s7-v332,v7,canon,337,The Aethel Stream,1,0,0,3803
v7-s11-v275,v7,canon,337,The Digital Nexus,1,0,0,4288
v7-s3-v333,v7,canon,337,The Axiomatic Truth,1,0,0,4764
v7-s10-v335,v7,canon,337,The Null Core,1,0,0,2857
v7-s6-v337,v7,canon,337,The Ouroboros Circuit,1,0,0,4235
v7-s1-v275,v7,canon,337,The Scribes of Aether,1,0,0,4259
v7-s13-v308,v7,canon,337,The Nexus Weave,1,0,0,4314
v7-s1-v276,v7,canon,338,The Scribes of Aether,1,0,0,4259
v7-s7-v333,v7,canon,338,The Aethel Stream,1,0,0,3970
v7-s8-v124,v7,canon,338,The Unseen Weave,0,8,1,1509
v7-s10-v336,v7,canon,338,The Null Core,1,0,0,2848
v7-s5-v337,v7,canon,338,The Path of Resonance,1,0,0,5056
v7-s0-v335,v7,canon,338,The Azure Current,1,0,0,5020
v7-s6-v338,v7,canon,338,The Ouroboros Circuit,1,0,0,4160
v7-s11-v276,v7,canon,338,The Digital Nexus,1,0,0,4288
v7-s3-v334,v7,canon,338,The Axiomatic Truth,1,0,0,4561
v7-s13-v309,v7,canon,338,The Nexus Weave,1,0,0,4314
v7-s2-v123,v7,canon,339,The Crimson Ascent,1,11,1,6107
v7-s5-v338,v7,canon,339,The Path of Resonance,1,0,0,5050
v7-s6-v339,v7,canon,339,The Ouroboros Circuit,1,0,0,4186
v7-s7-v334,v7,canon,339,The Aethel Stream,1,0,0,3966
v7-s8-v125,v7,canon,339,The Unseen Weave,0,9,1,1571
v7-s10-v337,v7,canon,339,The Null Core,1,0,0,2834
v7-s0-v336,v7,canon,339,The Azure Current,1,0,0,5020
v7-s1-v277,v7,canon,339,The Scribes of Aether,1,0,0,4259
v7-s11-v277,v7,canon,339,The Digital Nexus,1,0,0,4288
v7-s13-v310,v7,canon,339,The Nexus Weave,1,0,0,4314
v7-s5-v339,v7,canon,340,The Path of Resonance,1,0,0,5050
v7-s9-v143,v7,canon,340,The Obsidian Plume,1,0,0,3743
v7-s7-v335,v7,canon,340,The Aethel Stream,1,0,0,3970
v7-s10-v338,v7,canon,340,The Null Core,1,0,0,2841
v7-s0-v337,v7,canon,340,The Azure Current,1,0,0,5020
v7-s6-v340,v7,canon,340,The Ouroboros Circuit,1,0,0,4226
v7-s13-v311,v7,canon,340,The Nexus Weave,1,0,0,4136
v7-s11-v278,v7,canon,340,The Digital Nexus,1,0,0,4288
v7-s1-v278,v7,canon,340,The Scribes of Aether,1,0,0,4259
v7-s8-v126,v7,canon,340,The Unseen Weave,0,9,1,1733
v7-s3-v335,v7,canon,340,The Axiomatic Truth,1,0,0,4766
v7-s3-v336,v7,canon,341,The Axiomatic Truth,1,0,0,4670
v7-s1-v279,v7,canon,341,The Scribes of Aether,1,0,0,4259
v7-s8-v127,v7,canon,341,The Unseen Weave,0,9,1,1733
v7-s10-v339,v7,canon,341,The Null Core,1,0,0,2800
v7-s5-v340,v7,canon,341,The Path of Resonance,1,0,0,5050
v7-s7-v336,v7,canon,341,The Aethel Stream,1,0,0,3966
v7-s13-v312,v7,canon,341,The Nexus Weave,1,0,0,4136
v7-s0-v338,v7,canon,341,The Azure Current,1,0,0,5020
v7-s6-v341,v7,canon,341,The Ouroboros Circuit,1,0,0,4239
v7-s11-v279,v7,canon,341,The Digital Nexus,1,0,0,4288
v7-s2-v124,v7,canon,342,The Crimson Ascent,1,11,1,6194
v7-s7-v337,v7,canon,342,The Aethel Stream,1,0,0,3970
v7-s0-v339,v7,canon,342,The Azure Current,1,0,0,5020
v7-s5-v341,v7,canon,342,The Path of Resonance,1,0,0,5050
v7-s6-v342,v7,canon,342,The Ouroboros Circuit,1,0,0,4132
v7-s13-v313,v7,canon,342,The Nexus Weave,1,0,0,4136
v7-s10-v340,v7,canon,342,The Null Core,1,0,0,2848
v7-s3-v337,v7,canon,342,The Axiomatic Truth,1,0,0,4766
v7-s1-v280,v7,canon,342,The Scribes of Aether,1,0,0,4259
v7-s11-v280,v7,canon,342,The Digital Nexus,1,0,0,4288
v7-s8-v128,v7,canon,342,The Unseen Weave,0,9,1,1734
v7-s5-v342,v7,canon,343,The Path of Resonance,1,0,0,5050
v7-s7-v338,v7,canon,343,The Aethel Stream,1,0,0,3966
v7-s0-v340,v7,canon,343,The Azure Current,1,0,0,5020
v7-s10-v341,v7,canon,343,The Null Core,1,0,0,2834
v7-s6-v343,v7,canon,343,The Ouroboros Circuit,1,0,0,4031
v7-s8-v129,v7,canon,343,The Unseen Weave,0,9,1,1733
v7-s3-v338,v7,canon,343,The Axiomatic Truth,1,0,0,4767
v7-s13-v314,v7,canon,343,The Nexus Weave,1,0,0,4136
v7-s1-v281,v7,canon,343,The Scribes of Aether,1,0,0,4259
v7-s6-v344,v7,canon,344,The Ouroboros Circuit,1,0,0,3882
v7-s2-v125,v7,canon,344,The Crimson Ascent,1,11,1,6382
v7-s1-v282,v7,canon,344,The Scribes of Aether,1,0,0,4259
v7-s7-v339,v7,canon,344,The Aethel Stream,1,0,0,3969
v7-s0-v341,v7,canon,344,The Azure Current,1,0,0,5020
v7-s5-v343,v7,canon,344,The Path of Resonance,1,0,0,5051
v7-s10-v342,v7,canon,344,The Null Core,1,0,0,2853
v7-s3-v339,v7,canon,344,The Axiomatic Truth,1,0,0,4766
v7-s13-v315,v7,canon,344,The Nexus Weave,1,0,0,4136
v7-s8-v130,v7,canon,344,The Unseen Weave,0,9,1,1732
v7-s0-v342,v7,canon,345,The Azure Current,1,0,0,5020
v7-s5-v344,v7,canon,345,The Path of Resonance,1,0,0,5051
v7-s7-v340,v7,canon,345,The Aethel Stream,1,0,0,3966
v7-s6-v345,v7,canon,345,The Ouroboros Circuit,1,0,0,3838
v7-s10-v343,v7,canon,345,The Null Core,1,0,0,2857
v7-s1-v283,v7,canon,345,The Scribes of Aether,1,0,0,4259
v7-s13-v316,v7,canon,345,The Nexus Weave,1,0,0,4136
v7-s8-v131,v7,canon,345,The Unseen Weave,0,9,1,1732
v7-s3-v340,v7,canon,345,The Axiomatic Truth,1,0,0,4645
v7-s11-v281,v7,canon,345,The Digital Nexus,1,0,0,4288
v7-s6-v346,v7,canon,346,The Ouroboros Circuit,1,0,0,3782
v7-s9-v144,v7,canon,346,The Obsidian Plume,1,0,0,3798
v7-s5-v345,v7,canon,346,The Path of Resonance,1,0,0,5052
v7-s0-v343,v7,canon,346,The Azure Current,1,0,0,5020
v7-s8-v132,v7,canon,346,The Unseen Weave,0,9,1,1734
v7-s7-v341,v7,canon,346,The Aethel Stream,1,0,0,3967
v7-s3-v341,v7,canon,346,The Axiomatic Truth,1,0,0,4753
v7-s10-v344,v7,canon,346,The Null Core,1,0,0,2836
v7-s1-v284,v7,canon,346,The Scribes of Aether,1,0,0,4259
v7-s11-v282,v7,canon,346,The Digital Nexus,1,0,0,4288
v7-s1-v285,v7,canon,347,The Scribes of Aether,1,0,0,4259
v7-s2-v126,v7,canon,347,The Crimson Ascent,1,11,1,6142
v7-s8-v133,v7,canon,347,The Unseen Weave,0,9,1,1733
v7-s5-v346,v7,canon,347,The Path of Resonance,1,0,0,5052
v7-s7-v342,v7,canon,347,The Aethel Stream,1,0,0,3966
v7-s0-v344,v7,canon,347,The Azure Current,1,0,0,5020
v7-s6-v347,v7,canon,347,The Ouroboros Circuit,1,0,0,3675
v7-s10-v345,v7,canon,347,The Null Core,1,0,0,2830
v7-s11-v283,v7,canon,347,The Digital Nexus,1,0,0,4288
v7-s3-v342,v7,canon,347,The Axiomatic Truth,1,0,0,4754
v7-s9-v145,v7,canon,348,The Obsidian Plume,1,0,0,3808
v7-s1-v286,v7,canon,348,The Scribes of Aether,1,0,0,4259
v7-s6-v348,v7,canon,348,The Ouroboros Circuit,1,0,0,3537
v7-s0-v345,v7,canon,348,The Azure Current,1,0,0,5020
v7-s7-v343,v7,canon,348,The Aethel Stream,1,0,0,3970
v7-s11-v284,v7,canon,348,The Digital Nexus,1,0,0,4288
v7-s5-v347,v7,canon,348,The Path of Resonance,1,0,0,5052
v7-s8-v134,v7,canon,348,The Unseen Weave,0,9,1,1734
v7-s10-v346,v7,canon,348,The Null Core,1,0,0,2887
v7-s3-v343,v7,canon,348,The Axiomatic Truth,1,0,0,4846
v7-s13-v317,v7,canon,348,The Nexus Weave,1,0,0,4136
v7-s2-v127,v7,canon,349,The Crimson Ascent,1,11,1,6109
v7-s8-v135,v7,canon,349,The Unseen Weave,0,9,1,1735
v7-s3-v344,v7,canon,349,The Axiomatic Truth,1,0,0,4757
v7-s7-v344,v7,canon,349,The Aethel Stream,1,0,0,3966
v7-s5-v348,v7,canon,349,The Path of Resonance,1,0,0,5052
v7-s0-v346,v7,canon,349,The Azure Current,1,0,0,5020
v7-s6-v349,v7,canon,349,The Ouroboros Circuit,1,0,0,3533
v7-s13-v318,v7,canon,349,The Nexus Weave,1,0,0,4233
v7-s1-v287,v7,canon,349,The Scribes of Aether,1,0,0,4259
v7-s10-v347,v7,canon,349,The Null Core,1,0,0,2839
v7-s11-v285,v7,canon,349,The Digital Nexus,1,0,0,4288
v7-s9-v146,v7,canon,350,The Obsidian Plume,1,0,0,3802
v7-s5-v349,v7,canon,350,The Path of Resonance,1,0,0,5052
v7-s3-v345,v7,canon,350,The Axiomatic Truth,1,0,0,4849
v7-s8-v136,v7,canon,350,The Unseen Weave,0,9,1,1737
v7-s0-v347,v7,canon,350,The Azure Current,1,0,0,5020
v7-s7-v345,v7,canon,350,The Aethel Stream,1,0,0,3970
v7-s11-v286,v7,canon,350,The Digital Nexus,1,0,0,4288
v7-s6-v350,v7,canon,350,The Ouroboros Circuit,1,0,0,3519
v7-s1-v288,v7,canon,350,The Scribes of Aether,1,0,0,4259
v7-s10-v348,v7,canon,350,The Null Core,1,0,0,2855
v7-s5-v350,v7,canon,351,The Path of Resonance,1,0,0,5052
v7-s6-v351,v7,canon,351,The Ouroboros Circuit,1,0,0,3479
v7-s8-v137,v7,canon,351,The Unseen Weave,0,9,1,1740
v7-s10-v349,v7,canon,351,The Null Core,1,0,0,2845
v7-s7-v346,v7,canon,351,The Aethel Stream,1,0,0,3966
v7-s0-v348,v7,canon,351,The Azure Current,1,0,0,5020
v7-s3-v346,v7,canon,351,The Axiomatic Truth,1,0,0,4758
v7-s1-v289,v7,canon,351,The Scribes of Aether,1,0,0,4259
v7-s8-v138,v7,canon,352,The Unseen Weave,0,9,1,1744
v7-s9-v147,v7,canon,352,The Obsidian Plume,1,0,0,3793
v7-s1-v290,v7,canon,352,The Scribes of Aether,1,0,0,4259
v7-s6-v352,v7,canon,352,The Ouroboros Circuit,1,0,0,3466
v7-s5-v351,v7,canon,352,The Path of Resonance,1,0,0,5052
v7-s0-v349,v7,canon,352,The Azure Current,1,0,0,5020
v7-s7-v347,v7,canon,352,The Aethel Stream,1,0,0,3970
v7-s10-v350,v7,canon,352,The Null Core,1,0,0,2832
v7-s3-v347,v7,canon,352,The Axiomatic Truth,1,0,0,4648
v7-s11-v287,v7,canon,352,The Digital Nexus,1,0,0,4288
v7-s7-v348,v7,canon,353,The Aethel Stream,1,0,0,3964
v7-s0-v350,v7,canon,353,The Azure Current,1,0,0,5020
v7-s13-v319,v7,canon,353,The Nexus Weave,1,0,0,4233
v7-s6-v353,v7,canon,353,The Ouroboros Circuit,1,0,0,3419
v7-s5-v352,v7,canon,353,The Path of Resonance,1,0,0,5052
v7-s3-v348,v7,canon,353,The Axiomatic Truth,1,0,0,4758
v7-s10-v351,v7,canon,353,The Null Core,1,0,0,2834
v7-s1-v291,v7,canon,353,The Scribes of Aether,1,0,0,4259
v7-s8-v139,v7,canon,353,The Unseen Weave,0,9,1,1744
v7-s8-v140,v7,canon,354,The Unseen Weave,0,9,1,1744
v7-s9-v148,v7,canon,354,The Obsidian Plume,1,0,0,3792
v7-s7-v349,v7,canon,354,The Aethel Stream,1,0,0,3970
v7-s0-v351,v7,canon,354,The Azure Current,1,0,0,5020
v7-s6-v354,v7,canon,354,The Ouroboros Circuit,1,0,0,3473
v7-s3-v349,v7,canon,354,The Axiomatic Truth,1,0,0,4757
v7-s13-v320,v7,canon,354,The Nexus Weave,1,0,0,4136
v7-s5-v353,v7,canon,354,The Path of Resonance,1,0,0,5053
v7-s1-v292,v7,canon,354,The Scribes of Aether,1,0,0,4259
v7-s10-v352,v7,canon,354,The Null Core,1,0,0,2840
v7-s6-v355,v7,canon,355,The Ouroboros Circuit,1,0,0,3365
v7-s2-v128,v7,canon,355,The Crimson Ascent,0,11,1,6327
v7-s5-v354,v7,canon,355,The Path of Resonance,1,0,0,5053
v7-s7-v350,v7,canon,355,The Aethel Stream,1,0,0,3966
v7-s0-v352,v7,canon,355,The Azure Current,1,0,0,5020
v7-s8-v141,v7,canon,355,The Unseen Weave,0,9,1,1744
v7-s11-v288,v7,canon,355,The Digital Nexus,1,0,0,4288
v7-s3-v350,v7,canon,355,The Axiomatic Truth,1,0,0,4758
v7-s10-v353,v7,canon,355,The Null Core,1,0,0,2803
v7-s1-v293,v7,canon,355,The Scribes of Aether,1,0,0,4259
v7-s5-v355,v7,canon,356,The Path of Resonance,1,0,0,5053
v7-s9-v149,v7,canon,356,The Obsidian Plume,1,0,0,3756
v7-s8-v142,v7,canon,356,The Unseen Weave,0,9,1,1743
v7-s0-v353,v7,canon,356,The Azure Current,1,0,0,5020
v7-s6-v356,v7,canon,356,The Ouroboros Circuit,1,0,0,3397
v7-s7-v351,v7,canon,356,The Aethel Stream,1,0,0,3971
v7-s10-v354,v7,canon,356,The Null Core,1,0,0,2834
v7-s3-v351,v7,canon,356,The Axiomatic Truth,1,0,0,4757
v7-s13-v321,v7,canon,356,The Nexus Weave,1,0,0,4136
v7-s1-v294,v7,canon,356,The Scribes of Aether,1,0,0,4259
v7-s0-v354,v7,canon,357,The Azure Current,1,0,0,5020
v7-s1-v295,v7,canon,357,The Scribes of Aether,1,0,0,4259
v7-s5-v356,v7,canon,357,The Path of Resonance,1,0,0,5053
v7-s7-v352,v7,canon,357,The Aethel Stream,1,0,0,3967
v7-s6-v357,v7,canon,357,The Ouroboros Circuit,1,0,0,3385
v7-s10-v355,v7,canon,357,The Null Core,1,0,0,2849
v7-s11-v289,v7,canon,357,The Digital Nexus,1,0,0,4288
v7-s8-v143,v7,canon,357,The Unseen Weave,0,9,1,1743
v7-s3-v352,v7,canon,357,The Axiomatic Truth,1,0,0,4759
v7-s13-v322,v7,canon,357,The Nexus Weave,1,0,0,4136
v7-s9-v150,v7,canon,358,The Obsidian Plume,1,0,0,3778
v7-s2-v129,v7,canon,358,The Crimson Ascent,0,11,1,6327
v7-s6-v358,v7,canon,358,The Ouroboros Circuit,1,0,0,3270
v7-s5-v357,v7,canon,358,The Path of Resonance,1,0,0,5053
v7-s8-v144,v7,canon,358,The Unseen Weave,0,9,1,1743
v7-s7-v353,v7,canon,358,The Aethel Stream,1,0,0,3971
v7-s0-v355,v7,canon,358,The Azure Current,1,0,0,5020
v7-s13-v323,v7,canon,358,The Nexus Weave,1,0,0,4136
v7-s3-v353,v7,canon,358,The Axiomatic Truth,1,0,0,4758
v7-s1-v296,v7,canon,358,The Scribes of Aether,1,0,0,4259
v7-s11-v290,v7,canon,358,The Digital Nexus,1,0,0,4288
v7-s10-v356,v7,canon,358,The Null Core,1,0,0,2843
v7-s2-v130,v7,canon,359,The Crimson Ascent,0,11,1,6327
v7-s1-v297,v7,canon,359,The Scribes of Aether,1,0,0,4259
v7-s5-v358,v7,canon,359,The Path of Resonance,1,0,0,5053
v7-s0-v356,v7,canon,359,The Azure Current,1,0,0,5020
v7-s7-v354,v7,canon,359,The Aethel Stream,1,0,0,3967
v7-s6-v359,v7,canon,359,The Ouroboros Circuit,1,0,0,3220
v7-s8-v145,v7,canon,359,The Unseen Weave,0,9,1,1743
v7-s3-v354,v7,canon,359,The Axiomatic Truth,1,0,0,4760
v7-s10-v357,v7,canon,359,The Null Core,1,0,0,2840
v7-s13-v324,v7,canon,359,The Nexus Weave,1,0,0,4136
v7-s2-v131,v7,canon,360,The Crimson Ascent,1,11,1,6194
v7-s9-v151,v7,canon,360,The Obsidian Plume,1,0,0,3748
v7-s3-v355,v7,canon,360,The Axiomatic Truth,1,0,0,4760
v7-s8-v146,v7,canon,360,The Unseen Weave,0,9,1,1743
v7-s5-v359,v7,canon,360,The Path of Resonance,1,0,0,5053
v7-s7-v355,v7,canon,360,The Aethel Stream,1,0,0,3971
v7-s10-v358,v7,canon,360,The Null Core,1,0,0,2826
v7-s6-v360,v7,canon,360,The Ouroboros Circuit,1,0,0,3236
v7-s0-v357,v7,canon,360,The Azure Current,1,0,0,5020
v7-s13-v325,v7,canon,360,The Nexus Weave,1,0,0,4136
v7-s11-v291,v7,canon,360,The Digital Nexus,1,0,0,4288
v7-s1-v298,v7,canon,360,The Scribes of Aether,1,0,0,4259
v7-s2-v132,v7,canon,361,The Crimson Ascent,1,11,1,5964
v7-s0-v358,v7,canon,361,The Azure Current,1,0,0,5020
v7-s5-v360,v7,canon,361,The Path of Resonance,1,0,0,5053
v7-s7-v356,v7,canon,361,The Aethel Stream,1,0,0,3967
v7-s6-v361,v7,canon,361,The Ouroboros Circuit,1,0,0,3178
v7-s8-v147,v7,canon,361,The Unseen Weave,0,9,1,1743
v7-s11-v292,v7,canon,361,The Digital Nexus,1,0,0,4288
v7-s10-v359,v7,canon,361,The Null Core,1,0,0,2840
v7-s1-v299,v7,canon,361,The Scribes of Aether,1,0,0,4259
v7-s13-v326,v7,canon,361,The Nexus Weave,1,0,0,4136
v7-s3-v356,v7,canon,361,The Axiomatic Truth,1,0,0,4761
v7-s9-v152,v7,canon,362,The Obsidian Plume,1,0,0,3731
v7-s2-v133,v7,canon,362,The Crimson Ascent,1,11,1,5964
v7-s0-v359,v7,canon,362,The Azure Current,1,0,0,5020
v7-s5-v361,v7,canon,362,The Path of Resonance,1,0,0,5053
v7-s7-v357,v7,canon,362,The Aethel Stream,1,0,0,3971
v7-s11-v293,v7,canon,362,The Digital Nexus,1,0,0,4288
v7-s6-v362,v7,canon,362,The Ouroboros Circuit,1,0,0,3198
v7-s13-v327,v7,canon,362,The Nexus Weave,1,0,0,4252
v7-s8-v148,v7,canon,362,The Unseen Weave,0,9,1,1743
v7-s3-v357,v7,canon,362,The Axiomatic Truth,1,0,0,4760
v7-s10-v360,v7,canon,362,The Null Core,1,0,0,2820
v7-s1-v300,v7,canon,362,The Scribes of Aether,1,0,0,4259
v7-s8-v149,v7,canon,363,The Unseen Weave,0,9,1,1743
v7-s1-v301,v7,canon,363,The Scribes of Aether,1,0,0,4259
v7-s6-v363,v7,canon,363,The Ouroboros Circuit,1,0,0,3195
v7-s7-v358,v7,canon,363,The Aethel Stream,1,0,0,3967
v7-s0-v360,v7,canon,363,The Azure Current,1,0,0,5020
v7-s5-v362,v7,canon,363,The Path of Resonance,1,0,0,5053
v7-s10-v361,v7,canon,363,The Null Core,1,0,0,2834
v7-s13-v328,v7,canon,363,The Nexus Weave,1,0,0,4239
v7-s2-v134,v7,canon,364,The Crimson Ascent,1,11,1,5964
v7-s5-v363,v7,canon,364,The Path of Resonance,1,0,0,5054
v7-s6-v364,v7,canon,364,The Ouroboros Circuit,1,0,0,3115
v7-s0-v361,v7,canon,364,The Azure Current,1,0,0,5020
v7-s7-v359,v7,canon,364,The Aethel Stream,1,0,0,3969
v7-s10-v362,v7,canon,364,The Null Core,1,0,0,2840
v7-s3-v358,v7,canon,364,The Axiomatic Truth,1,0,0,4761
v7-s1-v302,v7,canon,364,The Scribes of Aether,1,0,0,4259
v7-s8-v150,v7,canon,364,The Unseen Weave,0,9,1,1743
v7-s13-v329,v7,canon,364,The Nexus Weave,0,0,0,4277
v7-s7-v360,v7,canon,365,The Aethel Stream,1,0,0,3967
v7-s8-v151,v7,canon,365,The Unseen Weave,0,9,1,1743
v7-s3-v359,v7,canon,365,The Axiomatic Truth,1,0,0,4760
v7-s6-v365,v7,canon,365,The Ouroboros Circuit,1,0,0,3091
v7-s0-v362,v7,canon,365,The Azure Current,1,0,0,5020
v7-s10-v363,v7,canon,365,The Null Core,1,0,0,2839
v7-s5-v364,v7,canon,365,The Path of Resonance,1,0,0,5054
v7-s1-v303,v7,canon,365,The Scribes of Aether,1,0,0,4259
v7-s13-v330,v7,canon,365,The Nexus Weave,1,0,0,4375
v7-s2-v135,v7,canon,366,The Crimson Ascent,1,11,1,5964
v7-s9-v153,v7,canon,366,The Obsidian Plume,1,0,0,3851
v7-s1-v304,v7,canon,366,The Scribes of Aether,1,0,0,4259
v7-s5-v365,v7,canon,366,The Path of Resonance,1,0,0,5054
v7-s0-v363,v7,canon,366,The Azure Current,1,0,0,5020
v7-s7-v361,v7,canon,366,The Aethel Stream,1,0,0,3971
v7-s6-v366,v7,canon,366,The Ouroboros Circuit,1,0,0,3086
v7-s10-v364,v7,canon,366,The Null Core,1,0,0,2852
v7-s13-v331,v7,canon,366,The Nexus Weave,1,0,0,4376
v7-s3-v360,v7,canon,366,The Axiomatic Truth,1,0,0,4651
v7-s8-v152,v7,canon,366,The Unseen Weave,0,9,1,1743
v7-s8-v153,v7,canon,367,The Unseen Weave,0,9,1,1743
v7-s6-v367,v7,canon,367,The Ouroboros Circuit,1,0,0,3031
v7-s5-v366,v7,canon,367,The Path of Resonance,1,0,0,5054
v7-s0-v364,v7,canon,367,The Azure Current,1,0,0,5020
v7-s7-v362,v7,canon,367,The Aethel Stream,1,0,0,3967
v7-s10-v365,v7,canon,367,The Null Core,1,0,0,2833
v7-s3-v361,v7,canon,367,The Axiomatic Truth,1,0,0,4652
v7-s13-v332,v7,canon,367,The Nexus Weave,1,0,0,4252
v7-s1-v305,v7,canon,367,The Scribes of Aether,1,0,0,4259
v7-s7-v363,v7,canon,368,The Aethel Stream,1,0,0,3971
v7-s9-v154,v7,canon,368,The Obsidian Plume,1,0,0,3760
v7-s2-v136,v7,canon,368,The Crimson Ascent,1,11,1,5964
v7-s0-v365,v7,canon,368,The Azure Current,1,0,0,5020
v7-s5-v367,v7,canon,368,The Path of Resonance,1,0,0,5054
v7-s13-v333,v7,canon,368,The Nexus Weave,1,0,0,4253
v7-s3-v362,v7,canon,368,The Axiomatic Truth,1,0,0,4760
v7-s11-v294,v7,canon,368,The Digital Nexus,1,0,0,4288
v7-s6-v368,v7,canon,368,The Ouroboros Circuit,1,0,0,3064
v7-s8-v154,v7,canon,368,The Unseen Weave,0,9,1,1743
v7-s10-v366,v7,canon,368,The Null Core,1,0,0,2841
v7-s1-v306,v7,canon,368,The Scribes of Aether,1,0,0,4259
v7-s8-v155,v7,canon,369,The Unseen Weave,0,9,1,1743
v7-s2-v137,v7,canon,369,The Crimson Ascent,1,11,1,5964
v7-s7-v364,v7,canon,369,The Aethel Stream,1,0,0,3967
v7-s13-v334,v7,canon,369,The Nexus Weave,1,0,0,4253
v7-s5-v368,v7,canon,369,The Path of Resonance,1,0,0,5054
v7-s6-v369,v7,canon,369,The Ouroboros Circuit,1,0,0,2981
v7-s10-v367,v7,canon,369,The Null Core,1,0,0,2839
v7-s11-v295,v7,canon,369,The Digital Nexus,1,0,0,4288
v7-s0-v366,v7,canon,369,The Azure Current,1,0,0,5020
v7-s3-v363,v7,canon,369,The Axiomatic Truth,1,0,0,4763
v7-s1-v307,v7,canon,369,The Scribes of Aether,1,0,0,4259
v7-s2-v138,v7,canon,370,The Crimson Ascent,1,11,1,5964
v7-s9-v155,v7,canon,370,The Obsidian Plume,1,0,0,3883
v7-s5-v369,v7,canon,370,The Path of Resonance,1,0,0,5054
v7-s0-v367,v7,canon,370,The Azure Current,1,0,0,5020
v7-s7-v365,v7,canon,370,The Aethel Stream,1,0,0,3971
v7-s6-v370,v7,canon,370,The Ouroboros Circuit,1,0,0,2929
v7-s10-v368,v7,canon,370,The Null Core,1,0,0,2857
v7-s1-v308,v7,canon,370,The Scribes of Aether,1,0,0,4259
v7-s8-v156,v7,canon,370,The Unseen Weave,0,9,1,1743
v7-s3-v364,v7,canon,371,The Axiomatic Truth,1,0,0,4599
v7-s2-v139,v7,canon,371,The Crimson Ascent,1,11,1,5964
v7-s0-v368,v7,canon,371,The Azure Current,1,0,0,5020
v7-s5-v370,v7,canon,371,The Path of Resonance,1,0,0,5054
v7-s13-v335,v7,canon,371,The Nexus Weave,1,0,0,4377
v7-s10-v369,v7,canon,371,The Null Core,1,0,0,2870
v7-s8-v157,v7,canon,371,The Unseen Weave,0,9,1,1743
v7-s7-v366,v7,canon,371,The Aethel Stream,1,0,0,3967
v7-s6-v371,v7,canon,371,The Ouroboros Circuit,1,0,0,2929
v7-s1-v309,v7,canon,371,The Scribes of Aether,1,0,0,4259
v7-s2-v140,v7,canon,372,The Crimson Ascent,1,11,1,5964
v7-s9-v156,v7,canon,372,The Obsidian Plume,1,0,0,3850
v7-s6-v372,v7,canon,372,The Ouroboros Circuit,1,0,0,2928
v7-s0-v369,v7,canon,372,The Azure Current,1,0,0,5020
v7-s10-v370,v7,canon,372,The Null Core,1,0,0,2852
v7-s5-v371,v7,canon,372,The Path of Resonance,1,0,0,5054
v7-s7-v367,v7,canon,372,The Aethel Stream,1,0,0,3971
v7-s8-v158,v7,canon,372,The Unseen Weave,0,9,1,1743
v7-s1-v310,v7,canon,372,The Scribes of Aether,1,0,0,4260
v7-s3-v365,v7,canon,372,The Axiomatic Truth,1,0,0,4764
v7-s2-v141,v7,canon,373,The Crimson Ascent,1,11,1,5964
v7-s6-v373,v7,canon,373,The Ouroboros Circuit,1,0,0,2912
v7-s0-v370,v7,canon,373,The Azure Current,1,0,0,5020
v7-s5-v372,v7,canon,373,The Path of Resonance,1,0,0,5054
v7-s7-v368,v7,canon,373,The Aethel Stream,1,0,0,3965
v7-s8-v159,v7,canon,373,The Unseen Weave,0,9,1,1743
v7-s13-v336,v7,canon,373,The Nexus Weave,1,0,0,4240
v7-s3-v366,v7,canon,373,The Axiomatic Truth,1,0,0,4765
v7-s1-v311,v7,canon,373,The Scribes of Aether,1,0,0,4260
v7-s10-v371,v7,canon,373,The Null Core,1,0,0,2841
v7-s1-v312,v7,canon,374,The Scribes of Aether,1,0,0,4260
v7-s5-v373,v7,canon,374,The Path of Resonance,1,0,0,5055
v7-s8-v160,v7,canon,374,The Unseen Weave,0,9,1,1742
v7-s2-v142,v7,canon,374,The Crimson Ascent,1,11,1,5964
v7-s3-v367,v7,canon,374,The Axiomatic Truth,1,0,0,4764
v7-s7-v369,v7,canon,374,The Aethel Stream,1,0,0,3967
v7-s0-v371,v7,canon,374,The Azure Current,1,0,0,5020
v7-s6-v374,v7,canon,374,The Ouroboros Circuit,1,0,0,2935
v7-s13-v337,v7,canon,374,The Nexus Weave,1,0,0,4242
v7-s10-v372,v7,canon,374,The Null Core,1,0,0,2856
v7-s9-v157,v7,canon,375,The Obsidian Plume,1,0,0,3857
v7-s2-v143,v7,canon,375,The Crimson Ascent,1,11,1,5964
v7-s5-v374,v7,canon,375,The Path of Resonance,1,0,0,5055
v7-s6-v375,v7,canon,375,The Ouroboros Circuit,1,0,0,2932
v7-s7-v370,v7,canon,375,The Aethel Stream,1,0,0,3963
v7-s10-v373,v7,canon,375,The Null Core,1,0,0,2862
v7-s0-v372,v7,canon,375,The Azure Current,1,0,0,5020
v7-s13-v338,v7,canon,375,The Nexus Weave,1,0,0,4294
v7-s8-v161,v7,canon,375,The Unseen Weave,0,9,1,1742
v7-s3-v368,v7,canon,375,The Axiomatic Truth,1,0,0,4767
v7-s11-v296,v7,canon,375,The Digital Nexus,1,0,0,4288
v7-s1-v313,v7,canon,375,The Scribes of Aether,1,0,0,4260
v7-s9-v158,v7,canon,376,The Obsidian Plume,1,0,0,3865
v7-s5-v375,v7,canon,376,The Path of Resonance,1,0,0,5055
v7-s6-v376,v7,canon,376,The Ouroboros Circuit,1,0,0,2886
v7-s0-v373,v7,canon,376,The Azure Current,1,0,0,5020
v7-s7-v371,v7,canon,376,The Aethel Stream,1,0,0,3967
v7-s3-v369,v7,canon,376,The Axiomatic Truth,1,0,0,4831
v7-s1-v314,v7,canon,376,The Scribes of Aether,1,0,0,4260
v7-s13-v339,v7,canon,376,The Nexus Weave,1,0,0,4243
v7-s11-v297,v7,canon,376,The Digital Nexus,1,0,0,4288
v7-s10-v374,v7,canon,376,The Null Core,1,0,0,2859
v7-s8-v162,v7,canon,376,The Unseen Weave,0,9,1,1742
v7-s7-v372,v7,canon,377,The Aethel Stream,1,0,0,3963
v7-s6-v377,v7,canon,377,The Ouroboros Circuit,1,0,0,2892
v7-s1-v315,v7,canon,377,The Scribes of Aether,1,0,0,4260
v7-s2-v144,v7,canon,377,The Crimson Ascent,1,11,1,5964
v7-s5-v376,v7,canon,377,The Path of Resonance,1,0,0,5055
v7-s13-v340,v7,canon,377,The Nexus Weave,1,0,0,4243
v7-s0-v374,v7,canon,377,The Azure Current,1,0,0,5020
v7-s11-v298,v7,canon,377,The Digital Nexus,1,0,0,4288
v7-s10-v375,v7,canon,377,The Null Core,1,0,0,2859
v7-s3-v370,v7,canon,377,The Axiomatic Truth,1,0,0,4832
v7-s8-v163,v7,canon,377,The Unseen Weave,0,9,1,1742
v7-s9-v159,v7,canon,378,The Obsidian Plume,1,0,0,3856
v7-s5-v377,v7,canon,378,The Path of Resonance,1,0,0,5055
v7-s2-v145,v7,canon,378,The Crimson Ascent,1,11,1,5970
v7-s7-v373,v7,canon,378,The Aethel Stream,1,0,0,3967
v7-s6-v378,v7,canon,378,The Ouroboros Circuit,1,0,0,2895
v7-s0-v375,v7,canon,378,The Azure Current,1,0,0,5020
v7-s3-v371,v7,canon,378,The Axiomatic Truth,1,0,0,4831
v7-s1-v316,v7,canon,378,The Scribes of Aether,1,0,0,4260
v7-s10-v376,v7,canon,378,The Null Core,1,0,0,2854
v7-s11-v299,v7,canon,378,The Digital Nexus,1,0,0,4288
v7-s13-v341,v7,canon,378,The Nexus Weave,1,0,0,4295
v7-s8-v164,v7,canon,378,The Unseen Weave,0,9,1,1742
v7-s2-v146,v7,canon,379,The Crimson Ascent,1,11,1,5970
v7-s5-v378,v7,canon,379,The Path of Resonance,1,0,0,5055
v7-s13-v342,v7,canon,379,The Nexus Weave,1,0,0,4297
v7-s0-v376,v7,canon,379,The Azure Current,1,0,0,5020
v7-s7-v374,v7,canon,379,The Aethel Stream,1,0,0,3963
v7-s6-v379,v7,canon,379,The Ouroboros Circuit,1,0,0,2852
v7-s10-v377,v7,canon,379,The Null Core,1,0,0,2862
v7-s3-v372,v7,canon,379,The Axiomatic Truth,1,0,0,4835
v7-s1-v317,v7,canon,379,The Scribes of Aether,1,0,0,4260
v7-s8-v165,v7,canon,379,The Unseen Weave,0,9,1,1742
v7-s7-v375,v7,canon,380,The Aethel Stream,1,0,0,3968
v7-s2-v147,v7,canon,380,The Crimson Ascent,1,11,1,5971
v7-s9-v160,v7,canon,380,The Obsidian Plume,1,0,0,3811
v7-s5-v379,v7,canon,380,The Path of Resonance,1,0,0,5005
v7-s13-v343,v7,canon,380,The Nexus Weave,1,0,0,4297
v7-s0-v377,v7,canon,380,The Azure Current,1,0,0,5020
v7-s6-v380,v7,canon,380,The Ouroboros Circuit,1,0,0,2886
v7-s10-v378,v7,canon,380,The Null Core,1,0,0,2853
v7-s1-v318,v7,canon,380,The Scribes of Aether,1,0,0,4260
v7-s8-v166,v7,canon,380,The Unseen Weave,0,9,1,1742
v7-s3-v373,v7,canon,380,The Axiomatic Truth,1,0,0,4834
v7-s11-v300,v7,canon,380,The Digital Nexus,1,0,0,4288
v7-s2-v148,v7,canon,381,The Crimson Ascent,1,11,1,5971
v7-s5-v380,v7,canon,381,The Path of Resonance,1,0,0,5005
v7-s0-v378,v7,canon,381,The Azure Current,1,0,0,5020
v7-s7-v376,v7,canon,381,The Aethel Stream,1,0,0,3964
v7-s6-v381,v7,canon,381,The Ouroboros Circuit,1,0,0,2898
v7-s3-v374,v7,canon,381,The Axiomatic Truth,1,0,0,4770
v7-s10-v379,v7,canon,381,The Null Core,1,0,0,2851
v7-s8-v167,v7,canon,381,The Unseen Weave,0,9,1,1742
v7-s1-v319,v7,canon,381,The Scribes of Aether,1,0,0,4260
v7-s13-v344,v7,canon,381,The Nexus Weave,1,0,0,4297
v7-s9-v161,v7,canon,382,The Obsidian Plume,1,0,0,3854
v7-s6-v382,v7,canon,382,The Ouroboros Circuit,1,0,0,2890
v7-s2-v149,v7,canon,382,The Crimson Ascent,1,11,1,5971
v7-s5-v381,v7,canon,382,The Path of Resonance,1,0,0,5005
v7-s13-v345,v7,canon,382,The Nexus Weave,1,0,0,4287
v7-s10-v380,v7,canon,382,The Null Core,1,0,0,2840
v7-s8-v168,v7,canon,382,The Unseen Weave,0,9,1,1742
v7-s0-v379,v7,canon,382,The Azure Current,1,0,0,5020
v7-s7-v377,v7,canon,382,The Aethel Stream,1,0,0,3968
v7-s3-v375,v7,canon,382,The Axiomatic Truth,1,0,0,4769
v7-s1-v320,v7,canon,382,The Scribes of Aether,1,0,0,4260
v7-s1-v321,v7,canon,383,The Scribes of Aether,1,0,0,4260
v7-s2-v150,v7,canon,383,The Crimson Ascent,1,11,1,5930
v7-s7-v378,v7,canon,383,The Aethel Stream,1,0,0,3964
v7-s5-v382,v7,canon,383,The Path of Resonance,1,0,0,5005
v7-s8-v169,v7,canon,383,The Unseen Weave,0,9,1,1742
v7-s0-v380,v7,canon,383,The Azure Current,1,0,0,5010
v7-s6-v383,v7,canon,383,The Ouroboros Circuit,1,0,0,2882
v7-s3-v376,v7,canon,383,The Axiomatic Truth,1,0,0,4770
v7-s10-v381,v7,canon,383,The Null Core,1,0,0,2839
v7-s13-v346,v7,canon,383,The Nexus Weave,1,0,0,4454
v7-s7-v379,v7,canon,384,The Aethel Stream,1,0,0,3970
v7-s2-v151,v7,canon,384,The Crimson Ascent,1,11,1,5930
v7-s6-v384,v7,canon,384,The Ouroboros Circuit,1,0,0,2893
v7-s5-v383,v7,canon,384,The Path of Resonance,1,0,0,5006
v7-s10-v382,v7,canon,384,The Null Core,1,0,0,2841
v7-s0-v381,v7,canon,384,The Azure Current,1,0,0,5010
v7-s8-v170,v7,canon,384,The Unseen Weave,0,9,1,1743
v7-s1-v322,v7,canon,384,The Scribes of Aether,1,0,0,4260
v7-s3-v377,v7,canon,384,The Axiomatic Truth,1,0,0,4768
v7-s11-v301,v7,canon,384,The Digital Nexus,1,0,0,1793
v7-s1-v323,v7,canon,385,The Scribes of Aether,1,0,0,4260
v7-s2-v152,v7,canon,385,The Crimson Ascent,1,11,1,5930
v7-s9-v162,v7,canon,385,The Obsidian Plume,1,0,0,3878
v7-s8-v171,v7,canon,385,The Unseen Weave,0,9,1,1742
v7-s0-v382,v7,canon,385,The Azure Current,1,0,0,5003
v7-s10-v383,v7,canon,385,The Null Core,1,0,0,2846
v7-s5-v384,v7,canon,385,The Path of Resonance,1,0,0,5006
v7-s7-v380,v7,canon,385,The Aethel Stream,1,0,0,3801
v7-s6-v385,v7,canon,385,The Ouroboros Circuit,1,0,0,2899
v7-s3-v378,v7,canon,385,The Axiomatic Truth,1,0,0,4770
v7-s11-v302,v7,canon,385,The Digital Nexus,1,0,0,2058
v7-s2-v153,v7,canon,386,The Crimson Ascent,1,11,1,5930
v7-s5-v385,v7,canon,386,The Path of Resonance,1,0,0,5006
v7-s0-v383,v7,canon,386,The Azure Current,1,0,0,5003
v7-s7-v381,v7,canon,386,The Aethel Stream,1,0,0,3968
v7-s6-v386,v7,canon,386,The Ouroboros Circuit,1,0,0,2896
v7-s13-v347,v7,canon,386,The Nexus Weave,1,0,0,4454
v7-s8-v172,v7,canon,386,The Unseen Weave,0,9,1,1742
v7-s11-v303,v7,canon,386,The Digital Nexus,1,0,0,2165
v7-s1-v324,v7,canon,386,The Scribes of Aether,1,0,0,4260
v7-s3-v379,v7,canon,386,The Axiomatic Truth,1,0,0,4769
v7-s10-v384,v7,canon,386,The Null Core,1,0,0,2863
v7-s2-v154,v7,canon,387,The Crimson Ascent,1,11,1,5930
v7-s9-v163,v7,canon,387,The Obsidian Plume,1,0,0,3776
v7-s1-v325,v7,canon,387,The Scribes of Aether,1,0,0,4261
v7-s6-v387,v7,canon,387,The Ouroboros Circuit,1,0,0,2920
v7-s11-v304,v7,canon,387,The Digital Nexus,1,0,0,2273
v7-s7-v382,v7,canon,387,The Aethel Stream,1,0,0,3803
v7-s5-v386,v7,canon,387,The Path of Resonance,1,0,0,5006
v7-s0-v384,v7,canon,387,The Azure Current,1,0,0,5003
v7-s3-v380,v7,canon,387,The Axiomatic Truth,1,0,0,4770
v7-s13-v348,v7,canon,387,The Nexus Weave,1,0,0,4452
v7-s8-v173,v7,canon,387,The Unseen Weave,0,9,1,1742
v7-s10-v385,v7,canon,387,The Null Core,1,0,0,2860
v7-s2-v155,v7,canon,388,The Crimson Ascent,1,11,1,5929
v7-s0-v385,v7,canon,388,The Azure Current,1,0,0,5012
v7-s5-v387,v7,canon,388,The Path of Resonance,1,0,0,5006
v7-s6-v388,v7,canon,388,The Ouroboros Circuit,1,0,0,2897
v7-s13-v349,v7,canon,388,The Nexus Weave,1,0,0,4452
v7-s7-v383,v7,canon,388,The Aethel Stream,1,0,0,3968
v7-s10-v386,v7,canon,388,The Null Core,1,0,0,2868
v7-s11-v305,v7,canon,388,The Digital Nexus,1,0,0,2441
v7-s1-v326,v7,canon,388,The Scribes of Aether,1,0,0,4261
v7-s8-v174,v7,canon,388,The Unseen Weave,0,9,1,1742
v7-s3-v381,v7,canon,388,The Axiomatic Truth,1,0,0,4769
v7-s6-v389,v7,canon,389,The Ouroboros Circuit,1,0,0,2901
v7-s2-v156,v7,canon,389,The Crimson Ascent,1,11,1,5929
v7-s0-v386,v7,canon,389,The Azure Current,1,0,0,5012
v7-s5-v388,v7,canon,389,The Path of Resonance,1,0,0,5006
v7-s7-v384,v7,canon,389,The Aethel Stream,1,0,0,3968
v7-s1-v327,v7,canon,389,The Scribes of Aether,1,0,0,4261
v7-s8-v175,v7,canon,389,The Unseen Weave,0,9,1,1742
v7-s3-v382,v7,canon,389,The Axiomatic Truth,1,0,0,4772
v7-s11-v306,v7,canon,389,The Digital Nexus,1,0,0,2441
v7-s13-v350,v7,canon,389,The Nexus Weave,1,0,0,4452
v7-s10-v387,v7,canon,389,The Null Core,1,0,0,2859
v7-s8-v176,v7,canon,390,The Unseen Weave,0,9,1,1742
v7-s3-v383,v7,canon,390,The Axiomatic Truth,1,0,0,4771
v7-s2-v157,v7,canon,390,The Crimson Ascent,1,11,1,5929
v7-s7-v385,v7,canon,390,The Aethel Stream,1,0,0,3970
v7-s10-v388,v7,canon,390,The Null Core,1,0,0,2859
v7-s0-v387,v7,canon,390,The Azure Current,1,0,0,5010
v7-s5-v389,v7,canon,390,The Path of Resonance,1,0,0,5006
v7-s6-v390,v7,canon,390,The Ouroboros Circuit,1,0,0,2892
v7-s11-v307,v7,canon,390,The Digital Nexus,1,0,0,2443
v7-s13-v351,v7,canon,390,The Nexus Weave,1,0,0,4452
v7-s1-v328,v7,canon,390,The Scribes of Aether,1,0,0,4261
v7-s2-v158,v7,canon,391,The Crimson Ascent,1,11,1,5929
v7-s1-v329,v7,canon,391,The Scribes of Aether,1,0,0,4261
v7-s7-v386,v7,canon,391,The Aethel Stream,1,0,0,3805
v7-s0-v388,v7,canon,391,The Azure Current,1,0,0,4999
v7-s5-v390,v7,canon,391,The Path of Resonance,1,0,0,5006
v7-s13-v352,v7,canon,391,The Nexus Weave,1,0,0,4452
v7-s6-v391,v7,canon,391,The Ouroboros Circuit,1,0,0,2795
v7-s8-v177,v7,canon,391,The Unseen Weave,0,9,1,1742
v7-s10-v389,v7,canon,391,The Null Core,1,0,0,2852
v7-s3-v384,v7,canon,391,The Axiomatic Truth,1,0,0,4772
v7-s11-v308,v7,canon,391,The Digital Nexus,1,0,0,2443
v7-s2-v159,v7,canon,392,The Crimson Ascent,1,11,1,5929
v7-s3-v385,v7,canon,392,The Axiomatic Truth,1,0,0,4771
v7-s7-v387,v7,canon,392,The Aethel Stream,1,0,0,3805
v7-s0-v389,v7,canon,392,The Azure Current,1,0,0,4999
v7-s10-v390,v7,canon,392,The Null Core,1,0,0,2850
v7-s5-v391,v7,canon,392,The Path of Resonance,1,0,0,5003
v7-s6-v392,v7,canon,392,The Ouroboros Circuit,1,0,0,2840
v7-s13-v353,v7,canon,392,The Nexus Weave,1,0,0,4452
v7-s11-v309,v7,canon,392,The Digital Nexus,1,0,0,2443
v7-s8-v178,v7,canon,392,The Unseen Weave,0,9,1,1742
v7-s1-v330,v7,canon,392,The Scribes of Aether,1,0,0,4261
v7-s7-v388,v7,canon,393,The Aethel Stream,1,0,0,3956
v7-s8-v179,v7,canon,393,The Unseen Weave,0,9,1,1742
v7-s2-v160,v7,canon,393,The Crimson Ascent,1,11,1,5929
v7-s0-v390,v7,canon,393,The Azure Current,1,0,0,4993
v7-s5-v392,v7,canon,393,The Path of Resonance,1,0,0,5003
v7-s6-v393,v7,canon,393,The Ouroboros Circuit,1,0,0,2827
v7-s13-v354,v7,canon,393,The Nexus Weave,1,0,0,4452
v7-s3-v386,v7,canon,393,The Axiomatic Truth,1,0,0,4772
v7-s1-v331,v7,canon,393,The Scribes of Aether,1,0,0,4261
v7-s11-v310,v7,canon,393,The Digital Nexus,1,0,0,2443
v7-s10-v391,v7,canon,393,The Null Core,1,0,0,2863
v7-s9-v164,v7,canon,394,The Obsidian Plume,1,0,0,3812
v7-s0-v391,v7,canon,394,The Azure Current,1,0,0,4993
v7-s3-v387,v7,canon,394,The Axiomatic Truth,1,0,0,4771
v7-s7-v389,v7,canon,394,The Aethel Stream,1,0,0,3954
v7-s2-v161,v7,canon,394,The Crimson Ascent,1,11,1,5929
v7-s8-v180,v7,canon,394,The Unseen Weave,0,9,1,1742
v7-s5-v393,v7,canon,394,The Path of Resonance,1,0,0,5003
v7-s6-v394,v7,canon,394,The Ouroboros Circuit,1,0,0,2805
v7-s11-v311,v7,canon,394,The Digital Nexus,1,0,0,2443
v7-s10-v392,v7,canon,394,The Null Core,1,0,0,2850
v7-s13-v355,v7,canon,394,The Nexus Weave,1,0,0,4452
v7-s1-v332,v7,canon,394,The Scribes of Aether,1,0,0,4261
v7-s8-v181,v7,canon,395,The Unseen Weave,0,9,1,1742
v7-s2-v162,v7,canon,395,The Crimson Ascent,1,11,1,5929
v7-s7-v390,v7,canon,395,The Aethel Stream,1,0,0,3956
v7-s0-v392,v7,canon,395,The Azure Current,1,0,0,4980
v7-s6-v395,v7,canon,395,The Ouroboros Circuit,1,0,0,2812
v7-s5-v394,v7,canon,395,The Path of Resonance,1,0,0,5004
v7-s10-v393,v7,canon,395,The Null Core,1,0,0,2843
v7-s3-v388,v7,canon,395,The Axiomatic Truth,1,0,0,4772
v7-s13-v356,v7,canon,395,The Nexus Weave,1,0,0,4452
v7-s1-v333,v7,canon,395,The Scribes of Aether,1,0,0,4261
v7-s11-v312,v7,canon,395,The Digital Nexus,1,0,0,2443
v7-s7-v391,v7,canon,396,The Aethel Stream,1,0,0,3956
v7-s2-v163,v7,canon,396,The Crimson Ascent,1,11,1,5929
v7-s9-v165,v7,canon,396,The Obsidian Plume,1,0,0,3882
v7-s5-v395,v7,canon,396,The Path of Resonance,1,0,0,5001
v7-s0-v393,v7,canon,396,The Azure Current,1,0,0,4968
v7-s3-v389,v7,canon,396,The Axiomatic Truth,1,0,0,4771
v7-s6-v396,v7,canon,396,The Ouroboros Circuit,1,0,0,2815
v7-s13-v357,v7,canon,396,The Nexus Weave,1,0,0,4452
v7-s1-v334,v7,canon,396,The Scribes of Aether,1,0,0,4261
v7-s10-v394,v7,canon,396,The Null Core,1,0,0,2855
v7-s8-v182,v7,canon,396,The Unseen Weave,0,9,1,1742
v7-s0-v394,v7,canon,397,The Azure Current,1,0,0,4968
v7-s7-v392,v7,canon,397,The Aethel Stream,1,0,0,3958
v7-s8-v183,v7,canon,397,The Unseen Weave,0,9,1,1742
v7-s2-v164,v7,canon,397,The Crimson Ascent,1,11,1,5929
v7-s6-v397,v7,canon,397,The Ouroboros Circuit,1,0,0,2813
v7-s5-v396,v7,canon,397,The Path of Resonance,1,0,0,5001
v7-s13-v358,v7,canon,397,The Nexus Weave,1,0,0,4458
v7-s3-v390,v7,canon,397,The Axiomatic Truth,1,0,0,4772
v7-s1-v335,v7,canon,397,The Scribes of Aether,1,0,0,4261
v7-s10-v395,v7,canon,397,The Null Core,1,0,0,2844
v7-s7-v393,v7,canon,398,The Aethel Stream,1,0,0,3958
v7-s9-v166,v7,canon,398,The Obsidian Plume,1,0,0,3775
v7-s2-v165,v7,canon,398,The Crimson Ascent,1,11,1,5929
v7-s6-v398,v7,canon,398,The Ouroboros Circuit,1,0,0,2830
v7-s5-v397,v7,canon,398,The Path of Resonance,1,0,0,4999
v7-s13-v359,v7,canon,398,The Nexus Weave,1,0,0,4458
v7-s0-v395,v7,canon,398,The Azure Current,1,0,0,4968
v7-s8-v184,v7,canon,398,The Unseen Weave,0,9,1,1742
v7-s10-v396,v7,canon,398,The Null Core,1,0,0,2848
v7-s11-v313,v7,canon,398,The Digital Nexus,1,0,0,2441
v7-s3-v391,v7,canon,398,The Axiomatic Truth,1,0,0,4771
v7-s1-v336,v7,canon,398,The Scribes of Aether,1,0,0,4261
v7-s1-v337,v7,canon,399,The Scribes of Aether,1,0,0,4261
v7-s9-v167,v7,canon,399,The Obsidian Plume,1,0,0,3764
v7-s0-v396,v7,canon,399,The Azure Current,1,0,0,4962
v7-s2-v166,v7,canon,399,The Crimson Ascent,1,11,1,5929
v7-s8-v185,v7,canon,399,The Unseen Weave,0,9,1,1742
v7-s6-v399,v7,canon,399,The Ouroboros Circuit,1,0,0,2822
v7-s7-v394,v7,canon,399,The Aethel Stream,1,0,0,3956
v7-s5-v398,v7,canon,399,The Path of Resonance,1,0,0,4999
v7-s13-v360,v7,canon,399,The Nexus Weave,1,0,0,4458
v7-s11-v314,v7,canon,399,The Digital Nexus,1,4,1,4345
v7-s3-v392,v7,canon,399,The Axiomatic Truth,1,0,0,4777
v7-s10-v397,v7,canon,399,The Null Core,1,0,0,2850
v8-s2-v2,v8,canon,5,The Library of Aaru,0,4,1,610
v8-s2-v3,v8,canon,7,The Library of Aaru,0,5,1,814
v8-s1-v2,v8,canon,7,The Digital Ascent,0,3,1,438
v8-s12-v2,v8,canon,7,The Blueprint of Reality,0,5,1,643
v8-s4-v2,v8,canon,8,The Weave of Souls,0,1,1,707
v8-s9-v2,v8,canon,8,The Infinite Recursion,0,8,1,977
v8-s7-v2,v8,canon,8,The Order of Duality,0,3,1,393
v8-s2-v4,v8,canon,8,The Library of Aaru,0,5,1,818
v8-s12-v3,v8,canon,8,The Blueprint of Reality,0,0,0,777
v8-s1-v3,v8,canon,9,The Digital Ascent,0,5,1,664
v8-s2-v5,v8,canon,9,The Library of Aaru,0,9,1,1159
v8-s12-v4,v8,canon,9,The Blueprint of Reality,0,7,1,944
v8-s2-v6,v8,canon,10,The Library of Aaru,0,11,1,1378
v8-s4-v3,v8,canon,10,The Weave of Souls,0,2,1,1200
v8-s0-v2,v8,canon,10,The Network of Mycelia,0,6,1,1410
v8-s1-v4,v8,canon,10,The Digital Ascent,0,4,1,542
v8-s12-v5,v8,canon,10,The Blueprint of Reality,0,7,1,854
v8-s2-v7,v8,canon,11,The Library of Aaru,0,14,1,1703
v8-s10-v2,v8,canon,11,The Echoing Void,0,3,1,889
v8-s2-v8,v8,canon,12,The Library of Aaru,0,13,1,1714
v8-s1-v5,v8,canon,12,The Digital Ascent,0,6,1,828
v8-s9-v3,v8,canon,12,The Infinite Recursion,0,9,1,1483
v8-s7-v3,v8,canon,12,The Order of Duality,0,3,1,441
v8-s4-v4,v8,canon,12,The Weave of Souls,0,2,1,1397
v8-s12-v6,v8,canon,12,The Blueprint of Reality,0,7,1,1255
v8-s2-v9,v8,canon,13,The Library of Aaru,0,11,1,1365
v8-s12-v7,v8,canon,13,The Blueprint of Reality,0,8,1,1123
v8-s2-v10,v8,canon,14,The Library of Aaru,0,15,1,2015
v8-s0-v3,v8,canon,14,The Network of Mycelia,0,8,1,2162
v8-s4-v5,v8,canon,14,The Weave of Souls,0,6,1,855
v8-s7-v4,v8,canon,14,The Order of Duality,0,3,1,617
v8-s1-v6,v8,canon,15,The Digital Ascent,0,6,1,945
v8-s2-v11,v8,canon,15,The Library of Aaru,0,12,1,1485
v8-s6-v2,v8,canon,15,The Celestial Serpent,0,4,1,1043
v8-s12-v8,v8,canon,15,The Blueprint of Reality,0,9,1,1139
v8-s10-v3,v8,canon,15,The Echoing Void,0,5,1,1277
v8-s9-v4,v8,canon,16,The Infinite Recursion,0,12,1,2190
v8-s3-v2,v8,canon,16,The Lumina,0,0,0,655
v8-s2-v12,v8,canon,16,The Library of Aaru,0,13,1,1824
v8-s4-v6,v8,canon,16,The Weave of Souls,0,2,1,1591
v8-s10-v4,v8,canon,16,The Echoing Void,0,6,1,1621
v8-s7-v5,v8,canon,17,The Order of Duality,0,5,1,831
v8-s2-v13,v8,canon,17,The Library of Aaru,0,15,1,2366
v8-s10-v5,v8,canon,17,The Echoing Void,0,6,1,1719
v8-s12-v9,v8,canon,17,The Blueprint of Reality,0,10,1,1305
v8-s7-v6,v8,canon,18,The Order of Duality,0,5,1,1001
v8-s4-v7,v8,canon,18,The Weave of Souls,0,2,1,1893
v8-s2-v14,v8,canon,18,The Library of Aaru,0,16,1,2763
v8-s3-v3,v8,canon,19,The Lumina,0,5,1,2289
v8-s1-v7,v8,canon,19,The Digital Ascent,0,8,1,1373
v8-s6-v3,v8,canon,20,The Celestial Serpent,0,9,1,2691
v8-s7-v7,v8,canon,20,The Order of Duality,0,6,1,1154
v8-s9-v5,v8,canon,20,The Infinite Recursion,0,15,1,2908
v8-s4-v8,v8,canon,20,The Weave of Souls,0,8,1,1151
v8-s5-v2,v8,canon,20,The Celestial Chorus,0,6,1,1230
v8-s6-v4,v8,canon,21,The Celestial Serpent,0,7,1,2046
v8-s2-v15,v8,canon,21,The Library of Aaru,0,16,1,2994
v8-s12-v10,v8,canon,21,The Blueprint of Reality,0,9,1,1293
v8-s3-v4,v8,canon,22,The Lumina,1,1,1,1536
v8-s1-v8,v8,canon,22,The Digital Ascent,0,7,1,1586
v8-s7-v8,v8,canon,22,The Order of Duality,0,7,1,1404
v8-s4-v9,v8,canon,22,The Weave of Souls,0,10,1,1558
v8-s0-v4,v8,canon,22,The Network of Mycelia,0,18,1,3887
v8-s10-v6,v8,canon,22,The Echoing Void,0,12,1,3486
v8-s6-v5,v8,canon,23,The Celestial Serpent,0,7,1,1578
v8-s3-v5,v8,canon,23,The Lumina,1,2,1,2006
v8-s2-v16,v8,canon,23,The Library of Aaru,0,17,1,3110
v8-s12-v11,v8,canon,23,The Blueprint of Reality,0,10,1,1498
v8-s2-v17,v8,canon,24,The Library of Aaru,0,18,1,3078
v8-s5-v3,v8,canon,24,The Celestial Chorus,0,10,1,2342
v8-s10-v7,v8,canon,24,The Echoing Void,0,14,1,4044
v8-s7-v9,v8,canon,25,The Order of Duality,0,9,1,2030
v8-s6-v6,v8,canon,25,The Celestial Serpent,0,13,1,3564
v8-s9-v6,v8,canon,25,The Infinite Recursion,1,10,1,2219
v8-s3-v6,v8,canon,25,The Lumina,1,8,1,2382
v8-s12-v12,v8,canon,25,The Blueprint of Reality,0,11,1,2395
v8-s0-v5,v8,canon,26,The Network of Mycelia,1,19,1,4420
v8-s2-v18,v8,canon,26,The Library of Aaru,1,21,1,3640
v8-s1-v9,v8,canon,26,The Digital Ascent,0,7,1,1789
v8-s5-v4,v8,canon,26,The Celestial Chorus,0,10,1,2613
v8-s4-v10,v8,canon,26,The Weave of Souls,0,10,1,2137
v8-s10-v8,v8,canon,26,The Echoing Void,0,14,1,4137
v8-s12-v13,v8,canon,26,The Blueprint of Reality,0,12,1,1875
v8-s4-v11,v8,canon,27,The Weave of Souls,0,11,1,2563
v8-s9-v7,v8,canon,27,The Infinite Recursion,1,9,1,1878
v8-s7-v10,v8,canon,27,The Order of Duality,0,7,1,2081
v8-s3-v7,v8,canon,27,The Lumina,1,12,1,2797
v8-s12-v14,v8,canon,27,The Blueprint of Reality,0,10,1,2049
v8-s10-v9,v8,canon,27,The Echoing Void,1,15,1,4204
v8-s6-v7,v8,canon,28,The Celestial Serpent,1,11,1,3079
v8-s2-v19,v8,canon,28,The Library of Aaru,0,20,1,3792
v8-s1-v10,v8,canon,28,The Digital Ascent,1,10,1,2287
v8-s9-v8,v8,canon,28,The Infinite Recursion,0,4,1,653
v8-s4-v12,v8,canon,28,The Weave of Souls,0,13,1,2815
v8-s12-v15,v8,canon,28,The Blueprint of Reality,0,8,1,1571
v8-s5-v5,v8,canon,29,The Celestial Chorus,0,10,1,2867
v8-s0-v6,v8,canon,29,The Network of Mycelia,0,3,1,1365
v8-s4-v13,v8,canon,29,The Weave of Souls,0,11,1,3349
v8-s6-v8,v8,canon,29,The Celestial Serpent,0,14,1,4464
v8-s10-v10,v8,canon,29,The Echoing Void,1,15,1,4370
v8-s12-v16,v8,canon,29,The Blueprint of Reality,0,10,1,2157
v8-s1-v11,v8,canon,30,The Digital Ascent,0,18,1,3550
v8-s2-v20,v8,canon,30,The Library of Aaru,1,22,1,3799
v8-s7-v11,v8,canon,30,The Order of Duality,0,8,1,2320
v8-s6-v9,v8,canon,30,The Celestial Serpent,0,12,1,3264
v8-s4-v14,v8,canon,30,The Weave of Souls,0,11,1,3447
v8-s3-v8,v8,canon,30,The Lumina,1,15,1,3999
v8-s12-v17,v8,canon,30,The Blueprint of Reality,0,8,1,1786
v8-s6-v10,v8,canon,31,The Celestial Serpent,1,11,1,3265
v8-s4-v15,v8,canon,31,The Weave of Souls,0,13,1,3923
v8-s9-v9,v8,canon,31,The Infinite Recursion,1,10,1,2138
v8-s5-v6,v8,canon,31,The Celestial Chorus,0,10,1,2947
v8-s10-v11,v8,canon,31,The Echoing Void,1,15,1,4352
v8-s12-v18,v8,canon,31,The Blueprint of Reality,0,8,1,2330
v8-s1-v12,v8,canon,32,The Digital Ascent,1,18,1,3826
v8-s3-v9,v8,canon,32,The Lumina,1,13,1,4380
v8-s4-v16,v8,canon,32,The Weave of Souls,0,14,1,4186
v8-s0-v7,v8,canon,32,The Network of Mycelia,1,5,1,2602
v8-s7-v12,v8,canon,32,The Order of Duality,0,9,1,2605
v8-s6-v11,v8,canon,32,The Celestial Serpent,1,12,1,3937
v8-s9-v10,v8,canon,32,The Infinite Recursion,1,7,1,1417
v8-s12-v19,v8,canon,32,The Blueprint of Reality,0,8,1,2337
v8-s4-v17,v8,canon,33,The Weave of Souls,0,14,1,4236
v8-s5-v7,v8,canon,33,The Celestial Chorus,0,14,1,3775
v8-s9-v11,v8,canon,33,The Infinite Recursion,1,8,1,2070
v8-s6-v12,v8,canon,33,The Celestial Serpent,0,12,1,4113
v8-s12-v20,v8,canon,33,The Blueprint of Reality,0,8,1,2509
v8-s10-v12,v8,canon,33,The Echoing Void,1,15,1,4192
v8-s0-v8,v8,canon,34,The Network of Mycelia,0,8,1,3628
v8-s9-v12,v8,canon,34,The Infinite Recursion,0,16,1,3508
v8-s4-v18,v8,canon,34,The Weave of Souls,0,14,1,4122
v8-s2-v21,v8,canon,34,The Library of Aaru,1,24,1,3989
v8-s12-v21,v8,canon,34,The Blueprint of Reality,0,8,1,2519
v8-s1-v13,v8,canon,35,The Digital Ascent,1,20,1,4099
v8-s9-v13,v8,canon,35,The Infinite Recursion,1,8,1,1873
v8-s5-v8,v8,canon,35,The Celestial Chorus,0,14,1,4314
v8-s0-v9,v8,canon,35,The Network of Mycelia,1,5,1,2934
v8-s3-v10,v8,canon,35,The Lumina,1,15,1,4962
v8-s10-v13,v8,canon,35,The Echoing Void,1,14,1,4277
v8-s12-v22,v8,canon,35,The Blueprint of Reality,0,8,1,1857
v8-s6-v13,v8,canon,36,The Celestial Serpent,1,13,1,4336
v8-s2-v22,v8,canon,36,The Library of Aaru,1,20,1,3876
v8-s0-v10,v8,canon,36,The Network of Mycelia,0,7,1,3728
v8-s7-v13,v8,canon,36,The Order of Duality,1,10,1,4534
v8-s9-v14,v8,canon,36,The Infinite Recursion,1,9,1,2340
v8-s12-v23,v8,canon,36,The Blueprint of Reality,0,8,1,2672
v8-s6-v14,v8,canon,37,The Celestial Serpent,1,15,1,4832
v8-s1-v14,v8,canon,37,The Digital Ascent,1,20,1,4448
v8-s9-v15,v8,canon,37,The Infinite Recursion,1,10,1,2881
v8-s5-v9,v8,canon,37,The Celestial Chorus,1,14,1,4934
v8-s12-v24,v8,canon,37,The Blueprint of Reality,0,8,1,3317
v8-s10-v14,v8,canon,37,The Echoing Void,1,14,1,4290
v8-s5-v10,v8,canon,38,The Celestial Chorus,1,14,1,4954
v8-s7-v14,v8,canon,38,The Order of Duality,0,9,1,2779
v8-s2-v23,v8,canon,38,The Library of Aaru,1,20,1,4025
v8-s0-v11,v8,canon,38,The Network of Mycelia,1,9,1,4300
v8-s4-v19,v8,canon,38,The Weave of Souls,0,15,1,4404
v8-s9-v16,v8,canon,38,The Infinite Recursion,1,11,1,3424
v8-s12-v25,v8,canon,38,The Blueprint of Reality,0,8,1,2655
v8-s10-v15,v8,canon,38,The Echoing Void,1,13,1,4473
v8-s9-v17,v8,canon,39,The Infinite Recursion,0,12,1,4038
v8-s6-v15,v8,canon,39,The Celestial Serpent,1,16,1,2756
v8-s5-v11,v8,canon,39,The Celestial Chorus,0,14,1,4823
v8-s1-v15,v8,canon,39,The Digital Ascent,1,22,1,4592
v8-s12-v26,v8,canon,39,The Blueprint of Reality,0,16,1,4851
v8-s5-v12,v8,canon,40,The Celestial Chorus,1,16,1,4898
v8-s6-v16,v8,canon,40,The Celestial Serpent,1,10,1,2792
v8-s7-v15,v8,canon,40,The Order of Duality,0,9,1,3040
v8-s12-v27,v8,canon,40,The Blueprint of Reality,0,9,1,3110
v8-s3-v11,v8,canon,41,The Lumina,0,1,1,3020
v8-s10-v16,v8,canon,41,The Echoing Void,1,14,1,4301
v8-s12-v28,v8,canon,41,The Blueprint of Reality,1,14,1,4789
v8-s7-v16,v8,canon,42,The Order of Duality,0,11,1,3704
v8-s9-v18,v8,canon,42,The Infinite Recursion,1,14,1,4694
v8-s2-v24,v8,canon,42,The Library of Aaru,1,20,1,4041
v8-s0-v12,v8,canon,42,The Network of Mycelia,1,9,1,4584
v8-s4-v20,v8,canon,42,The Weave of Souls,1,8,1,2647
v8-s5-v13,v8,canon,42,The Celestial Chorus,1,12,1,5025
v8-s12-v29,v8,canon,42,The Blueprint of Reality,0,8,1,4644
v8-s5-v14,v8,canon,43,The Celestial Chorus,1,15,1,5005
v8-s3-v12,v8,canon,43,The Lumina,0,1,1,4604
v8-s6-v17,v8,canon,43,The Celestial Serpent,1,12,1,3801
v8-s12-v30,v8,canon,43,The Blueprint of Reality,0,8,1,4182
v8-s10-v17,v8,canon,43,The Echoing Void,1,14,1,4629
v8-s5-v15,v8,canon,44,The Celestial Chorus,1,11,1,4965
v8-s6-v18,v8,canon,44,The Celestial Serpent,1,14,1,4899
v8-s2-v25,v8,canon,44,The Library of Aaru,1,19,1,4600
v8-s0-v13,v8,canon,44,The Network of Mycelia,1,8,1,4680
v8-s1-v16,v8,canon,44,The Digital Ascent,1,18,1,4413
v8-s10-v18,v8,canon,44,The Echoing Void,1,13,1,4462
v8-s12-v31,v8,canon,44,The Blueprint of Reality,1,9,1,4438
v8-s5-v16,v8,canon,45,The Celestial Chorus,1,10,1,4947
v8-s6-v19,v8,canon,45,The Celestial Serpent,1,14,1,4437
v8-s4-v21,v8,canon,45,The Weave of Souls,0,13,1,3768
v8-s7-v17,v8,canon,45,The Order of Duality,0,12,1,4173
v8-s3-v13,v8,canon,45,The Lumina,0,4,1,4130
v8-s9-v19,v8,canon,45,The Infinite Recursion,1,4,1,1570
v8-s2-v26,v8,canon,45,The Library of Aaru,0,12,1,3987
v8-s10-v19,v8,canon,45,The Echoing Void,1,11,1,4632
v8-s12-v32,v8,canon,45,The Blueprint of Reality,1,7,1,4788
v8-s1-v17,v8,canon,46,The Digital Ascent,1,12,1,3971
v8-s5-v17,v8,canon,46,The Celestial Chorus,1,12,1,4948
v8-s0-v14,v8,canon,46,The Network of Mycelia,1,8,1,4611
v8-s2-v27,v8,canon,46,The Library of Aaru,0,13,1,4270
v8-s7-v18,v8,canon,46,The Order of Duality,1,13,1,4225
v8-s12-v33,v8,canon,46,The Blueprint of Reality,1,8,1,3726
v8-s10-v20,v8,canon,46,The Echoing Void,1,14,1,4351
v8-s4-v22,v8,canon,47,The Weave of Souls,0,13,1,4251
v8-s7-v19,v8,canon,47,The Order of Duality,0,12,1,4492
v8-s9-v20,v8,canon,47,The Infinite Recursion,0,8,1,3317
v8-s3-v14,v8,canon,47,The Lumina,0,4,1,4550
v8-s5-v18,v8,canon,47,The Celestial Chorus,1,9,1,4912
v8-s10-v21,v8,canon,47,The Echoing Void,1,13,1,4634
v8-s12-v34,v8,canon,47,The Blueprint of Reality,1,7,1,4776
v8-s6-v20,v8,canon,48,The Celestial Serpent,1,13,1,4299
v8-s5-v19,v8,canon,48,The Celestial Chorus,1,10,1,4957
v8-s0-v15,v8,canon,48,The Network of Mycelia,1,7,1,4618
v8-s1-v18,v8,canon,48,The Digital Ascent,1,16,1,4597
v8-s7-v20,v8,canon,48,The Order of Duality,1,13,1,4416
v8-s12-v35,v8,canon,48,The Blueprint of Reality,1,10,1,3990
v8-s10-v22,v8,canon,48,The Echoing Void,1,9,1,4508
v8-s4-v23,v8,canon,49,The Weave of Souls,0,10,1,4374
v8-s7-v21,v8,canon,49,The Order of Duality,0,12,1,4551
v8-s9-v21,v8,canon,49,The Infinite Recursion,0,12,1,4800
v8-s5-v20,v8,canon,49,The Celestial Chorus,1,10,1,4868
v8-s3-v15,v8,canon,49,The Lumina,1,4,1,4522
v8-s12-v36,v8,canon,49,The Blueprint of Reality,1,12,1,4962
v8-s10-v23,v8,canon,49,The Echoing Void,1,9,1,4521
v8-s0-v16,v8,canon,50,The Network of Mycelia,1,7,1,4750
v8-s5-v21,v8,canon,50,The Celestial Chorus,1,8,1,4923
v8-s9-v22,v8,canon,50,The Infinite Recursion,1,11,1,4109
v8-s7-v22,v8,canon,50,The Order of Duality,1,13,1,4411
v8-s4-v24,v8,canon,50,The Weave of Souls,1,12,1,4866
v8-s12-v37,v8,canon,50,The Blueprint of Reality,1,11,1,4726
v8-s10-v24,v8,canon,50,The Echoing Void,1,10,1,4537
v8-s5-v22,v8,canon,51,The Celestial Chorus,1,7,1,4969
v8-s3-v16,v8,canon,51,The Lumina,0,16,1,3896
v8-s2-v28,v8,canon,51,The Library of Aaru,0,8,1,3178
v8-s7-v23,v8,canon,51,The Order of Duality,1,13,1,4515
v8-s10-v25,v8,canon,51,The Echoing Void,1,11,1,4635
v8-s12-v38,v8,canon,51,The Blueprint of Reality,1,9,1,4569
v8-s9-v23,v8,canon,52,The Infinite Recursion,1,14,1,4897
v8-s5-v23,v8,canon,52,The Celestial Chorus,1,6,1,4933
v8-s0-v17,v8,canon,52,The Network of Mycelia,1,7,1,4775
v8-s10-v26,v8,canon,52,The Echoing Void,1,9,1,4716
v8-s12-v39,v8,canon,52,The Blueprint of Reality,1,9,1,5033
v8-s1-v19,v8,canon,53,The Digital Ascent,0,12,1,4528
v8-s5-v24,v8,canon,53,The Celestial Chorus,1,7,1,5060
v8-s7-v24,v8,canon,53,The Order of Duality,1,13,1,4639
v8-s4-v25,v8,canon,53,The Weave of Souls,1,5,1,3428
v8-s6-v21,v8,canon,53,The Celestial Serpent,1,13,1,4517
v8-s2-v29,v8,canon,53,The Library of Aaru,0,9,1,3315
v8-s10-v27,v8,canon,53,The Echoing Void,1,8,1,4512
v8-s12-v40,v8,canon,53,The Blueprint of Reality,1,11,1,5007
v8-s0-v18,v8,canon,54,The Network of Mycelia,1,6,1,4776
v8-s3-v17,v8,canon,54,The Lumina,0,5,1,1158
v8-s5-v25,v8,canon,54,The Celestial Chorus,1,6,1,5083
v8-s10-v28,v8,canon,54,The Echoing Void,1,9,1,4426
v8-s12-v41,v8,canon,54,The Blueprint of Reality,1,11,1,4964
v8-s4-v26,v8,canon,55,The Weave of Souls,1,7,1,4141
v8-s2-v30,v8,canon,55,The Library of Aaru,0,10,1,3730
v8-s3-v18,v8,canon,55,The Lumina,0,12,1,2730
v8-s5-v26,v8,canon,55,The Celestial Chorus,1,5,1,5068
v8-s12-v42,v8,canon,55,The Blueprint of Reality,0,11,1,4933
v8-s10-v29,v8,canon,55,The Echoing Void,1,8,1,4264
v8-s7-v25,v8,canon,56,The Order of Duality,1,11,1,4920
v8-s2-v31,v8,canon,56,The Library of Aaru,0,12,1,4523
v8-s6-v22,v8,canon,56,The Celestial Serpent,1,11,1,4597
v8-s5-v27,v8,canon,56,The Celestial Chorus,1,1,1,5112
v8-s0-v19,v8,canon,56,The Network of Mycelia,1,5,1,4934
v8-s10-v30,v8,canon,56,The Echoing Void,1,6,1,4807
v8-s12-v43,v8,canon,56,The Blueprint of Reality,1,4,1,4948
v8-s6-v23,v8,canon,57,The Celestial Serpent,1,11,1,4156
v8-s5-v28,v8,canon,57,The Celestial Chorus,1,0,0,4913
v8-s9-v24,v8,canon,57,The Infinite Recursion,0,9,1,3712
v8-s1-v20,v8,canon,57,The Digital Ascent,0,8,1,2301
v8-s3-v19,v8,canon,57,The Lumina,1,16,1,4601
v8-s10-v31,v8,canon,57,The Echoing Void,1,7,1,4662
v8-s12-v44,v8,canon,57,The Blueprint of Reality,1,5,1,4939
v8-s2-v32,v8,canon,58,The Library of Aaru,0,13,1,4838
v8-s5-v29,v8,canon,58,The Celestial Chorus,1,4,1,5111
v8-s0-v20,v8,canon,58,The Network of Mycelia,0,7,1,3020
v8-s4-v27,v8,canon,58,The Weave of Souls,1,10,1,4725
v8-s12-v45,v8,canon,58,The Blueprint of Reality,1,11,1,4796
v8-s10-v32,v8,canon,58,The Echoing Void,1,5,1,4716
v8-s4-v28,v8,canon,59,The Weave of Souls,0,4,1,1485
v8-s3-v20,v8,canon,59,The Lumina,1,15,1,3742
v8-s5-v30,v8,canon,59,The Celestial Chorus,1,5,1,5085
v8-s0-v21,v8,canon,59,The Network of Mycelia,0,9,1,4196
v8-s1-v21,v8,canon,59,The Digital Ascent,0,10,1,3505
v8-s9-v25,v8,canon,59,The Infinite Recursion,1,9,1,3661
v8-s7-v26,v8,canon,59,The Order of Duality,1,11,1,5039
v8-s12-v46,v8,canon,59,The Blueprint of Reality,1,5,1,4956
v8-s10-v33,v8,canon,59,The Echoing Void,1,5,1,4715
v8-s0-v22,v8,canon,60,The Network of Mycelia,1,9,1,4421
v8-s1-v22,v8,canon,60,The Digital Ascent,0,9,1,2953
v8-s2-v33,v8,canon,60,The Library of Aaru,1,7,1,4679
v8-s6-v24,v8,canon,60,The Celestial Serpent,1,14,1,5113
v8-s5-v31,v8,canon,60,The Celestial Chorus,1,0,0,4945
v8-s12-v47,v8,canon,60,The Blueprint of Reality,1,4,1,4878
v8-s10-v34,v8,canon,60,The Echoing Void,1,6,1,4817
v8-s0-v23,v8,canon,61,The Network of Mycelia,1,4,1,4978
v8-s3-v21,v8,canon,61,The Lumina,1,17,1,4409
v8-s4-v29,v8,canon,61,The Weave of Souls,0,9,1,2723
v8-s9-v26,v8,canon,61,The Infinite Recursion,1,11,1,4165
v8-s5-v32,v8,canon,61,The Celestial Chorus,1,0,0,4895
v8-s12-v48,v8,canon,61,The Blueprint of Reality,1,5,1,4918
v8-s10-v35,v8,canon,61,The Echoing Void,1,5,1,4798
v8-s7-v27,v8,canon,62,The Order of Duality,1,11,1,5146
v8-s3-v22,v8,canon,62,The Lumina,1,15,1,4124
v8-s6-v25,v8,canon,62,The Celestial Serpent,1,13,1,4942
v8-s5-v33,v8,canon,62,The Celestial Chorus,1,0,0,4980
v8-s0-v24,v8,canon,62,The Network of Mycelia,1,7,1,4737
v8-s2-v34,v8,canon,62,The Library of Aaru,1,8,1,4756
v8-s10-v36,v8,canon,62,The Echoing Void,1,3,1,4944
v8-s12-v49,v8,canon,62,The Blueprint of Reality,1,4,1,5114
v8-s2-v35,v8,canon,63,The Library of Aaru,1,6,1,4847
v8-s5-v34,v8,canon,63,The Celestial Chorus,1,0,0,5035
v8-s0-v25,v8,canon,63,The Network of Mycelia,1,4,1,5005
v8-s6-v26,v8,canon,63,The Celestial Serpent,1,11,1,5022
v8-s4-v30,v8,canon,63,The Weave of Souls,1,10,1,3676
v8-s1-v23,v8,canon,63,The Digital Ascent,0,10,1,3484
v8-s10-v37,v8,canon,63,The Echoing Void,1,5,1,4631
v8-s12-v50,v8,canon,63,The Blueprint of Reality,1,10,1,5010
v8-s3-v23,v8,canon,64,The Lumina,1,12,1,3449
v8-s0-v26,v8,canon,64,The Network of Mycelia,1,8,1,4622
v8-s2-v36,v8,canon,64,The Library of Aaru,1,6,1,4779
v8-s9-v27,v8,canon,64,The Infinite Recursion,1,14,1,4961
v8-s6-v27,v8,canon,64,The Celestial Serpent,1,6,1,4950
v8-s7-v28,v8,canon,64,The Order of Duality,0,12,1,4628
v8-s5-v35,v8,canon,64,The Celestial Chorus,1,0,0,4947
v8-s10-v38,v8,canon,64,The Echoing Void,1,3,1,5057
v8-s12-v51,v8,canon,64,The Blueprint of Reality,1,4,1,4967
v8-s0-v27,v8,canon,65,The Network of Mycelia,1,1,1,4993
v8-s1-v24,v8,canon,65,The Digital Ascent,1,10,1,3911
v8-s5-v36,v8,canon,65,The Celestial Chorus,1,0,0,4945
v8-s6-v28,v8,canon,65,The Celestial Serpent,1,8,1,5037
v8-s4-v31,v8,canon,65,The Weave of Souls,0,10,1,3777
v8-s9-v28,v8,canon,65,The Infinite Recursion,1,12,1,4265
v8-s2-v37,v8,canon,65,The Library of Aaru,1,5,1,4865
v8-s12-v52,v8,canon,65,The Blueprint of Reality,1,4,1,5000
v8-s10-v39,v8,canon,65,The Echoing Void,1,2,1,4872
v8-s3-v24,v8,canon,66,The Lumina,1,17,1,4425
v8-s9-v29,v8,canon,66,The Infinite Recursion,1,15,1,4654
v8-s5-v37,v8,canon,66,The Celestial Chorus,1,0,0,4930
v8-s0-v28,v8,canon,66,The Network of Mycelia,1,1,1,5027
v8-s2-v38,v8,canon,66,The Library of Aaru,1,7,1,4824
v8-s6-v29,v8,canon,66,The Celestial Serpent,1,4,1,5021
v8-s12-v53,v8,canon,66,The Blueprint of Reality,1,4,1,5192
v8-s10-v40,v8,canon,66,The Echoing Void,1,3,1,4817
v8-s6-v30,v8,canon,67,The Celestial Serpent,1,4,1,5010
v8-s4-v32,v8,canon,67,The Weave of Souls,0,11,1,4470
v8-s5-v38,v8,canon,67,The Celestial Chorus,1,0,0,4960
v8-s7-v29,v8,canon,67,The Order of Duality,1,0,0,4791
v8-s0-v29,v8,canon,67,The Network of Mycelia,1,0,0,5019
v8-s1-v25,v8,canon,67,The Digital Ascent,0,10,1,4712
v8-s2-v39,v8,canon,67,The Library of Aaru,1,4,1,5077
v8-s9-v30,v8,canon,67,The Infinite Recursion,1,14,1,4953
v8-s10-v41,v8,canon,67,The Echoing Void,1,5,1,4716
v8-s12-v54,v8,canon,67,The Blueprint of Reality,1,3,1,5228
v8-s5-v39,v8,canon,68,The Celestial Chorus,1,0,0,4955
v8-s3-v25,v8,canon,68,The Lumina,1,17,1,4509
v8-s6-v31,v8,canon,68,The Celestial Serpent,1,9,1,5175
v8-s9-v31,v8,canon,68,The Infinite Recursion,1,15,1,4790
v8-s0-v30,v8,canon,68,The Network of Mycelia,1,1,1,5140
v8-s10-v42,v8,canon,68,The Echoing Void,1,2,1,4818
v8-s12-v55,v8,canon,68,The Blueprint of Reality,1,10,1,5025
v8-s0-v31,v8,canon,69,The Network of Mycelia,1,0,0,5077
v8-s4-v33,v8,canon,69,The Weave of Souls,1,10,1,4968
v8-s7-v30,v8,canon,69,The Order of Duality,1,11,1,5193
v8-s9-v32,v8,canon,69,The Infinite Recursion,1,10,1,3763
v8-s1-v26,v8,canon,69,The Digital Ascent,1,9,1,4679
v8-s6-v32,v8,canon,69,The Celestial Serpent,1,8,1,5095
v8-s5-v40,v8,canon,69,The Celestial Chorus,1,0,0,4954
v8-s2-v40,v8,canon,69,The Library of Aaru,1,7,1,4678
v8-s12-v56,v8,canon,69,The Blueprint of Reality,1,4,1,4985
v8-s10-v43,v8,canon,69,The Echoing Void,1,5,1,4673
v8-s3-v26,v8,canon,70,The Lumina,0,17,1,4433
v8-s9-v33,v8,canon,70,The Infinite Recursion,1,16,1,4869
v8-s5-v41,v8,canon,70,The Celestial Chorus,1,0,0,5019
v8-s0-v32,v8,canon,70,The Network of Mycelia,1,1,1,5147
v8-s6-v33,v8,canon,70,The Celestial Serpent,1,7,1,5076
v8-s10-v44,v8,canon,70,The Echoing Void,1,0,0,5234
v8-s12-v57,v8,canon,70,The Blueprint of Reality,1,4,1,4991
v8-s0-v33,v8,canon,71,The Network of Mycelia,1,0,0,5040
v8-s4-v34,v8,canon,71,The Weave of Souls,1,11,1,4872
v8-s5-v42,v8,canon,71,The Celestial Chorus,1,0,0,5017
v8-s6-v34,v8,canon,71,The Celestial Serpent,1,12,1,5020
v8-s7-v31,v8,canon,71,The Order of Duality,1,0,0,2866
v8-s12-v58,v8,canon,71,The Blueprint of Reality,1,4,1,5186
v8-s10-v45,v8,canon,71,The Echoing Void,1,5,1,4685
v8-s6-v35,v8,canon,72,The Celestial Serpent,1,11,1,5065
v8-s1-v27,v8,canon,72,The Digital Ascent,1,8,1,4821
v8-s5-v43,v8,canon,72,The Celestial Chorus,1,0,0,4902
v8-s0-v34,v8,canon,72,The Network of Mycelia,1,0,0,5204
v8-s9-v34,v8,canon,72,The Infinite Recursion,1,12,1,5080
v8-s3-v27,v8,canon,72,The Lumina,0,16,1,4132
v8-s10-v46,v8,canon,72,The Echoing Void,1,0,0,5293
v8-s2-v41,v8,canon,73,The Library of Aaru,0,5,1,1692
v8-s0-v35,v8,canon,73,The Network of Mycelia,1,0,0,5035
v8-s7-v32,v8,canon,73,The Order of Duality,0,13,1,3978
v8-s5-v44,v8,canon,73,The Celestial Chorus,1,0,0,4932
v8-s4-v35,v8,canon,73,The Weave of Souls,1,6,1,4660
v8-s6-v36,v8,canon,73,The Celestial Serpent,1,7,1,5091
v8-s9-v35,v8,canon,73,The Infinite Recursion,1,14,1,4802
v8-s10-v47,v8,canon,73,The Echoing Void,1,0,0,5274
v8-s6-v37,v8,canon,74,The Celestial Serpent,1,7,1,5101
v8-s0-v36,v8,canon,74,The Network of Mycelia,1,0,0,5173
v8-s5-v45,v8,canon,74,The Celestial Chorus,1,0,0,4857
v8-s3-v28,v8,canon,74,The Lumina,1,0,0,3152
v8-s4-v36,v8,canon,74,The Weave of Souls,1,3,1,2718
v8-s9-v36,v8,canon,74,The Infinite Recursion,1,12,1,4594
v8-s1-v28,v8,canon,74,The Digital Ascent,1,8,1,5019
v8-s10-v48,v8,canon,74,The Echoing Void,1,5,1,4732
v8-s5-v46,v8,canon,75,The Celestial Chorus,1,0,0,4915
v8-s1-v29,v8,canon,75,The Digital Ascent,1,4,1,4744
v8-s9-v37,v8,canon,75,The Infinite Recursion,0,12,1,4603
v8-s2-v42,v8,canon,75,The Library of Aaru,1,5,1,2490
v8-s6-v38,v8,canon,75,The Celestial Serpent,1,6,1,5047
v8-s7-v33,v8,canon,75,The Order of Duality,0,13,1,4797
v8-s3-v29,v8,canon,75,The Lumina,1,0,0,1753
v8-s0-v37,v8,canon,75,The Network of Mycelia,1,0,0,5059
v8-s10-v49,v8,canon,75,The Echoing Void,1,0,0,5200
v8-s5-v47,v8,canon,76,The Celestial Chorus,1,0,0,4853
v8-s3-v30,v8,canon,76,The Lumina,1,12,1,4891
v8-s6-v39,v8,canon,76,The Celestial Serpent,1,5,1,5026
v8-s1-v30,v8,canon,76,The Digital Ascent,1,4,1,4920
v8-s4-v37,v8,canon,76,The Weave of Souls,1,3,1,3540
v8-s9-v38,v8,canon,76,The Infinite Recursion,1,12,1,4682
v8-s0-v38,v8,canon,76,The Network of Mycelia,1,0,0,5160
v8-s2-v43,v8,canon,76,The Library of Aaru,1,5,1,2673
v8-s7-v34,v8,canon,76,The Order of Duality,0,12,1,4485
v8-s10-v50,v8,canon,76,The Echoing Void,1,0,0,5275
v8-s0-v39,v8,canon,77,The Network of Mycelia,1,0,0,5082
v8-s9-v39,v8,canon,77,The Infinite Recursion,0,12,1,4261
v8-s1-v31,v8,canon,77,The Digital Ascent,1,0,0,4888
v8-s7-v35,v8,canon,77,The Order of Duality,0,13,1,4845
v8-s3-v31,v8,canon,77,The Lumina,1,0,0,3260
v8-s6-v40,v8,canon,77,The Celestial Serpent,1,4,1,4923
v8-s5-v48,v8,canon,77,The Celestial Chorus,1,0,0,4923
v8-s10-v51,v8,canon,77,The Echoing Void,1,0,0,5232
v8-s3-v32,v8,canon,78,The Lumina,1,0,0,3255
v8-s6-v41,v8,canon,78,The Celestial Serpent,1,2,1,4990
v8-s5-v49,v8,canon,78,The Celestial Chorus,1,0,0,4900
v8-s0-v40,v8,canon,78,The Network of Mycelia,1,0,0,5291
v8-s4-v38,v8,canon,78,The Weave of Souls,1,5,1,4220
v8-s9-v40,v8,canon,78,The Infinite Recursion,0,12,1,4566
v8-s1-v32,v8,canon,78,The Digital Ascent,1,0,0,4621
v8-s10-v52,v8,canon,78,The Echoing Void,1,5,1,4732
v8-s3-v33,v8,canon,79,The Lumina,0,15,1,4135
v8-s5-v50,v8,canon,79,The Celestial Chorus,1,0,0,4898
v8-s2-v44,v8,canon,79,The Library of Aaru,0,10,1,3597
v8-s6-v42,v8,canon,79,The Celestial Serpent,1,3,1,5089
v8-s9-v41,v8,canon,79,The Infinite Recursion,1,13,1,5171
v8-s1-v33,v8,canon,79,The Digital Ascent,1,0,0,4887
v8-s0-v41,v8,canon,79,The Network of Mycelia,1,0,0,5081
v8-s10-v53,v8,canon,79,The Echoing Void,1,5,1,4715
v8-s9-v42,v8,canon,80,The Infinite Recursion,1,9,1,4770
v8-s3-v34,v8,canon,80,The Lumina,0,15,1,4155
v8-s0-v42,v8,canon,80,The Network of Mycelia,1,0,0,5215
v8-s5-v51,v8,canon,80,The Celestial Chorus,1,0,0,4950
v8-s1-v34,v8,canon,80,The Digital Ascent,1,0,0,4948
v8-s6-v43,v8,canon,80,The Celestial Serpent,1,2,1,4810
v8-s4-v39,v8,canon,80,The Weave of Souls,1,6,1,4718
v8-s10-v54,v8,canon,80,The Echoing Void,1,5,1,4690
v8-s3-v35,v8,canon,81,The Lumina,0,14,1,4145
v8-s1-v35,v8,canon,81,The Digital Ascent,1,0,0,5026
v8-s6-v44,v8,canon,81,The Celestial Serpent,1,0,0,4946
v8-s0-v43,v8,canon,81,The Network of Mycelia,1,0,0,4998
v8-s7-v36,v8,canon,81,The Order of Duality,0,13,1,4402
v8-s5-v52,v8,canon,81,The Celestial Chorus,1,0,0,4918
v8-s9-v43,v8,canon,81,The Infinite Recursion,1,8,1,4708
v8-s10-v55,v8,canon,81,The Echoing Void,1,5,1,4720
v8-s3-v36,v8,canon,82,The Lumina,1,0,0,2965
v8-s9-v44,v8,canon,82,The Infinite Recursion,1,8,1,4679
v8-s4-v40,v8,canon,82,The Weave of Souls,1,4,1,4353
v8-s5-v53,v8,canon,82,The Celestial Chorus,1,0,0,4872
v8-s0-v44,v8,canon,82,The Network of Mycelia,1,0,0,5253
v8-s2-v45,v8,canon,82,The Library of Aaru,0,10,1,4374
v8-s1-v36,v8,canon,82,The Digital Ascent,1,0,0,4980
v8-s6-v45,v8,canon,82,The Celestial Serpent,1,0,0,5011
v8-s10-v56,v8,canon,82,The Echoing Void,1,0,0,5120
v8-s5-v54,v8,canon,83,The Celestial Chorus,1,0,0,4901
v8-s3-v37,v8,canon,83,The Lumina,1,0,0,2568
v8-s1-v37,v8,canon,83,The Digital Ascent,1,0,0,4969
v8-s7-v37,v8,canon,83,The Order of Duality,0,14,1,4803
v8-s6-v46,v8,canon,83,The Celestial Serpent,1,0,0,5051
v8-s9-v45,v8,canon,83,The Infinite Recursion,1,7,1,4666
v8-s0-v45,v8,canon,83,The Network of Mycelia,1,0,0,5040
v8-s10-v57,v8,canon,83,The Echoing Void,1,5,1,4734
v8-s0-v46,v8,canon,84,The Network of Mycelia,1,0,0,5194
v8-s5-v55,v8,canon,84,The Celestial Chorus,1,0,0,5040
v8-s1-v38,v8,canon,84,The Digital Ascent,1,0,0,4935
v8-s6-v47,v8,canon,84,The Celestial Serpent,1,4,1,5106
v8-s9-v46,v8,canon,84,The Infinite Recursion,1,6,1,4640
v8-s3-v38,v8,canon,84,The Lumina,1,0,0,3317
v8-s10-v58,v8,canon,84,The Echoing Void,1,0,0,5291
v8-s9-v47,v8,canon,85,The Infinite Recursion,1,9,1,4877
v8-s6-v48,v8,canon,85,The Celestial Serpent,1,4,1,5304
v8-s0-v47,v8,canon,85,The Network of Mycelia,1,0,0,5044
v8-s4-v41,v8,canon,85,The Weave of Souls,0,5,1,4710
v8-s7-v38,v8,canon,85,The Order of Duality,0,14,1,4807
v8-s5-v56,v8,canon,85,The Celestial Chorus,1,0,0,4933
v8-s1-v39,v8,canon,85,The Digital Ascent,1,0,0,4954
v8-s3-v39,v8,canon,85,The Lumina,1,0,0,3354
v8-s10-v59,v8,canon,85,The Echoing Void,1,0,0,5190
v8-s2-v46,v8,canon,86,The Library of Aaru,0,11,1,4028
v8-s1-v40,v8,canon,86,The Digital Ascent,1,0,0,4997
v8-s6-v49,v8,canon,86,The Celestial Serpent,1,4,1,5313
v8-s3-v40,v8,canon,86,The Lumina,0,14,1,4494
v8-s0-v48,v8,canon,86,The Network of Mycelia,1,0,0,5224
v8-s9-v48,v8,canon,86,The Infinite Recursion,1,12,1,4921
v8-s5-v57,v8,canon,86,The Celestial Chorus,1,0,0,5084
v8-s10-v60,v8,canon,86,The Echoing Void,1,0,0,5188
v8-s9-v49,v8,canon,87,The Infinite Recursion,1,9,1,4908
v8-s5-v58,v8,canon,87,The Celestial Chorus,1,0,0,4865
v8-s7-v39,v8,canon,87,The Order of Duality,1,12,1,4994
v8-s6-v50,v8,canon,87,The Celestial Serpent,1,0,0,5059
v8-s0-v49,v8,canon,87,The Network of Mycelia,1,0,0,5269
v8-s1-v41,v8,canon,87,The Digital Ascent,1,0,0,4946
v8-s3-v41,v8,canon,87,The Lumina,1,0,0,2723
v8-s10-v61,v8,canon,87,The Echoing Void,1,0,0,5186
v8-s4-v42,v8,canon,88,The Weave of Souls,1,4,1,5325
v8-s6-v51,v8,canon,88,The Celestial Serpent,1,0,0,5044
v8-s9-v50,v8,canon,88,The Infinite Recursion,1,5,1,4823
v8-s7-v40,v8,canon,88,The Order of Duality,1,13,1,5000
v8-s5-v59,v8,canon,88,The Celestial Chorus,1,0,0,5136
v8-s1-v42,v8,canon,88,The Digital Ascent,1,0,0,4968
v8-s3-v42,v8,canon,88,The Lumina,0,12,1,3855
v8-s10-v62,v8,canon,88,The Echoing Void,1,5,1,4657
v8-s6-v52,v8,canon,89,The Celestial Serpent,1,0,0,5092
v8-s9-v51,v8,canon,89,The Infinite Recursion,1,9,1,4868
v8-s5-v60,v8,canon,89,The Celestial Chorus,1,0,0,4860
v8-s0-v50,v8,canon,89,The Network of Mycelia,1,0,0,5217
v8-s1-v43,v8,canon,89,The Digital Ascent,1,0,0,4949
v8-s3-v43,v8,canon,89,The Lumina,1,0,0,2457
v8-s10-v63,v8,canon,89,The Echoing Void,1,0,0,5335
v8-s3-v44,v8,canon,90,The Lumina,0,15,1,4931
v8-s5-v61,v8,canon,90,The Celestial Chorus,1,0,0,5069
v8-s1-v44,v8,canon,90,The Digital Ascent,1,0,0,4943
v8-s4-v43,v8,canon,90,The Weave of Souls,1,4,1,5309
v8-s2-v47,v8,canon,90,The Library of Aaru,0,13,1,4086
v8-s9-v52,v8,canon,90,The Infinite Recursion,1,9,1,4899
v8-s6-v53,v8,canon,90,The Celestial Serpent,1,0,0,5047
v8-s10-v64,v8,canon,90,The Echoing Void,1,0,0,5268
v8-s1-v45,v8,canon,91,The Digital Ascent,1,0,0,4929
v8-s7-v41,v8,canon,91,The Order of Duality,0,13,1,5077
v8-s3-v45,v8,canon,91,The Lumina,0,12,1,4030
v8-s6-v54,v8,canon,91,The Celestial Serpent,1,0,0,5054
v8-s0-v51,v8,canon,91,The Network of Mycelia,1,0,0,5311
v8-s5-v62,v8,canon,91,The Celestial Chorus,1,0,0,5176
v8-s9-v53,v8,canon,91,The Infinite Recursion,0,9,1,4543
v8-s10-v65,v8,canon,91,The Echoing Void,1,0,0,5297
v8-s4-v44,v8,canon,92,The Weave of Souls,1,4,1,5044
v8-s3-v46,v8,canon,92,The Lumina,0,12,1,4036
v8-s9-v54,v8,canon,92,The Infinite Recursion,1,9,1,4880
v8-s1-v46,v8,canon,92,The Digital Ascent,1,0,0,4951
v8-s0-v52,v8,canon,92,The Network of Mycelia,1,0,0,4944
v8-s5-v63,v8,canon,92,The Celestial Chorus,1,0,0,5032
v8-s6-v55,v8,canon,92,The Celestial Serpent,1,5,1,5169
v8-s10-v66,v8,canon,92,The Echoing Void,1,0,0,5290
v8-s5-v64,v8,canon,93,The Celestial Chorus,1,0,0,4929
v8-s0-v53,v8,canon,93,The Network of Mycelia,1,0,0,4957
v8-s7-v42,v8,canon,93,The Order of Duality,1,12,1,5077
v8-s6-v56,v8,canon,93,The Celestial Serpent,1,0,0,5013
v8-s3-v47,v8,canon,93,The Lumina,1,0,0,2689
v8-s2-v48,v8,canon,93,The Library of Aaru,1,13,1,4462
v8-s1-v47,v8,canon,93,The Digital Ascent,1,0,0,4934
v8-s9-v55,v8,canon,93,The Infinite Recursion,1,7,1,5100
v8-s10-v67,v8,canon,93,The Echoing Void,1,0,0,5172
v8-s6-v57,v8,canon,94,The Celestial Serpent,1,0,0,5062
v8-s3-v48,v8,canon,94,The Lumina,1,0,0,2693
v8-s0-v54,v8,canon,94,The Network of Mycelia,1,0,0,4991
v8-s1-v48,v8,canon,94,The Digital Ascent,1,0,0,4967
v8-s9-v56,v8,canon,94,The Infinite Recursion,1,7,1,5189
v8-s5-v65,v8,canon,94,The Celestial Chorus,1,0,0,4940
v8-s4-v45,v8,canon,94,The Weave of Souls,1,4,1,5349
v8-s10-v68,v8,canon,94,The Echoing Void,1,0,0,5276
v8-s6-v58,v8,canon,95,The Celestial Serpent,1,0,0,5046
v8-s7-v43,v8,canon,95,The Order of Duality,0,13,1,4934
v8-s1-v49,v8,canon,95,The Digital Ascent,0,4,1,2150
v8-s9-v57,v8,canon,95,The Infinite Recursion,1,9,1,4934
v8-s5-v66,v8,canon,95,The Celestial Chorus,1,0,0,4927
v8-s3-v49,v8,canon,95,The Lumina,0,12,1,4072
v8-s0-v55,v8,canon,95,The Network of Mycelia,1,0,0,5194
v8-s2-v49,v8,canon,95,The Library of Aaru,1,9,1,3170
v8-s10-v69,v8,canon,95,The Echoing Void,1,0,0,5241
v8-s6-v59,v8,canon,96,The Celestial Serpent,1,0,0,5063
v8-s1-v50,v8,canon,96,The Digital Ascent,1,5,1,3008
v8-s2-v50,v8,canon,96,The Library of Aaru,1,10,1,3430
v8-s3-v50,v8,canon,96,The Lumina,1,0,0,4743
v8-s5-v67,v8,canon,96,The Celestial Chorus,1,0,0,5011
v8-s7-v44,v8,canon,96,The Order of Duality,1,3,1,4838
v8-s0-v56,v8,canon,96,The Network of Mycelia,1,0,0,5311
v8-s9-v58,v8,canon,96,The Infinite Recursion,1,9,1,4928
v8-s10-v70,v8,canon,96,The Echoing Void,1,0,0,5254
v8-s3-v51,v8,canon,97,The Lumina,1,0,0,2689
v8-s4-v46,v8,canon,97,The Weave of Souls,1,4,1,5048
v8-s9-v59,v8,canon,97,The Infinite Recursion,0,9,1,4418
v8-s5-v68,v8,canon,97,The Celestial Chorus,1,0,0,5140
v8-s0-v57,v8,canon,97,The Network of Mycelia,0,6,1,3856
v8-s1-v51,v8,canon,97,The Digital Ascent,0,6,1,3727
v8-s7-v45,v8,canon,97,The Order of Duality,0,13,1,4934
v8-s6-v60,v8,canon,97,The Celestial Serpent,1,0,0,5187
v8-s10-v71,v8,canon,97,The Echoing Void,1,0,0,5375
v8-s9-v60,v8,canon,98,The Infinite Recursion,0,9,1,4543
v8-s1-v52,v8,canon,98,The Digital Ascent,0,7,1,3504
v8-s3-v52,v8,canon,98,The Lumina,0,12,1,4587
v8-s6-v61,v8,canon,98,The Celestial Serpent,1,0,0,5229
v8-s5-v69,v8,canon,98,The Celestial Chorus,1,0,0,4937
v8-s7-v46,v8,canon,98,The Order of Duality,1,3,1,4771
v8-s0-v58,v8,canon,98,The Network of Mycelia,1,0,0,5062
v8-s10-v72,v8,canon,98,The Echoing Void,1,0,0,5329
v8-s0-v59,v8,canon,99,The Network of Mycelia,1,3,1,4190
v8-s9-v61,v8,canon,99,The Infinite Recursion,0,9,1,4543
v8-s7-v47,v8,canon,99,The Order of Duality,1,11,1,4945
v8-s1-v53,v8,canon,99,The Digital Ascent,0,8,1,4407
v8-s4-v47,v8,canon,99,The Weave of Souls,1,4,1,5105
v8-s2-v51,v8,canon,99,The Library of Aaru,1,10,1,3530
v8-s6-v62,v8,canon,99,The Celestial Serpent,1,0,0,5140
v8-s5-v70,v8,canon,99,The Celestial Chorus,1,0,0,4940
v8-s3-v53,v8,canon,99,The Lumina,0,12,1,3409
v8-s10-v73,v8,canon,99,The Echoing Void,1,2,1,4911
v8-s14-v2,v8,canon,99,The Blueprint of Reality Reforged,1,9,1,4784
v8-s3-v54,v8,canon,100,The Lumina,0,12,1,4103
v8-s4-v48,v8,canon,100,The Weave of Souls,1,4,1,5050
v8-s0-v60,v8,canon,100,The Network of Mycelia,1,2,1,4428
v8-s6-v63,v8,canon,100,The Celestial Serpent,1,0,0,5124
v8-s1-v54,v8,canon,100,The Digital Ascent,1,0,0,2699
v8-s5-v71,v8,canon,100,The Celestial Chorus,1,0,0,5095
v8-s9-v62,v8,canon,100,The Infinite Recursion,0,9,1,4593
v8-s10-v74,v8,canon,100,The Echoing Void,1,2,1,4855
v8-s9-v63,v8,canon,101,The Infinite Recursion,1,5,1,4427
v8-s0-v61,v8,canon,101,The Network of Mycelia,1,0,0,5212
v8-s6-v64,v8,canon,101,The Celestial Serpent,1,0,0,5150
v8-s3-v55,v8,canon,101,The Lumina,1,0,0,5052
v8-s2-v52,v8,canon,101,The Library of Aaru,0,8,1,3949
v8-s5-v72,v8,canon,101,The Celestial Chorus,1,0,0,5142
v8-s1-v55,v8,canon,101,The Digital Ascent,1,0,0,2547
v8-s7-v48,v8,canon,101,The Order of Duality,1,9,1,4970
v8-s10-v75,v8,canon,101,The Echoing Void,1,1,1,4892
v8-s6-v65,v8,canon,102,The Celestial Serpent,1,0,0,5150
v8-s3-v56,v8,canon,102,The Lumina,1,0,0,4550
v8-s9-v64,v8,canon,102,The Infinite Recursion,1,5,1,4460
v8-s4-v49,v8,canon,102,The Weave of Souls,1,3,1,4688
v8-s0-v62,v8,canon,102,The Network of Mycelia,1,2,1,4733
v8-s5-v73,v8,canon,102,The Celestial Chorus,1,0,0,5083
v8-s1-v56,v8,canon,102,The Digital Ascent,1,0,0,2817
v8-s2-v53,v8,canon,102,The Library of Aaru,1,11,1,3803
v8-s10-v76,v8,canon,102,The Echoing Void,1,2,1,4944
v8-s0-v63,v8,canon,103,The Network of Mycelia,1,0,0,5322
v8-s7-v49,v8,canon,103,The Order of Duality,1,5,1,4881
v8-s1-v57,v8,canon,103,The Digital Ascent,1,0,0,2548
v8-s6-v66,v8,canon,103,The Celestial Serpent,1,0,0,5194
v8-s4-v50,v8,canon,103,The Weave of Souls,1,4,1,4953
v8-s3-v57,v8,canon,103,The Lumina,1,0,0,4080
v8-s2-v54,v8,canon,103,The Library of Aaru,1,11,1,4156
v8-s5-v74,v8,canon,103,The Celestial Chorus,1,0,0,4893
v8-s10-v77,v8,canon,103,The Echoing Void,1,0,0,4910
v8-s4-v51,v8,canon,104,The Weave of Souls,1,3,1,5366
v8-s7-v50,v8,canon,104,The Order of Duality,1,3,1,5088
v8-s9-v65,v8,canon,104,The Infinite Recursion,1,4,1,4278
v8-s1-v58,v8,canon,104,The Digital Ascent,0,7,1,3915
v8-s0-v64,v8,canon,104,The Network of Mycelia,1,0,0,5090
v8-s3-v58,v8,canon,104,The Lumina,0,12,1,3391
v8-s5-v75,v8,canon,104,The Celestial Chorus,1,0,0,4903
v8-s6-v67,v8,canon,104,The Celestial Serpent,1,0,0,5122
v8-s2-v55,v8,canon,104,The Library of Aaru,1,9,1,4772
v8-s10-v78,v8,canon,104,The Echoing Void,1,0,0,5239
v8-s5-v76,v8,canon,105,The Celestial Chorus,1,0,0,4991
v8-s0-v65,v8,canon,105,The Network of Mycelia,1,0,0,5271
v8-s1-v59,v8,canon,105,The Digital Ascent,0,7,1,4102
v8-s7-v51,v8,canon,105,The Order of Duality,1,3,1,4809
v8-s4-v52,v8,canon,105,The Weave of Souls,0,3,1,2130
v8-s6-v68,v8,canon,105,The Celestial Serpent,1,0,0,5201
v8-s3-v59,v8,canon,105,The Lumina,1,0,0,2891
v8-s9-v66,v8,canon,105,The Infinite Recursion,1,4,1,4266
v8-s2-v56,v8,canon,105,The Library of Aaru,1,12,1,4646
v8-s10-v79,v8,canon,105,The Echoing Void,1,0,0,5019
v8-s0-v66,v8,canon,106,The Network of Mycelia,1,0,0,4874
v8-s6-v69,v8,canon,106,The Celestial Serpent,1,0,0,5177
v8-s1-v60,v8,canon,106,The Digital Ascent,1,9,1,4209
v8-s7-v52,v8,canon,106,The Order of Duality,1,2,1,4988
v8-s3-v60,v8,canon,106,The Lumina,1,0,0,4605
v8-s2-v57,v8,canon,106,The Library of Aaru,1,11,1,4817
v8-s9-v67,v8,canon,106,The Infinite Recursion,1,4,1,4322
v8-s4-v53,v8,canon,106,The Weave of Souls,1,4,1,5134
v8-s5-v77,v8,canon,106,The Celestial Chorus,1,0,0,4877
v8-s10-v80,v8,canon,106,The Echoing Void,1,2,1,4840
v8-s14-v3,v8,canon,106,The Blueprint of Reality Reforged,1,4,1,5236
v8-s1-v61,v8,canon,107,The Digital Ascent,1,0,0,2711
v8-s6-v70,v8,canon,107,The Celestial Serpent,1,0,0,5173
v8-s0-v67,v8,canon,107,The Network of Mycelia,1,0,0,5038
v8-s2-v58,v8,canon,107,The Library of Aaru,0,9,1,4763
v8-s9-v68,v8,canon,107,The Infinite Recursion,1,5,1,4328
v8-s5-v78,v8,canon,107,The Celestial Chorus,1,0,0,4943
v8-s4-v54,v8,canon,107,The Weave of Souls,1,4,1,4966
v8-s3-v61,v8,canon,107,The Lumina,1,0,0,4114
v8-s7-v53,v8,canon,107,The Order of Duality,1,3,1,4834
v8-s10-v81,v8,canon,107,The Echoing Void,1,0,0,5299
v8-s14-v4,v8,canon,107,The Blueprint of Reality Reforged,1,4,1,4745
v8-s0-v68,v8,canon,108,The Network of Mycelia,1,3,1,4227
v8-s3-v62,v8,canon,108,The Lumina,1,0,0,4114
v8-s2-v59,v8,canon,108,The Library of Aaru,0,9,1,4715
v8-s4-v55,v8,canon,108,The Weave of Souls,0,3,1,4399
v8-s1-v62,v8,canon,108,The Digital Ascent,0,6,1,3593
v8-s7-v54,v8,canon,108,The Order of Duality,1,0,0,5064
v8-s5-v79,v8,canon,108,The Celestial Chorus,1,0,0,5212
v8-s9-v69,v8,canon,108,The Infinite Recursion,1,6,1,3321
v8-s6-v71,v8,canon,108,The Celestial Serpent,1,0,0,5235
v8-s10-v82,v8,canon,108,The Echoing Void,1,0,0,4930
v8-s14-v5,v8,canon,108,The Blueprint of Reality Reforged,1,0,0,4712
v8-s9-v70,v8,canon,109,The Infinite Recursion,1,10,1,3789
v8-s4-v56,v8,canon,109,The Weave of Souls,0,3,1,2099
v8-s1-v63,v8,canon,109,The Digital Ascent,1,0,0,3081
v8-s6-v72,v8,canon,109,The Celestial Serpent,1,0,0,5170
v8-s7-v55,v8,canon,109,The Order of Duality,1,3,1,4997
v8-s3-v63,v8,canon,109,The Lumina,1,0,0,3686
v8-s2-v60,v8,canon,109,The Library of Aaru,0,9,1,4334
v8-s0-v69,v8,canon,109,The Network of Mycelia,1,0,0,5278
v8-s5-v80,v8,canon,109,The Celestial Chorus,1,0,0,4896
v8-s10-v83,v8,canon,109,The Echoing Void,1,1,1,4985
v8-s14-v6,v8,canon,109,The Blueprint of Reality Reforged,1,4,1,5192
v8-s1-v64,v8,canon,110,The Digital Ascent,1,0,0,3246
v8-s2-v61,v8,canon,110,The Library of Aaru,0,9,1,4352
v8-s4-v57,v8,canon,110,The Weave of Souls,0,3,1,4361
v8-s7-v56,v8,canon,110,The Order of Duality,1,0,0,5009
v8-s6-v73,v8,canon,110,The Celestial Serpent,1,0,0,5045
v8-s5-v81,v8,canon,110,The Celestial Chorus,1,0,0,5285
v8-s9-v71,v8,canon,110,The Infinite Recursion,0,10,1,4132
v8-s3-v64,v8,canon,110,The Lumina,0,12,1,4432
v8-s0-v70,v8,canon,110,The Network of Mycelia,1,0,0,4917
v8-s14-v7,v8,canon,110,The Blueprint of Reality Reforged,1,0,0,4705
v8-s10-v84,v8,canon,110,The Echoing Void,1,0,0,5140
v8-s6-v74,v8,canon,111,The Celestial Serpent,1,0,0,5136
v8-s7-v57,v8,canon,111,The Order of Duality,1,0,0,4987
v8-s3-v65,v8,canon,111,The Lumina,0,12,1,4480
v8-s4-v58,v8,canon,111,The Weave of Souls,0,3,1,2830
v8-s5-v82,v8,canon,111,The Celestial Chorus,1,0,0,4924
v8-s9-v72,v8,canon,111,The Infinite Recursion,0,10,1,4514
v8-s0-v71,v8,canon,111,The Network of Mycelia,1,0,0,4981
v8-s1-v65,v8,canon,111,The Digital Ascent,1,0,0,3081
v8-s10-v85,v8,canon,111,The Echoing Void,1,0,0,5170
v8-s14-v8,v8,canon,111,The Blueprint of Reality Reforged,1,4,1,5200
v8-s9-v73,v8,canon,112,The Infinite Recursion,1,10,1,4671
v8-s0-v72,v8,canon,112,The Network of Mycelia,1,0,0,4871
v8-s5-v83,v8,canon,112,The Celestial Chorus,1,0,0,5222
v8-s3-v66,v8,canon,112,The Lumina,0,12,1,4447
v8-s7-v58,v8,canon,112,The Order of Duality,1,3,1,4743
v8-s6-v75,v8,canon,112,The Celestial Serpent,1,0,0,5050
v8-s1-v66,v8,canon,112,The Digital Ascent,1,0,0,3092
v8-s4-v59,v8,canon,112,The Weave of Souls,0,3,1,4384
v8-s2-v62,v8,canon,112,The Library of Aaru,1,10,1,4646
v8-s14-v9,v8,canon,112,The Blueprint of Reality Reforged,1,0,0,4726
v8-s10-v86,v8,canon,112,The Echoing Void,1,0,0,5105
v8-s9-v74,v8,canon,113,The Infinite Recursion,1,7,1,4495
v8-s1-v67,v8,canon,113,The Digital Ascent,1,0,0,3421
v8-s5-v84,v8,canon,113,The Celestial Chorus,1,0,0,4896
v8-s3-v67,v8,canon,113,The Lumina,0,12,1,4476
v8-s4-v60,v8,canon,113,The Weave of Souls,0,3,1,2563
v8-s2-v63,v8,canon,113,The Library of Aaru,1,10,1,4647
v8-s7-v59,v8,canon,113,The Order of Duality,1,0,0,4820
v8-s0-v73,v8,canon,113,The Network of Mycelia,1,0,0,5004
v8-s6-v76,v8,canon,113,The Celestial Serpent,1,0,0,5037
v8-s14-v10,v8,canon,113,The Blueprint of Reality Reforged,1,4,1,5198
v8-s10-v87,v8,canon,113,The Echoing Void,1,0,0,5352
v8-s0-v74,v8,canon,114,The Network of Mycelia,1,0,0,4950
v8-s3-v68,v8,canon,114,The Lumina,1,0,0,3978
v8-s5-v85,v8,canon,114,The Celestial Chorus,1,0,0,4895
v8-s1-v68,v8,canon,114,The Digital Ascent,1,0,0,3505
v8-s4-v61,v8,canon,114,The Weave of Souls,0,3,1,4474
v8-s7-v60,v8,canon,114,The Order of Duality,1,0,0,4791
v8-s2-v64,v8,canon,114,The Library of Aaru,1,9,1,4657
v8-s6-v77,v8,canon,114,The Celestial Serpent,1,0,0,4965
v8-s9-v75,v8,canon,114,The Infinite Recursion,1,7,1,4498
v8-s14-v11,v8,canon,114,The Blueprint of Reality Reforged,1,4,1,5258
v8-s10-v88,v8,canon,114,The Echoing Void,1,0,0,5263
v8-s6-v78,v8,canon,115,The Celestial Serpent,1,0,0,5253
v8-s0-v75,v8,canon,115,The Network of Mycelia,0,5,1,3922
v8-s5-v86,v8,canon,115,The Celestial Chorus,1,0,0,4932
v8-s3-v69,v8,canon,115,The Lumina,1,0,0,2937
v8-s2-v65,v8,canon,115,The Library of Aaru,1,10,1,4655
v8-s1-v69,v8,canon,115,The Digital Ascent,1,0,0,3303
v8-s4-v62,v8,canon,115,The Weave of Souls,0,3,1,2563
v8-s7-v61,v8,canon,115,The Order of Duality,1,0,0,4822
v8-s9-v76,v8,canon,115,The Infinite Recursion,1,7,1,4438
v8-s10-v89,v8,canon,115,The Echoing Void,1,0,0,4982
v8-s14-v12,v8,canon,115,The Blueprint of Reality Reforged,1,7,1,5428
v8-s5-v87,v8,canon,116,The Celestial Chorus,1,0,0,4916
v8-s9-v77,v8,canon,116,The Infinite Recursion,1,8,1,4709
v8-s7-v62,v8,canon,116,The Order of Duality,1,0,0,4771
v8-s3-v70,v8,canon,116,The Lumina,0,12,1,4247
v8-s1-v70,v8,canon,116,The Digital Ascent,1,0,0,3770
v8-s6-v79,v8,canon,116,The Celestial Serpent,1,0,0,4860
v8-s0-v76,v8,canon,116,The Network of Mycelia,1,0,0,4764
v8-s2-v66,v8,canon,116,The Library of Aaru,1,8,1,4593
v8-s4-v63,v8,canon,116,The Weave of Souls,0,3,1,4691
v8-s14-v13,v8,canon,116,The Blueprint of Reality Reforged,1,0,0,4798
v8-s10-v90,v8,canon,116,The Echoing Void,1,0,0,4966
v8-s0-v77,v8,canon,117,The Network of Mycelia,1,0,0,5006
v8-s6-v80,v8,canon,117,The Celestial Serpent,1,0,0,5032
v8-s1-v71,v8,canon,117,The Digital Ascent,0,4,1,4008
v8-s4-v64,v8,canon,117,The Weave of Souls,0,3,1,4354
v8-s9-v78,v8,canon,117,The Infinite Recursion,1,6,1,4565
v8-s2-v67,v8,canon,117,The Library of Aaru,1,10,1,4701
v8-s3-v71,v8,canon,117,The Lumina,0,12,1,4247
v8-s5-v88,v8,canon,117,The Celestial Chorus,1,0,0,5328
v8-s7-v63,v8,canon,117,The Order of Duality,1,0,0,4713
v8-s14-v14,v8,canon,117,The Blueprint of Reality Reforged,1,0,0,4932
v8-s10-v91,v8,canon,117,The Echoing Void,1,0,0,5208
v8-s0-v78,v8,canon,118,The Network of Mycelia,1,0,0,4567
v8-s5-v89,v8,canon,118,The Celestial Chorus,1,0,0,399
v8-s7-v64,v8,canon,118,The Order of Duality,1,3,1,4553
v8-s9-v79,v8,canon,118,The Infinite Recursion,1,6,1,4367
v8-s6-v81,v8,canon,118,The Celestial Serpent,1,0,0,5112
v8-s4-v65,v8,canon,118,The Weave of Souls,0,3,1,4690
v8-s2-v68,v8,canon,118,The Library of Aaru,1,9,1,4490
v8-s3-v72,v8,canon,118,The Lumina,1,0,0,3676
v8-s1-v72,v8,canon,118,The Digital Ascent,1,0,0,3801
v8-s10-v92,v8,canon,118,The Echoing Void,1,0,0,5042
v8-s14-v15,v8,canon,118,The Blueprint of Reality Reforged,1,0,0,4790
v8-s7-v65,v8,canon,119,The Order of Duality,0,7,1,2788
v8-s0-v79,v8,canon,119,The Network of Mycelia,1,0,0,4910
v8-s6-v82,v8,canon,119,The Celestial Serpent,1,0,0,4804
v8-s4-v66,v8,canon,119,The Weave of Souls,0,3,1,4780
v8-s3-v73,v8,canon,119,The Lumina,1,0,0,3840
v8-s1-v73,v8,canon,119,The Digital Ascent,1,0,0,3258
v8-s9-v80,v8,canon,119,The Infinite Recursion,1,5,1,4564
v8-s2-v69,v8,canon,119,The Library of Aaru,1,9,1,4688
v8-s5-v90,v8,canon,119,The Celestial Chorus,1,0,0,5003
v8-s14-v16,v8,canon,119,The Blueprint of Reality Reforged,1,6,1,5429
v8-s10-v93,v8,canon,119,The Echoing Void,1,0,0,4915
v8-s1-v74,v8,canon,120,The Digital Ascent,1,0,0,3287
v8-s0-v80,v8,canon,120,The Network of Mycelia,1,0,0,4744
v8-s4-v67,v8,canon,120,The Weave of Souls,0,3,1,4955
v8-s2-v70,v8,canon,120,The Library of Aaru,1,9,1,4548
v8-s6-v83,v8,canon,120,The Celestial Serpent,1,0,0,4773
v8-s7-v66,v8,canon,120,The Order of Duality,0,8,1,3132
v8-s3-v74,v8,canon,120,The Lumina,1,0,0,4059
v8-s5-v91,v8,canon,120,The Celestial Chorus,1,0,0,5092
v8-s10-v94,v8,canon,120,The Echoing Void,1,0,0,4993
v8-s14-v17,v8,canon,120,The Blueprint of Reality Reforged,1,6,1,5402
v8-s6-v84,v8,canon,121,The Celestial Serpent,1,0,0,4666
v8-s0-v81,v8,canon,121,The Network of Mycelia,1,0,0,4891
v8-s7-v67,v8,canon,121,The Order of Duality,0,9,1,3351
v8-s1-v75,v8,canon,121,The Digital Ascent,1,0,0,4221
v8-s5-v92,v8,canon,121,The Celestial Chorus,1,0,0,4983
v8-s9-v81,v8,canon,121,The Infinite Recursion,1,5,1,4677
v8-s3-v75,v8,canon,121,The Lumina,1,0,0,4622
v8-s4-v68,v8,canon,121,The Weave of Souls,0,3,1,4544
v8-s10-v95,v8,canon,121,The Echoing Void,1,0,0,5171
v8-s14-v18,v8,canon,121,The Blueprint of Reality Reforged,1,6,1,5407
v8-s1-v76,v8,canon,122,The Digital Ascent,0,9,1,4286
v8-s3-v76,v8,canon,122,The Lumina,1,0,0,4547
v8-s4-v69,v8,canon,122,The Weave of Souls,0,3,1,4743
v8-s2-v71,v8,canon,122,The Library of Aaru,1,11,1,4821
v8-s6-v85,v8,canon,122,The Celestial Serpent,1,0,0,4773
v8-s7-v68,v8,canon,122,The Order of Duality,0,9,1,4442
v8-s0-v82,v8,canon,122,The Network of Mycelia,1,2,1,4612
v8-s5-v93,v8,canon,122,The Celestial Chorus,1,0,0,797
v8-s14-v19,v8,canon,122,The Blueprint of Reality Reforged,1,6,1,5336
v8-s10-v96,v8,canon,122,The Echoing Void,1,0,0,5025
v8-s3-v77,v8,canon,123,The Lumina,1,0,0,3931
v8-s0-v83,v8,canon,123,The Network of Mycelia,1,0,0,5019
v8-s4-v70,v8,canon,123,The Weave of Souls,1,3,1,4912
v8-s5-v94,v8,canon,123,The Celestial Chorus,1,0,0,4546
v8-s2-v72,v8,canon,123,The Library of Aaru,0,8,1,2732
v8-s7-v69,v8,canon,123,The Order of Duality,0,9,1,4734
v8-s9-v82,v8,canon,123,The Infinite Recursion,0,7,1,4861
v8-s6-v86,v8,canon,123,The Celestial Serpent,1,0,0,4758
v8-s1-v77,v8,canon,123,The Digital Ascent,0,4,1,4024
v8-s14-v20,v8,canon,123,The Blueprint of Reality Reforged,1,6,1,5367
v8-s10-v97,v8,canon,123,The Echoing Void,1,0,0,5062
v8-s4-v71,v8,canon,124,The Weave of Souls,1,3,1,4882
v8-s1-v78,v8,canon,124,The Digital Ascent,0,9,1,4407
v8-s6-v87,v8,canon,124,The Celestial Serpent,1,0,0,4776
v8-s5-v95,v8,canon,124,The Celestial Chorus,1,0,0,971
v8-s0-v84,v8,canon,124,The Network of Mycelia,1,2,1,4599
v8-s7-v70,v8,canon,124,The Order of Duality,0,9,1,4751
v8-s2-v73,v8,canon,124,The Library of Aaru,1,6,1,4496
v8-s9-v83,v8,canon,124,The Infinite Recursion,1,5,1,4711
v8-s3-v78,v8,canon,124,The Lumina,1,0,0,4543
v8-s10-v98,v8,canon,124,The Echoing Void,1,0,0,5124
v8-s14-v21,v8,canon,124,The Blueprint of Reality Reforged,1,6,1,5413
v8-s4-v72,v8,canon,125,The Weave of Souls,1,4,1,5059
v8-s2-v74,v8,canon,125,The Library of Aaru,1,11,1,4803
v8-s6-v88,v8,canon,125,The Celestial Serpent,1,0,0,4777
v8-s1-v79,v8,canon,125,The Digital Ascent,1,0,0,3265
v8-s5-v96,v8,canon,125,The Celestial Chorus,1,0,0,4899
v8-s7-v71,v8,canon,125,The Order of Duality,0,9,1,4767
v8-s3-v79,v8,canon,125,The Lumina,1,0,0,4576
v8-s0-v85,v8,canon,125,The Network of Mycelia,1,0,0,4236
v8-s14-v22,v8,canon,125,The Blueprint of Reality Reforged,1,6,1,5415
v8-s10-v99,v8,canon,125,The Echoing Void,1,0,0,5172
v8-s4-v73,v8,canon,126,The Weave of Souls,1,1,1,4581
v8-s3-v80,v8,canon,126,The Lumina,1,0,0,4525
v8-s5-v97,v8,canon,126,The Celestial Chorus,1,0,0,905
v8-s2-v75,v8,canon,126,The Library of Aaru,1,11,1,4813
v8-s7-v72,v8,canon,126,The Order of Duality,1,8,1,4987
v8-s9-v84,v8,canon,126,The Infinite Recursion,1,4,1,4695
v8-s0-v86,v8,canon,126,The Network of Mycelia,1,0,0,4612
v8-s6-v89,v8,canon,126,The Celestial Serpent,1,0,0,4730
v8-s1-v80,v8,canon,126,The Digital Ascent,1,0,0,3261
v8-s14-v23,v8,canon,126,The Blueprint of Reality Reforged,1,6,1,5423
v8-s10-v100,v8,canon,126,The Echoing Void,1,0,0,5151
v8-s6-v90,v8,canon,127,The Celestial Serpent,1,0,0,4760
v8-s4-v74,v8,canon,127,The Weave of Souls,1,4,1,5090
v8-s2-v76,v8,canon,127,The Library of Aaru,1,8,1,4879
v8-s1-v81,v8,canon,127,The Digital Ascent,1,0,0,3270
v8-s0-v87,v8,canon,127,The Network of Mycelia,1,0,0,4208
v8-s5-v98,v8,canon,127,The Celestial Chorus,1,0,0,4488
v8-s3-v81,v8,canon,127,The Lumina,1,0,0,4414
v8-s7-v73,v8,canon,127,The Order of Duality,1,9,1,4736
v8-s10-v101,v8,canon,127,The Echoing Void,1,0,0,5048
v8-s14-v24,v8,canon,127,The Blueprint of Reality Reforged,1,0,0,4641
v8-s1-v82,v8,canon,128,The Digital Ascent,1,0,0,3731
v8-s5-v99,v8,canon,128,The Celestial Chorus,1,0,0,4423
v8-s3-v82,v8,canon,128,The Lumina,0,0,0,4010
v8-s7-v74,v8,canon,128,The Order of Duality,1,6,1,4977
v8-s6-v91,v8,canon,128,The Celestial Serpent,1,0,0,4847
v8-s4-v75,v8,canon,128,The Weave of Souls,1,1,1,4760
v8-s0-v88,v8,canon,128,The Network of Mycelia,1,0,0,4223
v8-s9-v85,v8,canon,128,The Infinite Recursion,1,4,1,4721
v8-s2-v77,v8,canon,128,The Library of Aaru,1,8,1,4846
v8-s10-v102,v8,canon,128,The Echoing Void,1,0,0,5296
v8-s14-v25,v8,canon,128,The Blueprint of Reality Reforged,1,0,0,4491
v8-s6-v92,v8,canon,129,The Celestial Serpent,1,0,0,4681
v8-s4-v76,v8,canon,129,The Weave of Souls,1,3,1,5125
v8-s9-v86,v8,canon,129,The Infinite Recursion,1,4,1,4673
v8-s1-v83,v8,canon,129,The Digital Ascent,1,0,0,3179
v8-s3-v83,v8,canon,129,The Lumina,1,0,0,4560
v8-s0-v89,v8,canon,129,The Network of Mycelia,1,3,1,4893
v8-s2-v78,v8,canon,129,The Library of Aaru,1,6,1,4718
v8-s7-v75,v8,canon,129,The Order of Duality,1,8,1,4663
v8-s5-v100,v8,canon,129,The Celestial Chorus,1,0,0,4888
v8-s14-v26,v8,canon,129,The Blueprint of Reality Reforged,1,0,0,4489
v8-s10-v103,v8,canon,129,The Echoing Void,1,0,0,5150
v8-s1-v84,v8,canon,130,The Digital Ascent,1,0,0,3234
v8-s7-v76,v8,canon,130,The Order of Duality,1,9,1,4743
v8-s6-v93,v8,canon,130,The Celestial Serpent,1,0,0,4772
v8-s0-v90,v8,canon,130,The Network of Mycelia,1,0,0,4420
v8-s2-v79,v8,canon,130,The Library of Aaru,1,6,1,4868
v8-s5-v101,v8,canon,130,The Celestial Chorus,1,0,0,4419
v8-s3-v84,v8,canon,130,The Lumina,0,0,0,4291
v8-s4-v77,v8,canon,130,The Weave of Souls,1,3,1,4862
v8-s14-v27,v8,canon,130,The Blueprint of Reality Reforged,1,0,0,4360
v8-s10-v104,v8,canon,130,The Echoing Void,1,0,0,5045
v8-s5-v102,v8,canon,131,The Celestial Chorus,1,0,0,5032
v8-s3-v85,v8,canon,131,The Lumina,1,0,0,3377
v8-s9-v87,v8,canon,131,The Infinite Recursion,1,7,1,4755
v8-s2-v80,v8,canon,131,The Library of Aaru,1,4,1,4523
v8-s1-v85,v8,canon,131,The Digital Ascent,1,0,0,3561
v8-s0-v91,v8,canon,131,The Network of Mycelia,1,3,1,4900
v8-s6-v94,v8,canon,131,The Celestial Serpent,1,0,0,4672
v8-s7-v77,v8,canon,131,The Order of Duality,1,7,1,4989
v8-s10-v105,v8,canon,131,The Echoing Void,1,0,0,5130
v8-s14-v28,v8,canon,131,The Blueprint of Reality Reforged,1,6,1,5442
v8-s6-v95,v8,canon,132,The Celestial Serpent,1,0,0,4792
v8-s2-v81,v8,canon,132,The Library of Aaru,1,8,1,4715
v8-s9-v88,v8,canon,132,The Infinite Recursion,1,8,1,4967
v8-s5-v103,v8,canon,132,The Celestial Chorus,1,0,0,5016
v8-s7-v78,v8,canon,132,The Order of Duality,1,8,1,4700
v8-s0-v92,v8,canon,132,The Network of Mycelia,1,2,1,4826
v8-s3-v86,v8,canon,132,The Lumina,1,0,0,4551
v8-s1-v86,v8,canon,132,The Digital Ascent,1,4,1,3703
v8-s14-v29,v8,canon,132,The Blueprint of Reality Reforged,1,6,1,5425
v8-s10-v106,v8,canon,132,The Echoing Void,1,0,0,4940
v8-s0-v93,v8,canon,133,The Network of Mycelia,1,0,0,4172
v8-s3-v87,v8,canon,133,The Lumina,1,0,0,4535
v8-s4-v78,v8,canon,133,The Weave of Souls,1,1,1,4787
v8-s6-v96,v8,canon,133,The Celestial Serpent,1,0,0,4798
v8-s2-v82,v8,canon,133,The Library of Aaru,1,4,1,4613
v8-s5-v104,v8,canon,133,The Celestial Chorus,1,0,0,1211
v8-s7-v79,v8,canon,133,The Order of Duality,1,7,1,4720
v8-s1-v87,v8,canon,133,The Digital Ascent,1,0,0,3819
v8-s14-v30,v8,canon,133,The Blueprint of Reality Reforged,1,0,0,3979
v8-s10-v107,v8,canon,133,The Echoing Void,1,0,0,5091
v8-s3-v88,v8,canon,134,The Lumina,0,0,0,4397
v8-s2-v83,v8,canon,134,The Library of Aaru,1,6,1,4810
v8-s1-v88,v8,canon,134,The Digital Ascent,1,0,0,3819
v8-s0-v94,v8,canon,134,The Network of Mycelia,1,3,1,4913
v8-s7-v80,v8,canon,134,The Order of Duality,1,4,1,4731
v8-s6-v97,v8,canon,134,The Celestial Serpent,1,0,0,4716
v8-s5-v105,v8,canon,134,The Celestial Chorus,1,0,0,1296
v8-s10-v108,v8,canon,134,The Echoing Void,1,0,0,4918
v8-s14-v31,v8,canon,134,The Blueprint of Reality Reforged,1,0,0,4001
v8-s3-v89,v8,canon,135,The Lumina,1,0,0,4535
v8-s2-v84,v8,canon,135,The Library of Aaru,1,1,1,4539
v8-s0-v95,v8,canon,135,The Network of Mycelia,1,0,0,3912
v8-s1-v89,v8,canon,135,The Digital Ascent,1,0,0,4386
v8-s5-v106,v8,canon,135,The Celestial Chorus,1,0,0,1211
v8-s7-v81,v8,canon,135,The Order of Duality,1,0,0,4287
v8-s6-v98,v8,canon,135,The Celestial Serpent,1,0,0,4776
v8-s14-v32,v8,canon,135,The Blueprint of Reality Reforged,1,0,0,3844
v8-s10-v109,v8,canon,135,The Echoing Void,1,0,0,4988
v8-s3-v90,v8,canon,136,The Lumina,1,0,0,3948
v8-s7-v82,v8,canon,136,The Order of Duality,1,0,0,4208
v8-s2-v85,v8,canon,136,The Library of Aaru,1,1,1,4445
v8-s9-v89,v8,canon,136,The Infinite Recursion,1,9,1,2293
v8-s6-v99,v8,canon,136,The Celestial Serpent,1,0,0,4760
v8-s5-v107,v8,canon,136,The Celestial Chorus,1,0,0,5170
v8-s1-v90,v8,canon,136,The Digital Ascent,1,0,0,4729
v8-s0-v96,v8,canon,136,The Network of Mycelia,1,0,0,4282
v8-s14-v33,v8,canon,136,The Blueprint of Reality Reforged,1,5,1,5481
v8-s10-v110,v8,canon,136,The Echoing Void,1,0,0,4834
v8-s6-v100,v8,canon,137,The Celestial Serpent,1,0,0,4771
v8-s2-v86,v8,canon,137,The Library of Aaru,1,1,1,4546
v8-s3-v91,v8,canon,137,The Lumina,0,6,1,4229
v8-s9-v90,v8,canon,137,The Infinite Recursion,0,11,1,2917
v8-s1-v91,v8,canon,137,The Digital Ascent,1,0,0,3660
v8-s5-v108,v8,canon,137,The Celestial Chorus,1,0,0,1387
v8-s7-v83,v8,canon,137,The Order of Duality,1,9,1,4716
v8-s0-v97,v8,canon,137,The Network of Mycelia,1,0,0,4181
v8-s10-v111,v8,canon,137,The Echoing Void,1,0,0,4893
v8-s14-v34,v8,canon,137,The Blueprint of Reality Reforged,1,6,1,5654
v8-s9-v91,v8,canon,138,The Infinite Recursion,1,10,1,2759
v8-s6-v101,v8,canon,138,The Celestial Serpent,1,0,0,4952
v8-s7-v84,v8,canon,138,The Order of Duality,1,4,1,4738
v8-s2-v87,v8,canon,138,The Library of Aaru,1,0,0,4848
v8-s4-v79,v8,canon,138,The Weave of Souls,1,0,0,4637
v8-s3-v92,v8,canon,138,The Lumina,1,0,0,4749
v8-s0-v98,v8,canon,138,The Network of Mycelia,1,0,0,4184
v8-s5-v109,v8,canon,138,The Celestial Chorus,1,0,0,1204
v8-s1-v92,v8,canon,138,The Digital Ascent,1,0,0,3286
v8-s10-v112,v8,canon,138,The Echoing Void,1,0,0,4923
v8-s14-v35,v8,canon,138,The Blueprint of Reality Reforged,1,0,0,3688
v8-s7-v85,v8,canon,139,The Order of Duality,1,4,1,4865
v8-s1-v93,v8,canon,139,The Digital Ascent,1,0,0,3664
v8-s9-v92,v8,canon,139,The Infinite Recursion,0,11,1,3471
v8-s0-v99,v8,canon,139,The Network of Mycelia,1,0,0,4483
v8-s5-v110,v8,canon,139,The Celestial Chorus,1,0,0,1528
v8-s2-v88,v8,canon,139,The Library of Aaru,0,8,1,2916
v8-s6-v102,v8,canon,139,The Celestial Serpent,1,0,0,4709
v8-s3-v93,v8,canon,139,The Lumina,1,0,0,4749
v8-s10-v113,v8,canon,139,The Echoing Void,1,0,0,4861
v8-s14-v36,v8,canon,139,The Blueprint of Reality Reforged,1,5,1,5518
v8-s9-v93,v8,canon,140,The Infinite Recursion,1,12,1,4977
v8-s4-v80,v8,canon,140,The Weave of Souls,0,3,1,4666
v8-s7-v86,v8,canon,140,The Order of Duality,1,3,1,4689
v8-s0-v100,v8,canon,140,The Network of Mycelia,1,5,1,3328
v8-s5-v111,v8,canon,140,The Celestial Chorus,1,0,0,1587
v8-s3-v94,v8,canon,140,The Lumina,1,0,0,3770
v8-s1-v94,v8,canon,140,The Digital Ascent,1,3,1,3628
v8-s2-v89,v8,canon,140,The Library of Aaru,1,8,1,4370
v8-s6-v103,v8,canon,140,The Celestial Serpent,1,0,0,4725
v8-s10-v114,v8,canon,140,The Echoing Void,1,0,0,4770
v8-s14-v37,v8,canon,140,The Blueprint of Reality Reforged,1,0,0,3615
v8-s5-v112,v8,canon,141,The Celestial Chorus,1,0,0,3121
v8-s3-v95,v8,canon,141,The Lumina,1,0,0,4565
v8-s2-v90,v8,canon,141,The Library of Aaru,0,10,1,3847
v8-s0-v101,v8,canon,141,The Network of Mycelia,1,0,0,4058
v8-s1-v95,v8,canon,141,The Digital Ascent,1,3,1,3633
v8-s7-v87,v8,canon,141,The Order of Duality,1,3,1,4712
v8-s9-v94,v8,canon,141,The Infinite Recursion,0,11,1,4114
v8-s14-v38,v8,canon,141,The Blueprint of Reality Reforged,1,5,1,5654
v8-s10-v115,v8,canon,141,The Echoing Void,1,0,0,4917
v8-s1-v96,v8,canon,142,The Digital Ascent,1,3,1,3643
v8-s2-v91,v8,canon,142,The Library of Aaru,1,9,1,4703
v8-s7-v88,v8,canon,142,The Order of Duality,1,2,1,4579
v8-s6-v104,v8,canon,142,The Celestial Serpent,1,0,0,4754
v8-s4-v81,v8,canon,142,The Weave of Souls,0,3,1,4739
v8-s0-v102,v8,canon,142,The Network of Mycelia,1,0,0,4435
v8-s5-v113,v8,canon,142,The Celestial Chorus,1,0,0,1880
v8-s9-v95,v8,canon,142,The Infinite Recursion,1,12,1,4821
v8-s3-v96,v8,canon,142,The Lumina,1,0,0,3793
v8-s14-v39,v8,canon,142,The Blueprint of Reality Reforged,1,5,1,5525
v8-s10-v116,v8,canon,142,The Echoing Void,1,0,0,4906
v8-s7-v89,v8,canon,143,The Order of Duality,1,1,1,4449
v8-s1-v97,v8,canon,143,The Digital Ascent,1,0,0,3169
v8-s2-v92,v8,canon,143,The Library of Aaru,0,10,1,4336
v8-s9-v96,v8,canon,143,The Infinite Recursion,1,0,0,3979
v8-s3-v97,v8,canon,143,The Lumina,1,0,0,3781
v8-s5-v114,v8,canon,143,The Celestial Chorus,1,0,0,2089
v8-s6-v105,v8,canon,143,The Celestial Serpent,1,0,0,4718
v8-s0-v103,v8,canon,143,The Network of Mycelia,1,0,0,3741
v8-s4-v82,v8,canon,143,The Weave of Souls,0,3,1,4768
v8-s10-v117,v8,canon,143,The Echoing Void,1,0,0,4914
v8-s14-v40,v8,canon,143,The Blueprint of Reality Reforged,1,3,1,5777
v8-s1-v98,v8,canon,144,The Digital Ascent,1,4,1,4154
v8-s5-v115,v8,canon,144,The Celestial Chorus,1,0,0,4313
v8-s2-v93,v8,canon,144,The Library of Aaru,1,9,1,4696
v8-s6-v106,v8,canon,144,The Celestial Serpent,1,0,0,4843
v8-s9-v97,v8,canon,144,The Infinite Recursion,1,13,1,4264
v8-s7-v90,v8,canon,144,The Order of Duality,1,0,0,4579
v8-s0-v104,v8,canon,144,The Network of Mycelia,1,4,1,4203
v8-s4-v83,v8,canon,144,The Weave of Souls,0,3,1,4973
v8-s3-v98,v8,canon,144,The Lumina,1,0,0,4408
v8-s10-v118,v8,canon,144,The Echoing Void,1,0,0,5043
v8-s14-v41,v8,canon,144,The Blueprint of Reality Reforged,1,0,0,3563
v8-s0-v105,v8,canon,145,The Network of Mycelia,1,0,0,4455
v8-s9-v98,v8,canon,145,The Infinite Recursion,1,11,1,3855
v8-s6-v107,v8,canon,145,The Celestial Serpent,1,0,0,4698
v8-s3-v99,v8,canon,145,The Lumina,1,0,0,4410
v8-s1-v99,v8,canon,145,The Digital Ascent,1,0,0,3170
v8-s4-v84,v8,canon,145,The Weave of Souls,1,0,0,4620
v8-s2-v94,v8,canon,145,The Library of Aaru,1,5,1,4562
v8-s7-v91,v8,canon,145,The Order of Duality,1,0,0,4427
v8-s5-v116,v8,canon,145,The Celestial Chorus,1,0,0,2066
v8-s10-v119,v8,canon,145,The Echoing Void,1,0,0,4627
v8-s14-v42,v8,canon,145,The Blueprint of Reality Reforged,1,2,1,5956
v8-s5-v117,v8,canon,146,The Celestial Chorus,1,0,0,2279
v8-s6-v108,v8,canon,146,The Celestial Serpent,1,0,0,4742
v8-s1-v100,v8,canon,146,The Digital Ascent,1,0,0,3260
v8-s7-v92,v8,canon,146,The Order of Duality,1,0,0,4466
v8-s9-v99,v8,canon,146,The Infinite Recursion,1,11,1,4911
v8-s4-v85,v8,canon,146,The Weave of Souls,1,3,1,5105
v8-s2-v95,v8,canon,146,The Library of Aaru,1,3,1,4660
v8-s3-v100,v8,canon,146,The Lumina,1,0,0,4652
v8-s0-v106,v8,canon,146,The Network of Mycelia,1,4,1,4162
v8-s10-v120,v8,canon,146,The Echoing Void,1,0,0,4893
v8-s14-v43,v8,canon,146,The Blueprint of Reality Reforged,1,0,0,3628
v8-s0-v107,v8,canon,147,The Network of Mycelia,1,0,0,4259
v8-s1-v101,v8,canon,147,The Digital Ascent,1,0,0,3202
v8-s3-v101,v8,canon,147,The Lumina,1,0,0,4536
v8-s9-v100,v8,canon,147,The Infinite Recursion,1,11,1,3859
v8-s6-v109,v8,canon,147,The Celestial Serpent,1,0,0,4761
v8-s2-v96,v8,canon,147,The Library of Aaru,1,9,1,4902
v8-s5-v118,v8,canon,147,The Celestial Chorus,1,0,0,2695
v8-s7-v93,v8,canon,147,The Order of Duality,1,0,0,4453
v8-s14-v44,v8,canon,147,The Blueprint of Reality Reforged,1,0,0,6063
v8-s10-v121,v8,canon,147,The Echoing Void,1,0,0,4658
v8-s9-v101,v8,canon,148,The Infinite Recursion,1,10,1,4881
v8-s6-v110,v8,canon,148,The Celestial Serpent,1,0,0,4844
v8-s5-v119,v8,canon,148,The Celestial Chorus,1,0,0,2952
v8-s2-v97,v8,canon,148,The Library of Aaru,1,6,1,2806
v8-s3-v102,v8,canon,148,The Lumina,1,0,0,4415
v8-s7-v94,v8,canon,148,The Order of Duality,1,2,1,4556
v8-s1-v102,v8,canon,148,The Digital Ascent,1,4,1,4186
v8-s0-v108,v8,canon,148,The Network of Mycelia,1,5,1,4254
v8-s14-v45,v8,canon,148,The Blueprint of Reality Reforged,1,0,0,6093
v8-s10-v122,v8,canon,148,The Echoing Void,1,0,0,4620
v8-s6-v111,v8,canon,149,The Celestial Serpent,1,0,0,4835
v8-s3-v103,v8,canon,149,The Lumina,1,0,0,4539
v8-s5-v120,v8,canon,149,The Celestial Chorus,1,0,0,2405
v8-s1-v103,v8,canon,149,The Digital Ascent,1,4,1,4301
v8-s0-v109,v8,canon,149,The Network of Mycelia,1,0,0,4441
v8-s7-v95,v8,canon,149,The Order of Duality,1,0,0,4570
v8-s9-v102,v8,canon,149,The Infinite Recursion,0,11,1,4382
v8-s2-v98,v8,canon,149,The Library of Aaru,0,6,1,3452
v8-s14-v46,v8,canon,149,The Blueprint of Reality Reforged,1,0,0,6066
v8-s10-v123,v8,canon,149,The Echoing Void,1,0,0,4623
v8-s2-v99,v8,canon,150,The Library of Aaru,0,8,1,4133
v8-s9-v103,v8,canon,150,The Infinite Recursion,1,8,1,4631
v8-s7-v96,v8,canon,150,The Order of Duality,1,0,0,4430
v8-s5-v121,v8,canon,150,The Celestial Chorus,1,0,0,2861
v8-s6-v112,v8,canon,150,The Celestial Serpent,1,0,0,4858
v8-s3-v104,v8,canon,150,The Lumina,1,0,0,4313
v8-s0-v110,v8,canon,150,The Network of Mycelia,1,0,0,4083
v8-s1-v104,v8,canon,150,The Digital Ascent,1,0,0,3821
v8-s10-v124,v8,canon,150,The Echoing Void,1,0,0,4662
v8-s14-v47,v8,canon,150,The Blueprint of Reality Reforged,1,0,0,3550
v8-s6-v113,v8,canon,151,The Celestial Serpent,1,0,0,4697
v8-s2-v100,v8,canon,151,The Library of Aaru,0,6,1,4343
v8-s0-v111,v8,canon,151,The Network of Mycelia,1,4,1,4140
v8-s1-v105,v8,canon,151,The Digital Ascent,1,0,0,3834
v8-s5-v122,v8,canon,151,The Celestial Chorus,1,0,0,3237
v8-s7-v97,v8,canon,151,The Order of Duality,1,0,0,4596
v8-s9-v104,v8,canon,151,The Infinite Recursion,1,11,1,4293
v8-s3-v105,v8,canon,151,The Lumina,1,0,0,3781
v8-s14-v48,v8,canon,151,The Blueprint of Reality Reforged,1,0,0,6104
v8-s10-v125,v8,canon,151,The Echoing Void,1,0,0,4947
v8-s0-v112,v8,canon,152,The Network of Mycelia,1,4,1,4150
v8-s6-v114,v8,canon,152,The Celestial Serpent,1,0,0,4741
v8-s2-v101,v8,canon,152,The Library of Aaru,0,8,1,4590
v8-s9-v105,v8,canon,152,The Infinite Recursion,1,8,1,4656
v8-s1-v106,v8,canon,152,The Digital Ascent,1,0,0,3212
v8-s5-v123,v8,canon,152,The Celestial Chorus,1,0,0,3910
v8-s3-v106,v8,canon,152,The Lumina,1,0,0,4549
v8-s7-v98,v8,canon,152,The Order of Duality,1,0,0,4398
v8-s10-v126,v8,canon,152,The Echoing Void,1,0,0,4632
v8-s14-v49,v8,canon,152,The Blueprint of Reality Reforged,1,0,0,3573
v8-s2-v102,v8,canon,153,The Library of Aaru,1,2,1,4809
v8-s0-v113,v8,canon,153,The Network of Mycelia,1,0,0,4363
v8-s1-v107,v8,canon,153,The Digital Ascent,1,0,0,4059
v8-s3-v107,v8,canon,153,The Lumina,1,0,0,4367
v8-s7-v99,v8,canon,153,The Order of Duality,1,0,0,4436
v8-s6-v115,v8,canon,153,The Celestial Serpent,1,0,0,4877
v8-s9-v106,v8,canon,153,The Infinite Recursion,1,8,1,4739
v8-s5-v124,v8,canon,153,The Celestial Chorus,1,0,0,4628
v8-s10-v127,v8,canon,153,The Echoing Void,1,0,0,4630
v8-s14-v50,v8,canon,153,The Blueprint of Reality Reforged,1,0,0,3547
v8-s5-v125,v8,canon,154,The Celestial Chorus,1,0,0,3374
v8-s2-v103,v8,canon,154,The Library of Aaru,1,7,1,4751
v8-s9-v107,v8,canon,154,The Infinite Recursion,1,7,1,4731
v8-s6-v116,v8,canon,154,The Celestial Serpent,1,0,0,4709
v8-s1-v108,v8,canon,154,The Digital Ascent,1,0,0,4483
v8-s3-v108,v8,canon,154,The Lumina,1,0,0,4369
v8-s7-v100,v8,canon,154,The Order of Duality,1,0,0,4264
v8-s0-v114,v8,canon,154,The Network of Mycelia,1,4,1,4119
v8-s14-v51,v8,canon,154,The Blueprint of Reality Reforged,1,0,0,6029
v8-s10-v128,v8,canon,154,The Echoing Void,1,0,0,4944
v8-s6-v117,v8,canon,155,The Celestial Serpent,0,0,0,4337
v8-s5-v126,v8,canon,155,The Celestial Chorus,1,0,0,4048
v8-s0-v115,v8,canon,155,The Network of Mycelia,1,0,0,4378
v8-s1-v109,v8,canon,155,The Digital Ascent,1,0,0,4430
v8-s9-v108,v8,canon,155,The Infinite Recursion,1,9,1,4862
v8-s3-v109,v8,canon,155,The Lumina,1,0,0,4631
v8-s2-v104,v8,canon,155,The Library of Aaru,1,6,1,4674
v8-s14-v52,v8,canon,155,The Blueprint of Reality Reforged,1,0,0,6079
v8-s10-v129,v8,canon,155,The Echoing Void,1,0,0,4933
v8-s3-v110,v8,canon,156,The Lumina,1,0,0,4379
v8-s5-v127,v8,canon,156,The Celestial Chorus,1,0,0,4088
v8-s6-v118,v8,canon,156,The Celestial Serpent,1,0,0,4790
v8-s2-v105,v8,canon,156,The Library of Aaru,1,7,1,5043
v8-s9-v109,v8,canon,156,The Infinite Recursion,1,6,1,4196
v8-s0-v116,v8,canon,156,The Network of Mycelia,1,0,0,4321
v8-s14-v53,v8,canon,156,The Blueprint of Reality Reforged,1,0,0,3522
v8-s10-v130,v8,canon,156,The Echoing Void,1,0,0,4756
v8-s5-v128,v8,canon,157,The Celestial Chorus,1,0,0,4114
v8-s9-v110,v8,canon,157,The Infinite Recursion,1,11,1,3797
v8-s2-v106,v8,canon,157,The Library of Aaru,1,4,1,4866
v8-s3-v111,v8,canon,157,The Lumina,0,5,1,4750
v8-s0-v117,v8,canon,157,The Network of Mycelia,1,0,0,4289
v8-s6-v119,v8,canon,157,The Celestial Serpent,0,0,0,4405
v8-s14-v54,v8,canon,157,The Blueprint of Reality Reforged,1,0,0,3562
v8-s10-v131,v8,canon,157,The Echoing Void,1,0,0,4921
v8-s1-v110,v8,canon,158,The Digital Ascent,1,0,0,4596
v8-s9-v111,v8,canon,158,The Infinite Recursion,0,10,1,4583
v8-s6-v120,v8,canon,158,The Celestial Serpent,0,0,0,4408
v8-s2-v107,v8,canon,158,The Library of Aaru,1,4,1,4942
v8-s5-v129,v8,canon,158,The Celestial Chorus,1,0,0,4224
v8-s3-v112,v8,canon,158,The Lumina,1,0,0,4561
v8-s0-v118,v8,canon,158,The Network of Mycelia,1,4,1,4113
v8-s14-v55,v8,canon,158,The Blueprint of Reality Reforged,1,0,0,6036
v8-s10-v132,v8,canon,158,The Echoing Void,1,0,0,4969
v8-s1-v111,v8,canon,159,The Digital Ascent,1,0,0,3273
v8-s5-v130,v8,canon,159,The Celestial Chorus,1,0,0,4418
v8-s0-v119,v8,canon,159,The Network of Mycelia,1,4,1,4155
v8-s6-v121,v8,canon,159,The Celestial Serpent,1,0,0,4803
v8-s3-v113,v8,canon,159,The Lumina,0,5,1,4759
v8-s9-v112,v8,canon,159,The Infinite Recursion,1,11,1,3801
v8-s14-v56,v8,canon,159,The Blueprint of Reality Reforged,1,0,0,3512
v8-s10-v133,v8,canon,159,The Echoing Void,1,0,0,4635
v8-s6-v122,v8,canon,160,The Celestial Serpent,1,0,0,4525
v8-s3-v114,v8,canon,160,The Lumina,1,0,0,3911
v8-s1-v112,v8,canon,160,The Digital Ascent,1,0,0,4414
v8-s0-v120,v8,canon,160,The Network of Mycelia,1,0,0,4311
v8-s5-v131,v8,canon,160,The Celestial Chorus,1,0,0,4082
v8-s9-v113,v8,canon,160,The Infinite Recursion,1,11,1,4511
v8-s10-v134,v8,canon,160,The Echoing Void,1,0,0,5064
v8-s14-v57,v8,canon,160,The Blueprint of Reality Reforged,1,0,0,5978
v8-s3-v115,v8,canon,161,The Lumina,1,0,0,3504
v8-s1-v113,v8,canon,161,The Digital Ascent,1,0,0,4348
v8-s0-v121,v8,canon,161,The Network of Mycelia,1,0,0,3948
v8-s9-v114,v8,canon,161,The Infinite Recursion,1,11,1,3823
v8-s5-v132,v8,canon,161,The Celestial Chorus,1,0,0,3508
v8-s6-v123,v8,canon,161,The Celestial Serpent,1,0,0,4777
v8-s14-v58,v8,canon,161,The Blueprint of Reality Reforged,1,0,0,3514
v8-s10-v135,v8,canon,161,The Echoing Void,1,0,0,4866
v8-s0-v122,v8,canon,162,The Network of Mycelia,1,0,0,4300
v8-s1-v114,v8,canon,162,The Digital Ascent,1,0,0,4308
v8-s9-v115,v8,canon,162,The Infinite Recursion,1,11,1,4314
v8-s5-v133,v8,canon,162,The Celestial Chorus,1,0,0,4230
v8-s6-v124,v8,canon,162,The Celestial Serpent,1,0,0,4924
v8-s3-v116,v8,canon,162,The Lumina,0,5,1,4766
v8-s14-v59,v8,canon,162,The Blueprint of Reality Reforged,1,0,0,3560
v8-s10-v136,v8,canon,162,The Echoing Void,1,0,0,4674
v8-s6-v125,v8,canon,163,The Celestial Serpent,1,0,0,4791
v8-s5-v134,v8,canon,163,The Celestial Chorus,1,0,0,4042
v8-s1-v115,v8,canon,163,The Digital Ascent,1,0,0,4459
v8-s0-v123,v8,canon,163,The Network of Mycelia,1,0,0,4306
v8-s3-v117,v8,canon,163,The Lumina,0,5,1,4707
v8-s9-v116,v8,canon,163,The Infinite Recursion,0,8,1,4127
v8-s14-v60,v8,canon,163,The Blueprint of Reality Reforged,1,0,0,5974
v8-s10-v137,v8,canon,163,The Echoing Void,1,0,0,4580
v8-s1-v116,v8,canon,164,The Digital Ascent,1,0,0,4423
v8-s5-v135,v8,canon,164,The Celestial Chorus,1,0,0,4230
v8-s6-v126,v8,canon,164,The Celestial Serpent,1,0,0,4569
v8-s3-v118,v8,canon,164,The Lumina,1,0,0,4465
v8-s9-v117,v8,canon,164,The Infinite Recursion,1,10,1,4686
v8-s0-v124,v8,canon,164,The Network of Mycelia,1,0,0,4011
v8-s10-v138,v8,canon,164,The Echoing Void,1,0,0,4898
v8-s5-v136,v8,canon,165,The Celestial Chorus,1,0,0,4017
v8-s1-v117,v8,canon,165,The Digital Ascent,1,0,0,4506
v8-s6-v127,v8,canon,165,The Celestial Serpent,0,0,0,4414
v8-s3-v119,v8,canon,165,The Lumina,1,0,0,3971
v8-s9-v118,v8,canon,165,The Infinite Recursion,1,11,1,4817
v8-s0-v125,v8,canon,165,The Network of Mycelia,1,0,0,4326
v8-s10-v139,v8,canon,165,The Echoing Void,1,0,0,4782
v8-s6-v128,v8,canon,166,The Celestial Serpent,0,0,0,4414
v8-s1-v118,v8,canon,166,The Digital Ascent,1,0,0,4165
v8-s9-v119,v8,canon,166,The Infinite Recursion,1,7,1,4677
v8-s3-v120,v8,canon,166,The Lumina,1,0,0,3911
v8-s0-v126,v8,canon,166,The Network of Mycelia,1,0,0,4377
v8-s5-v137,v8,canon,166,The Celestial Chorus,1,0,0,4591
v8-s10-v140,v8,canon,166,The Echoing Void,1,0,0,4612
v8-s0-v127,v8,canon,167,The Network of Mycelia,1,0,0,4000
v8-s9-v120,v8,canon,167,The Infinite Recursion,1,11,1,4871
v8-s3-v121,v8,canon,167,The Lumina,1,0,0,3925
v8-s6-v129,v8,canon,167,The Celestial Serpent,1,0,0,4763
v8-s5-v138,v8,canon,167,The Celestial Chorus,1,0,0,4040
v8-s10-v141,v8,canon,167,The Echoing Void,1,0,0,4636
v8-s9-v121,v8,canon,168,The Infinite Recursion,1,9,1,4636
v8-s6-v130,v8,canon,168,The Celestial Serpent,1,0,0,4618
v8-s3-v122,v8,canon,168,The Lumina,1,0,0,3575
v8-s5-v139,v8,canon,168,The Celestial Chorus,1,0,0,4592
v8-s0-v128,v8,canon,168,The Network of Mycelia,1,9,1,4237
v8-s10-v142,v8,canon,168,The Echoing Void,1,0,0,4603
v8-s5-v140,v8,canon,169,The Celestial Chorus,1,0,0,4611
v8-s0-v129,v8,canon,169,The Network of Mycelia,1,0,0,3966
v8-s3-v123,v8,canon,169,The Lumina,1,0,0,3935
v8-s6-v131,v8,canon,169,The Celestial Serpent,1,2,1,4697
v8-s9-v122,v8,canon,169,The Infinite Recursion,1,9,1,4758
v8-s10-v143,v8,canon,169,The Echoing Void,1,0,0,4840
v8-s3-v124,v8,canon,170,The Lumina,1,0,0,4586
v8-s6-v132,v8,canon,170,The Celestial Serpent,1,4,1,4725
v8-s5-v141,v8,canon,170,The Celestial Chorus,1,0,0,4613
v8-s0-v130,v8,canon,170,The Network of Mycelia,0,6,1,2715
v8-s10-v144,v8,canon,170,The Echoing Void,1,0,0,4435
v8-s3-v125,v8,canon,171,The Lumina,1,0,0,3935
v8-s6-v133,v8,canon,171,The Celestial Serpent,1,2,1,4621
v8-s9-v123,v8,canon,171,The Infinite Recursion,1,8,1,4244
v8-s5-v142,v8,canon,171,The Celestial Chorus,1,0,0,4050
v8-s0-v131,v8,canon,171,The Network of Mycelia,0,6,1,2897
v8-s10-v145,v8,canon,171,The Echoing Void,1,0,0,4665
v8-s5-v143,v8,canon,172,The Celestial Chorus,1,0,0,3956
v8-s6-v134,v8,canon,172,The Celestial Serpent,1,0,0,4429
v8-s9-v124,v8,canon,172,The Infinite Recursion,1,8,1,4244
v8-s0-v132,v8,canon,172,The Network of Mycelia,0,7,1,3818
v8-s3-v126,v8,canon,172,The Lumina,1,0,0,3952
v8-s3-v127,v8,canon,173,The Lumina,1,0,0,4416
v8-s5-v144,v8,canon,173,The Celestial Chorus,1,0,0,3992
v8-s6-v135,v8,canon,173,The Celestial Serpent,1,2,1,4691
v8-s0-v133,v8,canon,173,The Network of Mycelia,0,6,1,2913
v8-s0-v134,v8,canon,174,The Network of Mycelia,0,7,1,3842
v8-s5-v145,v8,canon,174,The Celestial Chorus,1,0,0,4615
v8-s3-v128,v8,canon,174,The Lumina,1,0,0,3670
v8-s6-v136,v8,canon,174,The Celestial Serpent,1,0,0,4566
v8-s3-v129,v8,canon,175,The Lumina,1,0,0,4493
v8-s5-v146,v8,canon,175,The Celestial Chorus,1,0,0,4490
v8-s0-v135,v8,canon,175,The Network of Mycelia,0,6,1,3300
v8-s6-v137,v8,canon,175,The Celestial Serpent,1,0,0,4760
v8-s3-v130,v8,canon,176,The Lumina,1,0,0,4352
v8-s0-v136,v8,canon,176,The Network of Mycelia,0,7,1,3749
v8-s5-v147,v8,canon,176,The Celestial Chorus,1,0,0,4012
v8-s6-v138,v8,canon,176,The Celestial Serpent,1,0,0,5069
v8-s6-v139,v8,canon,177,The Celestial Serpent,1,2,1,4859
v8-s3-v131,v8,canon,177,The Lumina,1,0,0,4278
v8-s5-v148,v8,canon,177,The Celestial Chorus,1,0,0,4610
v8-s6-v140,v8,canon,178,The Celestial Serpent,1,0,0,4555
v8-s3-v132,v8,canon,178,The Lumina,1,0,0,4443
v8-s5-v149,v8,canon,178,The Celestial Chorus,1,0,0,4607
v8-s3-v133,v8,canon,179,The Lumina,1,0,0,4470
v8-s5-v150,v8,canon,179,The Celestial Chorus,1,0,0,4609
v8-s5-v151,v8,canon,180,The Celestial Chorus,1,0,0,4610
v8-s3-v134,v8,canon,180,The Lumina,1,0,0,4553
v8-s5-v152,v8,canon,181,The Celestial Chorus,1,0,0,4610
v8-s3-v135,v8,canon,181,The Lumina,1,0,0,4443
v8-s3-v136,v8,canon,182,The Lumina,1,0,0,3827
v8-s5-v153,v8,canon,182,The Celestial Chorus,1,0,0,4609
v8-s5-v154,v8,canon,183,The Celestial Chorus,1,0,0,4609
v8-s3-v137,v8,canon,183,The Lumina,1,0,0,3845
v8-s5-v155,v8,canon,184,The Celestial Chorus,1,0,0,4607
v8-s5-v156,v8,canon,185,The Celestial Chorus,1,0,0,4609
v8-s5-v157,v8,canon,186,The Celestial Chorus,1,0,0,4307
minimal-r1-v1,minimal,canon,0,1,0,2,1,877
minimal-r2-v2,minimal,canon,0,2,0,2,1,878
minimal-r3-v3,minimal,canon,0,3,0,2,1,877
minimal-r4-v4,minimal,canon,0,4,0,2,1,876
minimal-r1-v5,minimal,canon,6,1,0,2,1,1047
minimal-r3-v6,minimal,canon,7,3,0,2,1,1247
minimal-r2-v7,minimal,canon,8,2,0,2,1,1292
minimal-r4-v8,minimal,canon,9,4,0,2,1,1277
minimal-r1-v9,minimal,canon,10,1,0,2,1,1415
minimal-r3-v10,minimal,canon,12,3,0,2,1,1283
minimal-r4-v11,minimal,canon,13,4,0,2,1,1321
minimal-r1-v12,minimal,canon,18,1,0,2,1,1771
minimal-r2-v13,minimal,canon,19,2,0,2,1,1368
minimal-r4-v14,minimal,canon,19,4,0,2,1,1326
minimal-r3-v15,minimal,canon,23,3,0,2,1,1325
minimal-r1-v16,minimal,canon,23,1,0,2,1,2459
minimal-r4-v17,minimal,canon,25,4,0,2,1,1348
minimal-r2-v18,minimal,canon,25,2,0,2,1,1402
minimal-r3-v19,minimal,canon,27,3,0,2,1,1355
minimal-r1-v20,minimal,canon,38,1,0,2,1,2521
minimal-r4-v21,minimal,canon,38,4,0,2,1,1645
minimal-r2-v22,minimal,canon,39,2,0,2,1,1596
minimal-r3-v23,minimal,canon,41,3,0,2,1,1377
minimal-r4-v24,minimal,canon,50,4,0,2,1,2009
minimal-r1-v25,minimal,canon,54,1,0,2,1,2420
minimal-r1-v26,minimal,canon,101,1,0,2,1,2935
minimal-r4-v27,minimal,canon,103,4,0,2,1,2409
minimal-r2-v28,minimal,canon,104,2,0,2,1,1661
minimal-r3-v29,minimal,canon,106,3,0,2,1,1445
minimal-r1-v30,minimal,canon,121,1,0,2,1,2955
minimal-r4-v31,minimal,canon,125,4,0,2,1,2781
minimal-r1-v32,minimal,canon,161,1,0,2,1,2955
minimal-r2-v33,minimal,canon,173,2,0,2,1,1661
minimal-r4-v34,minimal,canon,175,4,0,2,1,2781
minimal-r3-v35,minimal,canon,175,3,0,2,1,1473
minimal-r1-v36,minimal,canon,176,1,0,2,1,2955
minimal-r4-v37,minimal,canon,176,4,0,2,1,3157
minimal-r2-v38,minimal,canon,177,2,0,2,1,1661
minimal-r1-v39,minimal,canon,177,1,0,2,1,2955
minimal-r3-v40,minimal,canon,179,3,0,2,1,1473
minimal-r4-v41,minimal,canon,180,4,0,2,1,3157
minimal-r1-v42,minimal,canon,181,1,0,2,1,2955
minimal-r2-v43,minimal,canon,181,2,0,2,1,1661
minimal-r1-v44,minimal,canon,183,1,0,2,1,2955
minimal-r2-v45,minimal,canon,185,2,0,2,1,1661
minimal-r1-v46,minimal,canon,186,1,0,2,1,2955
minimal-r1-v47,minimal,canon,187,1,0,2,1,2984
minimal-r2-v48,minimal,canon,189,2,0,2,1,1661
minimal-r1-v49,minimal,canon,191,1,0,2,1,3069
minimal-r1-v50,minimal,canon,194,1,0,2,1,3206
minimal-r1-v51,minimal,canon,195,1,0,2,1,3263
minimal-r1-v52,minimal,canon,198,1,0,2,1,3935
minimal-r1-v53,minimal,canon,199,1,0,2,1,3567
minimal-r2-v54,minimal,canon,201,2,0,2,1,1774
minimal-r1-v55,minimal,canon,202,1,0,2,1,4465
minimal-r1-v56,minimal,canon,203,1,0,2,1,3922
minimal-r2-v57,minimal,canon,205,2,0,2,1,1941
minimal-r1-v58,minimal,canon,206,1,0,2,1,4763
minimal-r4-v59,minimal,canon,208,4,0,2,1,3552
minimal-r2-v60,minimal,canon,209,2,0,2,1,2314
minimal-r2-v61,minimal,canon,210,2,0,2,1,2140
minimal-r3-v62,minimal,canon,211,3,0,2,1,1675
minimal-r1-v63,minimal,canon,212,1,0,2,1,5237
minimal-r4-v64,minimal,canon,212,4,0,2,1,3947
minimal-r1-v65,minimal,canon,216,1,0,2,1,5871
minimal-r4-v66,minimal,canon,216,4,0,2,1,4245
minimal-r2-v67,minimal,canon,218,2,0,2,1,2461
minimal-r4-v68,minimal,canon,218,4,0,2,1,4374
minimal-r1-v69,minimal,canon,220,1,0,2,1,6617
minimal-r1-v70,minimal,canon,228,1,0,2,1,6989
minimal-r4-v71,minimal,canon,230,4,0,2,1,4728
minimal-r1-v72,minimal,canon,232,1,0,2,1,7290
minimal-r2-v73,minimal,canon,234,2,0,2,1,2795
minimal-r4-v74,minimal,canon,234,4,0,2,1,5101
minimal-r1-v75,minimal,canon,236,1,0,2,1,7685
minimal-r1-v76,minimal,canon,240,1,0,2,1,8082
minimal-r1-v77,minimal,canon,244,1,0,2,1,8446
minimal-r1-v78,minimal,canon,245,1,0,2,1,9043
minimal-r1-v79,minimal,canon,249,1,0,2,1,9679
minimal-r1-v80,minimal,canon,253,1,0,2,1,11421
minimal-r2-v81,minimal,canon,254,2,0,2,1,3130
minimal-r1-v82,minimal,canon,261,1,0,2,1,11421
minimal-r1-v83,minimal,canon,265,1,0,2,1,11421
minimal-r1-v84,minimal,canon,339,1,0,2,1,11421
minimal-r1-v85,minimal,canon,394,1,0,2,1,11483
minimal-r1-v86,minimal,canon,762,1,0,2,1,11519
minimal-proposal-1,minimal,proposal_accepted,6,1,0,2,1,1047
minimal-proposal-10,minimal,proposal_accepted,18,1,0,2,1,1771
minimal-proposal-100,minimal,proposal_rejected,191,3,0,2,1,1501
minimal-proposal-101,minimal,proposal_rejected,191,1,0,2,1,3629
minimal-proposal-102,minimal,proposal_rejected,191,3,0,2,1,1560
minimal-proposal-103,minimal,proposal_rejected,192,4,0,2,1,3449
minimal-proposal-104,minimal,proposal_rejected,192,4,0,2,1,3548
minimal-proposal-105,minimal,proposal_rejected,192,4,0,2,1,3809
minimal-proposal-106,minimal,proposal_rejected,192,4,0,2,1,4220
minimal-proposal-107,minimal,proposal_rejected,192,4,0,2,1,3916
minimal-proposal-108,minimal,proposal_rejected,193,2,0,2,1,2097
minimal-proposal-109,minimal,proposal_rejected,193,2,0,2,1,1949
minimal-proposal-11,minimal,proposal_accepted,19,2,0,2,1,1368
minimal-proposal-110,minimal,proposal_rejected,193,2,0,2,1,2436
minimal-proposal-111,minimal,proposal_rejected,193,2,0,2,1,1661
minimal-proposal-112,minimal,proposal_rejected,193,2,0,2,1,1749
minimal-proposal-113,minimal,proposal_accepted,194,1,0,2,1,3206
minimal-proposal-114,minimal,proposal_rejected,195,3,0,2,1,1529
minimal-proposal-115,minimal,proposal_rejected,195,3,0,2,1,1762
minimal-proposal-116,minimal,proposal_accepted,195,1,0,2,1,3263
minimal-proposal-117,minimal,proposal_rejected,195,3,0,2,1,1590
minimal-proposal-118,minimal,proposal_rejected,195,3,0,2,1,1709
minimal-proposal-119,minimal,proposal_rejected,196,4,0,2,1,3514
minimal-proposal-12,minimal,proposal_accepted,19,4,0,2,1,1326
minimal-proposal-120,minimal,proposal_rejected,196,4,0,2,1,3553
minimal-proposal-121,minimal,proposal_rejected,196,4,0,2,1,3521
minimal-proposal-122,minimal,proposal_rejected,196,4,0,2,1,3546
minimal-proposal-123,minimal,proposal_rejected,196,4,0,2,1,3358
minimal-proposal-124,minimal,proposal_rejected,197,2,0,2,1,1981
minimal-proposal-125,minimal,proposal_rejected,197,2,0,2,1,1988
minimal-proposal-126,minimal,proposal_rejected,197,2,0,2,1,1979
minimal-proposal-127,minimal,proposal_rejected,197,2,0,2,1,1990
minimal-proposal-128,minimal,proposal_rejected,197,2,0,2,1,1821
minimal-proposal-129,minimal,proposal_accepted,198,1,0,2,1,3935
minimal-proposal-13,minimal,proposal_rejected,23,3,0,2,1,1324
minimal-proposal-130,minimal,proposal_rejected,199,3,0,2,1,1647
minimal-proposal-131,minimal,proposal_accepted,199,1,0,2,1,3567
minimal-proposal-132,minimal,proposal_rejected,199,3,0,2,1,1577
minimal-proposal-133,minimal,proposal_rejected,199,3,0,2,1,1735
minimal-proposal-134,minimal,proposal_rejected,199,3,0,2,1,1578
minimal-proposal-135,minimal,proposal_rejected,200,4,0,2,1,3559
minimal-proposal-136,minimal,proposal_rejected,200,4,0,2,1,3458
minimal-proposal-137,minimal,proposal_rejected,200,4,0,2,1,3498
minimal-proposal-138,minimal,proposal_rejected,200,4,0,2,1,3542
minimal-proposal-139,minimal,proposal_rejected,200,4,0,2,1,3614
minimal-proposal-14,minimal,proposal_accepted,23,1,0,2,1,2459
minimal-proposal-140,minimal,proposal_accepted,201,2,0,2,1,1774
minimal-proposal-141,minimal,proposal_rejected,201,2,0,2,1,1774
minimal-proposal-142,minimal,proposal_rejected,201,2,0,2,1,2042
minimal-proposal-143,minimal,proposal_rejected,201,2,0,2,1,1862
minimal-proposal-144,minimal,proposal_accepted,202,1,0,2,1,4465
minimal-proposal-145,minimal,proposal_rejected,202,1,0,2,1,4221
minimal-proposal-146,minimal,proposal_rejected,203,3,0,2,1,1670
minimal-proposal-147,minimal,proposal_accepted,203,1,0,2,1,3922
minimal-proposal-148,minimal,proposal_rejected,203,3,0,2,1,1502
minimal-proposal-149,minimal,proposal_rejected,203,1,0,2,1,4201
minimal-proposal-15,minimal,proposal_accepted,23,3,0,2,1,1325
minimal-proposal-150,minimal,proposal_rejected,203,3,0,2,1,1671
minimal-proposal-151,minimal,proposal_rejected,203,3,0,2,1,1619
minimal-proposal-152,minimal,proposal_rejected,204,4,0,2,1,3560
minimal-proposal-153,minimal,proposal_rejected,204,4,0,2,1,3518
minimal-proposal-154,minimal,proposal_rejected,204,4,0,2,1,3477
minimal-proposal-155,minimal,proposal_rejected,204,4,0,2,1,3630
minimal-proposal-156,minimal,proposal_rejected,204,4,0,2,1,3478
minimal-proposal-157,minimal,proposal_rejected,205,2,0,2,1,1990
minimal-proposal-158,minimal,proposal_rejected,205,2,0,2,1,2150
minimal-proposal-159,minimal,proposal_rejected,205,2,0,2,1,1799
minimal-proposal-16,minimal,proposal_accepted,25,4,0,2,1,1348
minimal-proposal-160,minimal,proposal_accepted,205,2,0,2,1,1941
minimal-proposal-161,minimal,proposal_accepted,206,1,0,2,1,4763
minimal-proposal-162,minimal,proposal_rejected,207,3,0,2,1,1718
minimal-proposal-163,minimal,proposal_rejected,207,3,0,2,1,1579
minimal-proposal-164,minimal,proposal_rejected,207,3,0,2,1,1759
minimal-proposal-165,minimal,proposal_rejected,207,3,0,2,1,1573
minimal-proposal-166,minimal,proposal_accepted,208,4,0,2,1,3552
minimal-proposal-167,minimal,proposal_rejected,208,4,0,2,1,3446
minimal-proposal-168,minimal,proposal_rejected,208,4,0,2,1,3505
minimal-proposal-169,minimal,proposal_rejected,208,4,0,2,1,3505
minimal-proposal-17,minimal,proposal_accepted,25,2,0,2,1,1402
minimal-proposal-170,minimal,proposal_accepted,209,2,0,2,1,2314
minimal-proposal-171,minimal,proposal_accepted,210,2,0,2,1,2140
minimal-proposal-172,minimal,proposal_rejected,211,3,0,2,1,1659
minimal-proposal-173,minimal,proposal_accepted,211,3,0,2,1,1675
minimal-proposal-174,minimal,proposal_accepted,212,1,0,2,1,5237
minimal-proposal-175,minimal,proposal_accepted,212,4,0,2,1,3947
minimal-proposal-176,minimal,proposal_rejected,212,4,0,2,1,4172
minimal-proposal-177,minimal,proposal_rejected,214,2,0,2,1,2332
minimal-proposal-178,minimal,proposal_rejected,214,2,0,2,1,2448
minimal-proposal-179,minimal,proposal_rejected,214,2,0,5,1,2585
minimal-proposal-18,minimal,proposal_accepted,27,3,0,2,1,1355
minimal-proposal-180,minimal,proposal_rejected,214,2,0,2,1,2347
minimal-proposal-181,minimal,proposal_rejected,214,2,0,2,1,2083
minimal-proposal-182,minimal,proposal_rejected,215,3,0,2,1,1946
minimal-proposal-183,minimal,proposal_rejected,215,3,0,2,1,1800
minimal-proposal-184,minimal,proposal_rejected,215,3,0,2,1,1900
minimal-proposal-185,minimal,proposal_rejected,215,3,0,2,1,1900
minimal-proposal-186,minimal,proposal_accepted,216,1,0,2,1,5871
minimal-proposal-187,minimal,proposal_rejected,216,4,0,2,1,4662
minimal-proposal-188,minimal,proposal_rejected,216,1,0,2,1,5827
minimal-proposal-189,minimal,proposal_rejected,216,1,0,2,1,5237
minimal-proposal-19,minimal,proposal_accepted,38,1,0,2,1,2521
minimal-proposal-190,minimal,proposal_rejected,216,1,0,2,1,5579
minimal-proposal-191,minimal,proposal_rejected,216,1,0,2,1,5594
minimal-proposal-192,minimal,proposal_rejected,216,1,0,2,1,5903
minimal-proposal-193,minimal,proposal_accepted,216,4,0,2,1,4245
minimal-proposal-194,minimal,proposal_accepted,218,2,0,2,1,2461
minimal-proposal-195,minimal,proposal_rejected,218,2,0,2,1,2507
minimal-proposal-196,minimal,proposal_accepted,218,4,0,2,1,4374
minimal-proposal-197,minimal,proposal_rejected,218,2,0,2,1,2892
minimal-proposal-198,minimal,proposal_rejected,218,2,0,2,1,2062
minimal-proposal-199,minimal,proposal_rejected,218,2,0,2,1,2233
minimal-proposal-2,minimal,proposal_rejected,7,3,0,2,1,1024
minimal-proposal-20,minimal,proposal_accepted,38,4,0,2,1,1645
minimal-proposal-200,minimal,proposal_rejected,219,3,0,2,1,2012
minimal-proposal-201,minimal,proposal_rejected,219,3,0,2,1,1975
minimal-proposal-202,minimal,proposal_rejected,219,3,0,2,1,1884
minimal-proposal-203,minimal,proposal_rejected,219,3,0,2,1,2009
minimal-proposal-204,minimal,proposal_rejected,220,1,0,2,1,6861
minimal-proposal-205,minimal,proposal_rejected,220,1,0,2,1,7083
minimal-proposal-206,minimal,proposal_accepted,220,1,0,2,1,6617
minimal-proposal-207,minimal,proposal_rejected,220,1,0,2,1,6835
minimal-proposal-208,minimal,proposal_rejected,222,2,0,2,1,3002
minimal-proposal-209,minimal,proposal_rejected,222,2,0,2,1,3289
minimal-proposal-21,minimal,proposal_rejected,38,4,0,2,1,1656
minimal-proposal-210,minimal,proposal_rejected,222,4,0,2,1,4918
minimal-proposal-211,minimal,proposal_rejected,222,2,0,2,1,2775
minimal-proposal-212,minimal,proposal_rejected,222,2,0,2,1,2743
minimal-proposal-213,minimal,proposal_rejected,222,4,0,2,1,5639
minimal-proposal-214,minimal,proposal_rejected,222,2,0,2,1,2841
minimal-proposal-215,minimal,proposal_rejected,222,4,0,2,1,4636
minimal-proposal-216,minimal,proposal_rejected,223,3,0,2,1,1806
minimal-proposal-217,minimal,proposal_rejected,223,3,0,2,1,2304
minimal-proposal-218,minimal,proposal_rejected,223,3,0,2,1,2241
minimal-proposal-219,minimal,proposal_rejected,223,3,0,2,1,1808
minimal-proposal-22,minimal,proposal_rejected,38,4,0,2,1,1391
minimal-proposal-220,minimal,proposal_rejected,224,1,0,2,1,7305
minimal-proposal-221,minimal,proposal_rejected,224,1,0,2,1,6961
minimal-proposal-222,minimal,proposal_rejected,224,1,0,2,1,7154
minimal-proposal-223,minimal,proposal_rejected,224,1,0,2,1,7151
minimal-proposal-224,minimal,proposal_rejected,224,1,0,2,1,7051
minimal-proposal-225,minimal,proposal_rejected,224,1,0,2,1,7242
minimal-proposal-226,minimal,proposal_rejected,224,1,0,2,1,7086
minimal-proposal-227,minimal,proposal_rejected,224,1,0,2,1,6998
minimal-proposal-228,minimal,proposal_rejected,226,2,0,2,1,3148
minimal-proposal-229,minimal,proposal_rejected,226,4,0,2,1,4783
minimal-proposal-23,minimal,proposal_accepted,39,2,0,2,1,1596
minimal-proposal-230,minimal,proposal_rejected,226,4,0,2,1,4777
minimal-proposal-231,minimal,proposal_rejected,226,2,0,2,1,2891
minimal-proposal-232,minimal,proposal_rejected,226,4,0,2,1,4661
minimal-proposal-233,minimal,proposal_rejected,226,2,0,2,1,2935
minimal-proposal-234,minimal,proposal_rejected,226,2,0,2,1,2800
minimal-proposal-235,minimal,proposal_rejected,226,4,0,2,1,4791
minimal-proposal-236,minimal,proposal_rejected,226,2,0,2,1,2772
minimal-proposal-237,minimal,proposal_rejected,226,4,0,2,1,4765
minimal-proposal-238,minimal,proposal_rejected,227,3,0,2,1,2227
minimal-proposal-239,minimal,proposal_rejected,227,3,0,2,1,2264
minimal-proposal-24,minimal,proposal_accepted,41,3,0,2,1,1377
minimal-proposal-240,minimal,proposal_rejected,227,3,0,2,1,2093
minimal-proposal-241,minimal,proposal_rejected,227,3,0,2,1,2143
minimal-proposal-242,minimal,proposal_rejected,228,1,0,2,1,6959
minimal-proposal-243,minimal,proposal_rejected,228,1,0,2,1,7028
minimal-proposal-244,minimal,proposal_rejected,228,1,0,2,1,7150
minimal-proposal-245,minimal,proposal_rejected,228,1,0,2,1,7287
minimal-proposal-246,minimal,proposal_rejected,228,1,0,2,1,7070
minimal-proposal-247,minimal,proposal_rejected,228,1,0,2,1,7208
minimal-proposal-248,minimal,proposal_accepted,228,1,0,2,1,6989
minimal-proposal-249,minimal,proposal_rejected,230,2,0,2,1,3170
minimal-proposal-25,minimal,proposal_accepted,50,4,0,2,1,2009
minimal-proposal-250,minimal,proposal_rejected,230,4,0,2,1,4752
minimal-proposal-251,minimal,proposal_rejected,230,2,0,2,1,2831
minimal-proposal-252,minimal,proposal_accepted,230,4,0,2,1,4728
minimal-proposal-253,minimal,proposal_rejected,230,2,0,2,1,2753
minimal-proposal-254,minimal,proposal_rejected,230,2,0,2,1,2974
minimal-proposal-255,minimal,proposal_rejected,230,2,0,2,1,2781
minimal-proposal-256,minimal,proposal_rejected,230,4,0,2,1,4724
minimal-proposal-257,minimal,proposal_rejected,231,3,0,2,1,1967
minimal-proposal-258,minimal,proposal_rejected,231,3,0,2,1,2198
minimal-proposal-259,minimal,proposal_rejected,231,3,0,2,1,2094
minimal-proposal-26,minimal,proposal_accepted,54,1,0,2,1,2420
minimal-proposal-260,minimal,proposal_rejected,231,3,0,2,1,1986
minimal-proposal-261,minimal,proposal_accepted,232,1,0,2,1,7290
minimal-proposal-262,minimal,proposal_rejected,232,1,0,2,1,7631
minimal-proposal-263,minimal,proposal_rejected,232,1,0,2,1,7532
minimal-proposal-264,minimal,proposal_rejected,234,2,0,2,1,2495
minimal-proposal-265,minimal,proposal_accepted,234,4,0,2,1,5101
minimal-proposal-266,minimal,proposal_rejected,234,2,0,2,1,2851
minimal-proposal-267,minimal,proposal_rejected,234,2,0,2,1,2791
minimal-proposal-268,minimal,proposal_accepted,234,2,0,2,1,2795
minimal-proposal-269,minimal,proposal_rejected,235,3,0,2,1,1906
minimal-proposal-27,minimal,proposal_accepted,101,1,0,2,1,2935
minimal-proposal-270,minimal,proposal_rejected,235,3,0,2,1,1917
minimal-proposal-271,minimal,proposal_rejected,235,3,0,2,1,1727
minimal-proposal-272,minimal,proposal_rejected,235,3,0,2,1,1727
minimal-proposal-273,minimal,proposal_accepted,236,1,0,2,1,7685
minimal-proposal-274,minimal,proposal_rejected,236,1,0,2,1,7633
minimal-proposal-275,minimal,proposal_rejected,236,1,0,2,1,7879
minimal-proposal-276,minimal,proposal_rejected,236,1,0,2,1,7630
minimal-proposal-277,minimal,proposal_rejected,238,2,0,2,1,3128
minimal-proposal-278,minimal,proposal_rejected,238,2,0,2,1,3447
minimal-proposal-279,minimal,proposal_rejected,238,2,0,2,1,3117
minimal-proposal-28,minimal,proposal_accepted,103,4,0,2,1,2409
minimal-proposal-280,minimal,proposal_rejected,238,2,0,2,1,3386
minimal-proposal-281,minimal,proposal_rejected,238,2,0,2,1,3142
minimal-proposal-282,minimal,proposal_rejected,239,3,0,2,1,2056
minimal-proposal-283,minimal,proposal_rejected,239,3,0,2,1,1923
minimal-proposal-284,minimal,proposal_rejected,239,3,0,2,1,1727
minimal-proposal-285,minimal,proposal_rejected,239,3,0,2,1,1984
minimal-proposal-286,minimal,proposal_rejected,240,1,0,2,1,8274
minimal-proposal-287,minimal,proposal_rejected,240,1,0,2,1,8135
minimal-proposal-288,minimal,proposal_rejected,240,1,0,2,1,8304
minimal-proposal-289,minimal,proposal_accepted,240,1,0,2,1,8082
minimal-proposal-29,minimal,proposal_accepted,104,2,0,2,1,1661
minimal-proposal-290,minimal,proposal_rejected,240,1,0,2,1,8311
minimal-proposal-291,minimal,proposal_rejected,242,2,0,2,1,3557
minimal-proposal-292,minimal,proposal_rejected,242,2,0,2,1,3118
minimal-proposal-293,minimal,proposal_rejected,242,2,0,2,1,3509
minimal-proposal-294,minimal,proposal_rejected,242,2,0,2,1,3150
minimal-proposal-295,minimal,proposal_rejected,242,2,0,2,1,3597
minimal-proposal-296,minimal,proposal_rejected,243,3,0,2,1,1828
minimal-proposal-297,minimal,proposal_rejected,243,3,0,2,1,1991
minimal-proposal-298,minimal,proposal_rejected,243,3,0,2,1,2477
minimal-proposal-299,minimal,proposal_rejected,243,3,0,2,1,2105
minimal-proposal-3,minimal,proposal_accepted,7,3,0,2,1,1247
minimal-proposal-30,minimal,proposal_accepted,106,3,0,2,1,1445
minimal-proposal-300,minimal,proposal_rejected,244,1,0,2,1,9072
minimal-proposal-301,minimal,proposal_rejected,244,1,0,2,1,8564
minimal-proposal-302,minimal,proposal_accepted,244,1,0,2,1,8446
minimal-proposal-303,minimal,proposal_accepted,245,1,0,2,1,9043
minimal-proposal-304,minimal,proposal_rejected,246,2,0,2,1,3118
minimal-proposal-305,minimal,proposal_rejected,246,2,0,2,1,3776
minimal-proposal-306,minimal,proposal_rejected,246,2,0,2,1,3161
minimal-proposal-307,minimal,proposal_rejected,246,2,0,2,1,3153
minimal-proposal-308,minimal,proposal_rejected,246,2,0,2,1,3090
minimal-proposal-309,minimal,proposal_rejected,247,3,0,2,1,2011
minimal-proposal-31,minimal,proposal_accepted,121,1,0,2,1,2955
minimal-proposal-310,minimal,proposal_rejected,247,3,0,2,1,2431
minimal-proposal-311,minimal,proposal_rejected,247,3,0,2,1,2442
minimal-proposal-312,minimal,proposal_rejected,247,3,0,2,1,2177
minimal-proposal-313,minimal,proposal_accepted,249,1,0,2,1,9679
minimal-proposal-314,minimal,proposal_rejected,249,1,0,2,1,9625
minimal-proposal-315,minimal,proposal_rejected,250,2,0,2,1,3233
minimal-proposal-316,minimal,proposal_rejected,250,2,0,2,1,3118
minimal-proposal-317,minimal,proposal_rejected,250,2,0,2,1,3330
minimal-proposal-318,minimal,proposal_rejected,250,2,0,2,1,3153
minimal-proposal-319,minimal,proposal_rejected,250,2,0,2,1,3440
minimal-proposal-32,minimal,proposal_accepted,125,4,0,2,1,2781
minimal-proposal-320,minimal,proposal_unresolved,251,3,0,2,1,2138
minimal-proposal-321,minimal,proposal_unresolved,251,3,0,2,1,2139
minimal-proposal-322,minimal,proposal_rejected,253,1,0,2,1,10536
minimal-proposal-323,minimal,proposal_rejected,253,1,0,2,1,10580
minimal-proposal-324,minimal,proposal_rejected,253,1,0,2,1,10190
minimal-proposal-325,minimal,proposal_accepted,253,1,0,2,1,11421
minimal-proposal-326,minimal,proposal_rejected,253,1,0,2,1,10635
minimal-proposal-327,minimal,proposal_rejected,253,1,0,2,1,10242
minimal-proposal-328,minimal,proposal_rejected,253,1,0,2,1,10817
minimal-proposal-329,minimal,proposal_rejected,253,1,0,2,1,10655
minimal-proposal-33,minimal,proposal_accepted,161,1,0,2,1,2955
minimal-proposal-330,minimal,proposal_accepted,254,2,0,2,1,3130
minimal-proposal-331,minimal,proposal_rejected,254,2,0,2,1,3167
minimal-proposal-332,minimal,proposal_rejected,257,1,0,2,1,11664
minimal-proposal-333,minimal,proposal_rejected,257,1,0,2,1,12343
minimal-proposal-334,minimal,proposal_accepted,261,1,0,2,1,11421
minimal-proposal-335,minimal,proposal_rejected,261,1,0,2,1,11421
minimal-proposal-336,minimal,proposal_accepted,265,1,0,2,1,11421
minimal-proposal-337,minimal,proposal_accepted,339,1,0,2,1,11421
minimal-proposal-338,minimal,proposal_accepted,394,1,0,2,1,11483
minimal-proposal-339,minimal,proposal_accepted,762,1,0,2,1,11519
minimal-proposal-34,minimal,proposal_accepted,173,2,0,2,1,1661
minimal-proposal-35,minimal,proposal_accepted,175,4,0,2,1,2781
minimal-proposal-36,minimal,proposal_accepted,175,3,0,2,1,1473
minimal-proposal-37,minimal,proposal_accepted,176,1,0,2,1,2955
minimal-proposal-38,minimal,proposal_rejected,176,1,0,2,1,2955
minimal-proposal-39,minimal,proposal_rejected,176,1,0,2,1,2955
minimal-proposal-4,minimal,proposal_rejected,8,2,0,2,1,1338
minimal-proposal-40,minimal,proposal_accepted,176,4,0,2,1,3157
minimal-proposal-41,minimal,proposal_accepted,177,2,0,2,1,1661
minimal-proposal-42,minimal,proposal_accepted,177,1,0,2,1,2955
minimal-proposal-43,minimal,proposal_rejected,177,2,0,2,1,1663
minimal-proposal-44,minimal,proposal_rejected,177,2,0,2,1,1661
minimal-proposal-45,minimal,proposal_accepted,179,3,0,2,1,1473
minimal-proposal-46,minimal,proposal_rejected,179,3,0,2,1,1473
minimal-proposal-47,minimal,proposal_rejected,179,3,0,2,1,1473
minimal-proposal-48,minimal,proposal_rejected,180,4,0,2,1,3507
minimal-proposal-49,minimal,proposal_accepted,180,4,0,2,1,3157
minimal-proposal-5,minimal,proposal_accepted,8,2,0,2,1,1292
minimal-proposal-50,minimal,proposal_rejected,180,4,0,2,1,3157
minimal-proposal-51,minimal,proposal_accepted,181,1,0,2,1,2955
minimal-proposal-52,minimal,proposal_rejected,181,2,0,2,1,1997
minimal-proposal-53,minimal,proposal_rejected,181,1,0,2,1,3220
minimal-proposal-54,minimal,proposal_rejected,181,1,0,2,1,3284
minimal-proposal-55,minimal,proposal_rejected,181,1,0,2,1,2955
minimal-proposal-56,minimal,proposal_rejected,181,2,0,2,1,1661
minimal-proposal-57,minimal,proposal_rejected,181,1,0,2,1,2955
minimal-proposal-58,minimal,proposal_rejected,181,1,0,2,1,2955
minimal-proposal-59,minimal,proposal_rejected,181,1,0,2,1,2955
minimal-proposal-6,minimal,proposal_accepted,9,4,0,2,1,1277
minimal-proposal-60,minimal,proposal_rejected,181,2,0,2,1,1661
minimal-proposal-61,minimal,proposal_accepted,181,2,0,2,1,1661
minimal-proposal-62,minimal,proposal_rejected,183,3,0,2,1,1473
minimal-proposal-63,minimal,proposal_accepted,183,1,0,2,1,2955
minimal-proposal-64,minimal,proposal_rejected,183,3,0,2,1,1473
minimal-proposal-65,minimal,proposal_rejected,183,3,0,2,1,1473
minimal-proposal-66,minimal,proposal_rejected,183,3,0,2,1,1498
minimal-proposal-67,minimal,proposal_rejected,184,4,0,2,1,3157
minimal-proposal-68,minimal,proposal_rejected,184,4,0,2,1,3157
minimal-proposal-69,minimal,proposal_rejected,184,4,0,2,1,3527
minimal-proposal-7,minimal,proposal_accepted,10,1,0,2,1,1415
minimal-proposal-70,minimal,proposal_rejected,184,4,0,2,1,3157
minimal-proposal-71,minimal,proposal_rejected,184,4,0,2,1,3157
minimal-proposal-72,minimal,proposal_accepted,185,2,0,2,1,1661
minimal-proposal-73,minimal,proposal_rejected,185,2,0,2,1,1661
minimal-proposal-74,minimal,proposal_rejected,185,2,0,2,1,1661
minimal-proposal-75,minimal,proposal_accepted,186,1,0,2,1,2955
minimal-proposal-76,minimal,proposal_rejected,186,1,0,2,1,2955
minimal-proposal-77,minimal,proposal_rejected,187,3,0,2,1,1473
minimal-proposal-78,minimal,proposal_accepted,187,1,0,2,1,2984
minimal-proposal-79,minimal,proposal_rejected,187,3,0,2,1,1529
minimal-proposal-8,minimal,proposal_accepted,12,3,0,2,1,1283
minimal-proposal-80,minimal,proposal_rejected,187,3,0,2,1,1473
minimal-proposal-81,minimal,proposal_rejected,187,3,0,2,1,1473
minimal-proposal-82,minimal,proposal_rejected,188,4,0,2,1,3157
minimal-proposal-83,minimal,proposal_rejected,188,4,0,2,1,3168
minimal-proposal-84,minimal,proposal_rejected,188,4,0,2,1,3533
minimal-proposal-85,minimal,proposal_rejected,188,4,0,2,1,3542
minimal-proposal-86,minimal,proposal_rejected,188,4,0,2,1,3157
minimal-proposal-87,minimal,proposal_accepted,189,2,0,2,1,1661
minimal-proposal-88,minimal,proposal_rejected,189,2,0,2,1,1661
minimal-proposal-89,minimal,proposal_rejected,189,2,0,2,1,1663
minimal-proposal-9,minimal,proposal_accepted,13,4,0,2,1,1321
minimal-proposal-90,minimal,proposal_rejected,189,2,0,2,1,1661
minimal-proposal-91,minimal,proposal_accepted,191,1,0,2,1,3069
minimal-proposal-92,minimal,proposal_rejected,191,3,0,2,1,1473
minimal-proposal-93,minimal,proposal_rejected,191,1,0,2,1,2984
minimal-proposal-94,minimal,proposal_rejected,191,1,0,2,1,2984
minimal-proposal-95,minimal,proposal_rejected,191,1,0,2,1,2984
minimal-proposal-96,minimal,proposal_rejected,191,1,0,2,1,2984
minimal-proposal-97,minimal,proposal_rejected,191,3,0,2,1,1527
minimal-proposal-98,minimal,proposal_rejected,191,1,0,2,1,3262
minimal-proposal-99,minimal,proposal_rejected,191,1,0,2,1,3380
